"Période";"Tarif d'une tonne de propane en citerne";"Prix au détail de 100 kWh PCI de propane en citerne";"Prix d'une tonne de propane";"Prix au détail de 100 kWh PCS de propane";"Prix au détail de 100 kWh PCI de propane";"Prix au détail d'une bouteille de butane de 13 kg";"Prix au détail de 100 litres de FOD au tarif C1";"Prix au détail de 10 kWh PCI de FOD au tarif C1";"Prix au détail d'un litre d'essence ordinaire";"Prix au détail d'un litre de super carburant ARS";"Prix au détail d'un litre de super sans plomb 95";"Prix au détail d'un litre de super sans plomb 98";"Prix au détail d'un litre de gazole";"Prix au détail d'un litre de GPLc";"Prix au détail d'un litre de super sans plomb 95-E10";"Prix au détail d'un litre de superéthanol E85"
"PERIODE";"PX_PETRO_PROPANE_CITERNE_TONNE";"PX_PETRO_PROPANE_CITERNE_100KWH";"PX_PETRO_PROPANE_TONNE";"PX_PETRO_PROPANE_PCS_100KWH";"PX_PETRO_PROPANE_PCI_100KWH";"PX_PETRO_BUTANE_BOUTEILLE13KG";"PX_PETRO_FOD_100L_C1";"PX_PETRO_FOD_100KWH_C1";"PX_PETRO_ESS_LITRE";"PX_PETRO_SUPER_ARS_LITRE";"PX_PETRO_SP95_LITRE";"PX_PETRO_SP98_LITRE";"PX_PETRO_GAZOLE_LITRE";"PX_PETRO_GPLC_LITRE";"PX_PETRO_SP95_E10_LITRE";"PX_PETRO_SUPERETHANOL_E85_LITRE"
"2023-03";;;;;;;128.824;12.9968;;;1.9145;1.9745;1.8188;0.9821;1.8861;1.1201
"2020-11";;;1851.0749;13.4136;14.4842;;70.7;7.1328;;;1.328;1.392;1.216;0.839;1.3117;0.6495
"2023-02";;;1901.1052;13.7761;14.8756;41.13;130.955;13.2118;;;1.9096;1.969;1.8409;0.9735;1.8797;1.1188
"2021-09";;;2082.5521;15.091;16.2954;35.43;91.3525;9.2164;;;1.5827;1.6443;1.4477;0.853;1.5574;0.6746
"2022-12";;;2052.8569;14.8758;16.0631;40.28;133.872;13.5061;;;1.6842;1.74;1.7622;0.8846;1.6421;0.8785
"2021-08";;;1808.0997;13.1022;14.1479;35.15;89.1025;8.9894;;;1.58;1.643;1.4321;0.8582;1.5565;0.6773
"2019-10";;;1910.1409;13.8416;14.9463;34.67;92.8;9.3624;;;1.5;1.561;1.441;0.859;;
"2022-05";;;2051.7095;14.8675;16.0541;37.72;151.89;15.3239;;;1.9233;1.9827;1.8756;0.8374;1.8856;0.7736
"2022-08";;;2092.8207;15.1654;16.3758;39.24;151.8825;15.3231;;;1.7915;1.8541;1.8545;0.8651;1.75;0.8063
"2021-12";;;1967.5411;14.2576;15.3955;36.45;101.18;10.2078;;;1.6291;1.692;1.5268;0.8904;1.5969;0.7004
"2023-01";;;2036.2491;14.7554;15.9331;40.71;136.635;13.7848;;;1.8858;1.9476;1.9108;0.9693;1.864;1.103
"2022-03";;;2000.4372;14.4959;15.6529;37.33;161.915;16.3353;;;1.9873;2.0434;2.029;0.9403;1.9501;0.8923
"2020-07";;;1866.1941;13.5232;14.6025;34.96;73.6;7.4254;;;1.339;1.404;1.239;0.852;1.3296;0.6525
"2018-12";;;1893.2415;13.7191;14.8141;33.92;90.5;9.1304;;;1.423;1.489;1.414;0.843;;
"2022-02";;;1927.8369;13.9698;15.0848;37.16;118.45;11.9502;;;1.788;1.8474;1.7079;0.9036;1.7609;0.7622
"2021-02";;;1881.1189;13.6313;14.7192;34.87;83.1;8.3838;;;1.457;1.511;1.35;0.835;1.4366;0.6644
"2018-04";;;1840.1891;13.3347;14.399;32.49;87.2;8.7974;;;1.489;1.554;1.402;0.804;;
"2022-07";;;2063.9212;14.956;16.1496;38.96;160.472;16.1897;;;1.9762;2.0384;1.9682;0.8547;1.9279;0.8419
"2020-04";;;1896.2243;13.7408;14.8374;;73.9;7.4556;;;1.267;1.339;1.215;0.844;1.2548;0.6636
"2019-02";;;1921.5998;13.9246;15.036;34.13;93.2;9.4028;;;1.442;1.503;1.431;0.841;;
"2022-09";;;1986.5249;14.3951;15.544;39.58;153.264;15.4625;;;1.5727;1.6103;1.7172;0.749;1.5088;0.6702
"2020-09";;;1864.0596;13.5077;14.5858;34.77;69.3;6.9915;;;1.33;1.395;1.205;0.841;1.315;0.6522
"2019-03";;;1889.3411;13.6909;14.7836;34.35;94.7;9.5541;;;1.49;1.547;1.46;0.845;;
"2020-06";;;1835.1366;13.2981;14.3594;;74.7;7.5363;;;1.315;1.371;1.212;0.838;1.2986;0.6587
"2022-01";;;1960.2667;14.2048;15.3386;36.86;110.0325;11.101;;;1.7151;1.7762;1.6335;0.8993;1.6903;0.75
"2021-11";;;1909.1957;13.8348;14.9389;35.66;105.225;10.6159;;;1.6599;1.723;1.5541;0.8808;1.6314;0.698
"2021-10";;;1918.9144;13.9052;15.015;35.36;103.196;10.4112;;;1.6405;1.7028;1.5401;0.8651;1.6141;0.6882
"2018-11";;;1892.4879;13.7137;14.8082;33.81;97.3;9.8164;;;1.471;1.538;1.47;0.839;;
"2018-02";;;1776.9197;12.8762;13.9039;32.21;85.4;8.6158;;;1.468;1.534;1.378;0.811;;
"2018-10";;;1882.8633;13.6439;14.7329;33.48;101.2;10.2099;;;1.56;1.626;1.522;0.836;;
"2020-02";;;1867.609;13.5334;14.6135;34.85;88.1;8.8882;;;1.493;1.556;1.399;0.856;1.4699;0.6736
"2020-01";;;1849.2064;13.4001;14.4695;34.81;94.9;9.5743;;;1.535;1.597;1.47;0.854;1.5134;0.6755
"2019-12";;;1850.3367;13.4082;14.4784;34.76;95.8;9.6651;;;1.523;1.588;1.462;0.853;;
"2019-04";;;1906.1401;13.8126;14.915;34.51;95.3;9.6146;;;1.564;1.623;1.47;0.855;;
"2021-05";;;1886.6555;13.6714;14.7626;34.95;86;8.6764;;;1.525;1.588;1.391;0.843;1.504;0.6714
"2019-08";;;1917.2404;13.8931;15.0019;34.66;90.6;9.1405;;;1.501;1.568;1.415;0.868;;
"2018-08";;;1863.6048;13.5044;14.5822;33.15;91.6;9.2413;;;1.546;1.612;1.451;0.826;;
"2022-10";;;2073.5001;15.0254;16.2246;39.9;166.1425;16.7618;;;1.6871;1.7183;1.8744;0.7464;1.6232;0.7597
"2022-04";;;1988.6047;14.4102;15.5603;37.43;151.836;15.3184;;;1.7996;1.8543;1.8561;0.8208;1.754;0.757
"2020-12";;;1872.4482;13.5685;14.6514;;74.8;7.5464;;;1.354;1.413;1.257;0.835;1.3349;0.6448
"2017-12";;;1747.3685;12.6621;13.6727;31.95;79.8;8.0509;;;1.404;1.473;1.278;0.766;;
"2022-06";;;2111.1246;15.298;16.519;38.16;168.7425;17.0241;;;2.112;2.1761;2.0739;0.8349;2.0713;0.8383
"2018-03";;;1804.5128;13.0762;14.1198;32.24;85.2;8.5957;;;1.459;1.524;1.372;0.81;;
"2018-01";;;1779.9084;12.8979;13.9273;32.12;87.2;8.7974;;;1.474;1.541;1.396;0.811;;
"2020-05";;;1865.2747;13.5165;14.5953;;73.4;7.4052;;;1.251;1.311;1.169;0.837;1.2342;0.6594
"2019-11";;;1867.8935;13.5355;14.6158;34.66;93.1;9.3927;;;1.51;1.569;1.442;0.853;;
"2019-06";;;1915.6627;13.8816;14.9895;34.49;90.3;9.1102;;;1.519;1.587;1.419;0.868;;
"2021-06";;;1809.2635;13.1106;14.157;34.74;87.3;8.8075;;;1.536;1.598;1.415;0.846;1.5155;0.6732
"2021-03";;;1887.3258;13.6763;14.7678;34.82;85.5;8.6259;;;1.509;1.568;1.384;0.839;1.4885;0.6702
"2020-08";;;1853.678;13.4325;14.5045;34.92;72;7.2639;;;1.332;1.4;1.234;0.853;1.3216;0.649
"2020-03";;;1882.0582;13.6381;14.7266;34.88;80;8.071;;;1.375;1.447;1.29;0.85;1.3574;0.6684
"2018-09";;;1818.0754;13.1745;14.2259;33.49;94.6;9.544;;;1.556;1.621;1.479;0.829;;
"2022-11";;;2032.3137;14.7269;15.9023;40.15;148.38;14.9698;;;1.7261;1.7726;1.8502;0.8136;1.6765;0.854
"2021-07";;;1899.858;13.7671;14.8659;35.07;89.956;9.0755;;;1.5745;1.6362;1.4395;0.8509;1.5508;0.672
"2021-01";;;1859.8505;13.4772;14.5528;34.9;78.2;7.8894;;;1.405;1.461;1.299;0.836;1.388;0.657
"2020-10";;;1874.3926;13.5826;14.6666;34.98;69.3;6.9915;;;1.332;1.394;1.202;0.84;1.3128;0.6479
"2019-09";;;1957.3797;14.1839;15.316;34.51;93.6;9.4431;;;1.497;1.561;1.438;0.861;;
"2019-07";;;1927.4686;13.9672;15.0819;34.56;91.2;9.201;;;1.515;1.585;1.42;0.865;;
"2019-01";;;1914.6535;13.8743;14.9816;34.14;89.6;9.0396;;;1.424;1.483;1.398;0.847;;
"2018-05";;;1822.501;13.2065;14.2606;32.69;91.4;9.2212;;;1.533;1.599;1.451;0.807;;
"2021-04";;;1888.6143;13.6856;14.7779;34.94;84.4;8.5149;;;1.517;1.578;1.374;0.84;1.4961;0.6707
"2019-05";;;1907.4817;13.8223;14.9255;34.56;96.2;9.7054;;;1.584;1.645;1.481;0.861;;
"2018-07";;;1832.8019;13.2812;14.3412;33.03;90.7;9.1505;;;1.533;1.602;1.445;0.82;;
"2018-06";;;1822.0916;13.2036;14.2574;32.9;91.5;9.2313;;;1.546;1.616;1.464;0.815;;
"2015-08";;;1594.7591;11.5562;12.4786;32.55;68.18;6.8785;;;1.385;1.4517;1.1275;0.7965;;
"2017-08";;;1663.2613;12.0526;13.0146;31.69;69.3;6.9915;;;1.339;1.406;1.197;0.743;;
"2016-07";;;1509.4368;10.938;11.8109;31.98;64.16;6.473;;;1.2982;1.3631;1.1227;0.7137;;
"2015-04";;;1626.3279;11.785;12.7256;32.55;75.77;7.6443;;;1.4097;1.472;1.2121;0.8046;;
"2013-08";1794.47;13.9322;1639.4703;11.8802;12.8284;32.85;90.89;9.1697;;;1.5375;1.6033;1.3451;0.867;;
"2012-10";1857.43;14.421;1712.7065;12.4109;13.4015;32.1;99.39;10.0273;;;1.5797;1.6346;1.4032;0.8664;;
"2012-03";1787.43;13.8776;1648.1606;11.9432;12.8964;31.32;101.51;10.2411;;;1.6451;1.6883;1.4584;0.901;;
"2010-05";1402.14;10.8862;1292.8909;9.3688;10.1165;27.94;73.46;7.4112;;;1.373;1.411;1.174;0.718;;
"2007-07";1382.4812;10.7336;1274.7638;9.2374;9.9747;27.1;63.56;6.4124;;;1.3257;1.3562;1.095;0.7091;;
"2007-05";1382.4812;10.7336;1274.7638;9.2374;9.9747;27.17;62.34;6.2894;;;1.3173;1.3455;1.0657;0.7083;;
"2007-02";1382.4812;10.7336;1274.7638;9.2374;9.9747;27.11;58.56;5.908;;;1.1806;1.2098;1.0216;0.7084;;
"2006-11";1382.4812;10.7336;1274.7638;9.2374;9.9747;26.97;60.39;6.0926;;1.262;1.156;1.19;1.031;0.716;;
"2004-07";1082.1177;8.4015;997.8034;7.2305;7.8075;24.19;43.66;4.4048;;1.1731;1.0916;1.1153;0.8759;0.5585;;
"2004-05";1035.5967;8.0404;954.9072;6.9196;7.4719;23.93;44.02;4.4411;;1.1917;1.1089;1.1332;0.8828;0.5409;;
"2002-01";849.513;6.5956;783.3223;5.6763;6.1293;22.16;33.59;3.3888;;1.0459;0.9561;0.9847;0.7377;0.4577;;
"1996-07";749.2929;5.8175;690.911;5.0066;5.4062;15.06;31.7094;3.1991;;0.9467;0.9101;0.9147;0.6342;0.3979;;
"1996-05";749.2929;5.8175;690.911;5.0066;5.4062;15.04;32.4716;3.276;;0.9589;0.9193;0.9269;0.6433;;;
"1995-05";723.0831;5.614;666.7433;4.8315;5.2171;14.48;30.4898;3.0761;;0.8934;0.8583;0.8659;0.5839;;;
"1995-03";723.0831;5.614;666.7433;4.8315;5.2171;14.47;30.3374;3.0607;;0.8827;0.8476;0.8568;0.5839;;;
"1992-12";637.13;4.97;587.4874;4.2572;4.5969;12.74;31.09;3.1366;;0.79;0.75;0.76;0.52;;;
"1990-10";677.58;5.31;624.7857;4.5274;4.8888;13;42.59;4.2968;0.89;0.91;0.9;0.89;0.62;;;
"1990-08";536;4.2;494.237;3.5814;3.8673;11.44;34.08;3.4383;0.8;0.83;0.81;0.83;0.53;;;
"1989-09";515.77;4.01;475.5833;3.4463;3.7213;10.66;30.85;3.1124;0.76;0.77;;;0.5;;;
"1988-12";525.89;4.15;484.9148;3.5139;3.7943;9.88;28.37;2.8622;0.73;0.74;;;0.49;;;
"1986-09";495.55;3.86;456.9387;3.3112;3.5754;9.36;29.31;2.957;0.71;0.72;;;0.48;;;
"1985-06";667.47;5.19;615.4634;4.4599;4.8158;11.44;46.08;4.6489;0.85;0.88;;;0.65;;;
"1985-05";667.47;5.19;615.4634;4.4599;4.8158;11.44;47.77;4.8194;0.85;0.88;;;0.66;;;
"1984-07";627.02;4.89;578.1651;4.1896;4.524;10.79;41.61;4.1979;0.76;0.81;;;0.6;;;
"1984-06";616.91;4.83;568.8428;4.1221;4.451;10.79;40.99;4.1354;0.73;0.78;;;0.59;;;
"1983-07";586.57;4.6;540.8668;3.9193;4.2321;10.27;38.99;3.9336;0.69;0.74;;;0.55;;;
"1980-05";;;;;;;;;;;;;;;;
"2014-09";1915.05;;1715.1803;12.4288;13.4208;32.78;87.23;8.8005;;;1.5;1.5625;1.2994;0.8513;;
"2012-06";1757.31;13.6437;1620.3874;11.7419;12.6791;31.99;90.13;9.093;;;1.5205;1.5843;1.3381;0.9014;;
"2010-08";1419.64;11.022;1309.0273;9.4857;10.2428;28.35;69.75;7.0369;;;1.336;1.371;1.145;0.756;;
"2009-08";1315.89;10.2165;1213.3611;8.7925;9.4942;27.8;60.22;6.0755;;;1.2777;1.3134;1.0464;0.6752;;
"2006-03";1320.7904;10.2546;1217.8797;8.8252;9.5296;26.56;65.38;6.5961;;1.3603;1.235;1.2727;1.0842;0.7199;;
"2005-05";1232.8051;9.5715;1136.7499;8.2373;8.8948;25.44;52.6;5.3067;;1.2162;1.1267;1.1528;0.9839;0.6446;;
"2003-01";1063.9138;8.2602;981.0179;7.1088;7.6762;22.88;41.91;4.2282;;1.128;1.0487;1.0669;0.8199;0.5493;;
"2001-05";983.6397;7.637;906.9984;6.5725;7.097;21.98;41.6186;4.1988;;1.2181;1.1327;1.1571;0.8171;0.5077;;
"1999-09";786.295;6.1048;725.0301;5.2538;5.6732;17.75;35.8255;3.6144;;1.0382;0.9955;1.0001;0.7165;0.4497;;
"1998-10";847.9652;6.5836;781.8952;5.6659;6.1181;17.21;28.9653;2.9223;;0.9467;0.9071;0.9147;0.6342;0.4147;;
"1996-09";749.2929;5.8175;690.911;5.0066;5.4062;15.05;34.301;3.4606;;0.9559;0.9162;0.9254;0.6662;0.4009;;
"1996-03";749.2929;5.8175;690.911;5.0066;5.4062;14.99;32.6241;3.2914;;0.9299;0.8903;0.8979;0.6388;;;
"1994-10";637.13;4.96;587.4874;4.2572;4.5969;13.13;30.48;3.0751;;0.85;0.8;0.81;0.58;;;
"1994-04";637.13;4.96;587.4874;4.2572;4.5969;13.13;31.7;3.1981;;0.85;0.79;0.82;0.59;;;
"1993-11";637.13;4.96;587.4874;4.2572;4.5969;13.13;32.62;3.291;;0.85;0.79;0.82;0.59;;;
"1991-07";616.91;4.86;568.8428;4.1221;4.451;13.13;35.68;3.5997;;0.83;0.79;0.8;0.53;;;
"1989-08";515.77;4.01;475.5833;3.4463;3.7213;10.66;29.45;2.9712;0.76;0.77;;;0.49;;;
"1987-10";546.11;4.32;503.5593;3.649;3.9402;10.14;29.14;2.9399;0.72;0.73;;;0.49;;;
"1984-01";637.13;5;587.4874;4.2572;4.5969;10.92;40.23;4.0587;0.71;0.76;;;0.57;;;
"1983-12";606.79;4.71;559.5114;4.0544;4.378;10.53;39.62;3.9972;0.7;0.75;;;0.56;;;
"1981-10";;;;;;;;;;;;;;;;
"1980-07";;;;;;;;;;;;;;;;
"1979-08";;;;;;;;;;;;;;;;
"2017-06";;;1652.2338;11.9727;12.9283;31.71;68.3;6.8907;;;1.344;1.411;1.18;0.744;;
"2016-11";;;1469.9301;10.6517;11.5018;31.88;67.45;6.8049;;;1.3095;1.3691;1.1354;0.7094;;
"2014-07";1915.05;;1686.251;12.2192;13.1945;32.65;86.85;8.7621;;;1.5314;1.5931;1.2995;0.8576;;
"2014-04";1927.55;14.9654;1707.1324;12.3705;13.3579;32.58;87.26;8.8035;;;1.5126;1.5678;1.3062;0.8625;;
"2012-09";1789.61;13.8945;1650.1707;11.9578;12.9121;32.09;98.36;9.9233;;;1.5889;1.643;1.3996;0.8678;;
"2011-06";1669.13;12.9591;1539.0781;11.1527;12.0429;30.32;87.06;8.7833;;;1.4995;1.5401;1.3184;0.871;;
"2008-06";1565.64;12.1556;1443.6516;10.4612;11.2962;28.43;101.31;10.221;;;1.4935;1.5292;1.4525;0.7722;;
"2008-03";1525.94;11.8474;1407.0449;10.196;11.0097;28.36;83.42;8.4161;;;1.3645;1.3999;1.2799;0.75;;
"2007-09";1382.4812;10.7336;1274.7638;9.2374;9.9747;27.11;67.24;6.7837;;;1.2766;1.3175;1.1134;0.714;;
"2005-07";1197.4087;9.2966;1104.1114;8.0008;8.6394;25.61;61.3;6.1844;;1.2972;1.1993;1.2399;1.0665;0.6399;;
"2002-04";981.9965;7.6242;905.4833;6.5615;7.0852;22.18;36.47;3.6794;;1.1256;1.0411;1.0658;0.7848;0.4924;;
"2000-04";1009.8495;7.8404;931.1661;6.7476;7.2861;19.38;41.3137;4.1681;;1.1449;1.0763;1.0885;0.8019;0.5046;;
"1999-02";847.9652;6.5836;781.8952;5.6659;6.1181;17.14;28.0506;2.83;;0.9376;0.8888;0.8994;0.6281;0.4131;;
"1999-01";847.9652;6.5836;781.8952;5.6659;6.1181;17.11;28.3555;2.8607;;0.9406;0.8918;0.9025;0.6327;0.4101;;
"1998-12";847.9652;6.5836;781.8952;5.6659;6.1181;17.19;27.7457;2.7992;;0.9345;0.8918;0.9025;0.6174;0.4147;;
"1998-11";847.9652;6.5836;781.8952;5.6659;6.1181;17.18;28.8129;2.9069;;0.9421;0.901;0.9101;0.6266;0.4131;;
"1997-11";909.6354;7.0624;838.7603;6.078;6.5631;17.15;35.6731;3.599;;0.9848;0.9482;0.9589;0.6814;0.4452;;
"1996-02";749.2929;5.8175;690.911;5.0066;5.4062;14.93;32.0143;3.2299;;0.9208;0.8842;0.8903;0.6281;;;
"1995-11";726.1666;5.6379;669.5866;4.8521;5.2393;14.64;30.0325;3.0299;;0.8994;0.8644;0.8705;0.5915;;;
"1995-08";726.1666;5.6379;669.5866;4.8521;5.2393;14.57;30.1849;3.0453;;0.8949;0.8644;0.8659;0.5839;;;
"1995-01";686.081;5.3267;632.6243;4.5842;4.9501;14.4;30.7947;3.1068;;0.8857;0.8491;0.8583;0.5884;;;
"1994-08";637.13;4.96;587.4874;4.2572;4.5969;13.13;30.64;3.0912;;0.87;0.82;0.83;0.58;;;
"1993-09";637.13;4.96;587.4874;4.2572;4.5969;13.13;31.55;3.183;;0.85;0.8;0.82;0.58;;;
"1993-07";637.13;4.96;587.4874;4.2572;4.5969;13.13;31.7;3.1981;;0.85;0.8;0.82;0.54;;;
"1992-09";637.13;4.97;587.4874;4.2572;4.5969;12.74;29.42;2.9681;;0.79;0.75;0.76;0.51;;;
"1992-07";637.13;4.97;587.4874;4.2572;4.5969;12.74;30.64;3.0912;;0.8;0.76;0.78;0.53;;;
"1992-03";637.13;4.97;587.4874;4.2572;4.5969;13.13;31.23;3.1507;;0.79;0.76;0.77;0.52;;;
"1991-12";647.24;5.09;596.8096;4.3247;4.6699;13.52;32.7;3.299;;0.8;0.76;0.78;0.53;;;
"1991-11";647.24;5.09;596.8096;4.3247;4.6699;13.52;35.38;3.5694;;0.82;0.78;0.79;0.55;;;
"1986-01";647.24;5.04;596.8096;4.3247;4.6699;11.18;42.24;4.2615;0.77;0.78;;;0.61;;;
"1984-02";637.13;5;587.4874;4.2572;4.5969;10.92;41.72;4.209;0.72;0.77;;;0.59;;;
"1983-08";586.57;4.6;540.8668;3.9193;4.2321;10.27;39.3;3.9649;0.7;0.75;;;0.56;;;
"1983-02";556.23;4.39;512.8908;3.7166;4.0132;9.88;40.23;4.0587;0.66;0.7;;;0.55;;;
"1982-12";;;;;;;;;;;;;;;;
"1981-04";;;;;;;;;;;;;;;;
"1980-12";;;;;;;;;;;;;;;;
"1980-04";;;;;;;;;;;;;;;;
"2017-10";;;1774.9691;12.8621;13.8887;31.37;74.5;7.5162;;;1.356;1.426;1.24;0.743;;
"2017-09";;;1701.8424;12.3322;13.3165;31.65;72.7;7.3346;;;1.366;1.434;1.221;0.74;;
"2017-02";;;1608.2591;11.6541;12.5842;31.59;78.4;7.9096;;;1.416;1.478;1.266;0.729;;
"2015-11";;;1563.302;11.3283;12.2324;32.34;65.61;6.6193;;;1.3003;1.3589;1.1085;0.7461;;
"2015-06";;;1565.77;11.3462;12.2517;32.55;75.98;7.6655;;;1.4412;1.5045;1.2147;0.8097;;
"2015-05";;;1587.9627;11.507;12.4254;32.54;77.8;7.8491;;;1.4335;1.4957;1.2341;0.8134;;
"2013-05";1773.03;13.7658;1642.6263;11.9031;12.8531;32.97;90.79;9.1596;;;1.5271;1.5866;1.3267;0.8708;;
"2009-10";1354.59;10.517;1249.0458;9.0511;9.7734;27.64;60.29;6.0825;;;1.229;1.264;1.026;0.678;;
"2009-09";1302.14;10.1098;1200.6825;8.7006;9.395;27.8;57.94;5.8455;;;1.229;1.267;1.008;0.674;;
"2009-04";1353.39;10.5077;1247.9393;9.043;9.7648;28.3;54.07;5.455;;;1.1744;1.2025;0.9741;0.6582;;
"2008-07";1615.59;12.5434;1489.7097;10.795;11.6566;28.62;99.33;10.0212;;;1.4783;1.5149;1.4379;0.8003;;
"2005-03";1244.941;9.6657;1147.9402;8.3184;8.9823;25.22;55.71;5.6205;;1.1856;1.1072;1.1253;1.0088;0.6159;;
"2005-02";1244.941;9.6657;1147.9402;8.3184;8.9823;25.23;49.4;4.9839;;1.1699;1.0869;1.108;0.9321;0.616;;
"2004-12";1163.0237;9.0297;1072.4055;7.7711;8.3913;25.23;49.05;4.9486;;1.1183;1.0319;1.058;0.9452;0.6173;;
"2004-10";1163.0237;9.0297;1072.4055;7.7711;8.3913;24.85;55.71;5.6205;;1.1957;1.1156;1.1376;0.9819;0.6024;;
"2003-08";1004.2457;7.7969;925.9989;6.7101;7.2457;23.55;36.99;3.7318;;1.0916;1.0131;1.0349;0.7718;0.5183;;
"2003-07";1004.2457;7.7969;925.9989;6.7101;7.2457;23.62;36.15;3.6471;;1.0813;0.9983;1.0223;0.7634;0.5246;;
"2002-10";1004.2457;7.7969;925.9989;6.7101;7.2457;22.24;40.05;4.0406;;1.1291;1.0519;1.0713;0.8105;0.5324;;
"2002-09";965.8153;7.4986;890.5629;6.4534;6.9684;22.24;39.18;3.9528;;1.1227;1.0452;1.065;0.7934;0.5222;;
"2002-08";965.8153;7.4986;890.5629;6.4534;6.9684;22.23;36.85;3.7177;;1.1088;1.0333;1.0511;0.7728;0.4924;;
"2001-08";983.6397;7.637;906.9984;6.5725;7.097;22.05;39.027;3.9374;;1.1098;1.026;1.0489;0.7973;0.5;;
"2001-02";1017.5583;7.9003;938.2742;6.7991;7.3417;21.9;41.4661;4.1834;;1.1297;1.0412;1.0656;0.8034;0.5229;;
"1998-08";847.9652;6.5836;781.8952;5.6659;6.1181;17.27;28.6604;2.8915;;0.9513;0.9132;0.9208;0.6281;0.4147;;
"1998-04";909.6354;7.0624;838.7603;6.078;6.5631;17.2;31.4045;3.1683;;0.9665;0.9284;0.9376;0.654;0.4299;;
"1996-08";749.2929;5.8175;690.911;5.0066;5.4062;15.04;31.4045;3.1683;;0.9437;0.9071;0.9132;0.6357;0.3994;;
"1995-12";726.1666;5.6379;669.5866;4.8521;5.2393;14.65;31.4045;3.1683;;0.901;0.8644;0.8705;0.6022;;;
"1995-06";723.0831;5.614;666.7433;4.8315;5.2171;14.49;30.1849;3.0453;;0.8949;0.8613;0.8674;0.5839;;;
"1994-05";637.13;4.96;587.4874;4.2572;4.5969;13.13;31.7;3.1981;;0.86;0.79;0.83;0.59;;;
"1993-06";637.13;4.96;587.4874;4.2572;4.5969;13.13;31.09;3.1366;;0.8;0.76;0.77;0.54;;;
"1991-02";707.92;5.57;652.7617;4.7302;5.1077;13.78;40.03;4.0385;;0.79;0.77;0.77;0.59;;;
"1989-04";505.66;3.97;466.261;3.3787;3.6484;10.4;30.58;3.0852;0.8;0.82;;;0.53;;;
"1987-08";485.43;3.83;447.6072;3.2435;3.5024;9.36;30.48;3.0751;0.73;0.75;;;0.51;;;
"1986-11";495.55;3.86;456.9387;3.3112;3.5754;9.36;27.36;2.7603;0.68;0.69;;;0.46;;;
"1985-07";657.36;5.17;606.1411;4.3923;4.7429;11.44;45.17;4.5571;0.85;0.88;;;0.64;;;
"1983-10";606.79;4.71;559.5114;4.0544;4.378;10.53;39.46;3.981;0.71;0.75;;;0.56;;;
"1980-06";;;;;;;;;;;;;;;;
"1980-02";;;;;;;;;;;;;;;;
"1979-02";;;;;;;;;;;;;;;;
"2016-06";;;1493.1308;10.8198;11.6833;31.93;65.84;6.6425;;;1.3453;1.4094;1.1508;0.7157;;
"2017-05";;;1635.1075;11.8486;12.7943;31.65;71.6;7.2236;;;1.37;1.437;1.21;0.745;;
"2013-11";1806.97;14.0293;1638.5453;11.8735;12.8212;32.7;89.41;9.0204;;;1.4749;1.5308;1.3107;0.8587;;
"2009-06";1315.89;10.2165;1213.3611;8.7925;9.4942;27.91;58.29;5.8808;;;1.2726;1.3042;1.0258;0.6545;;
"2009-05";1328.39;10.3136;1224.8872;8.876;9.5844;28.02;54.36;5.4843;;;1.2084;1.2372;0.9789;0.6576;;
"2009-03";1383.34;10.7402;1275.5557;9.2432;9.9809;28.62;51.14;5.1594;;;1.1298;1.1679;0.9329;0.6818;;
"2008-02";1525.94;11.8474;1407.0449;10.196;11.0097;28.33;77.79;7.8481;;;1.3555;1.3915;1.2129;0.7507;;
"2007-12";1409.787;10.9456;1299.942;9.4199;10.1717;27.51;76.42;7.7099;;;1.322;1.357;1.196;0.727;;
"2007-11";1409.787;10.9456;1299.942;9.4199;10.1717;27.13;76.58;7.726;;;1.344;1.375;1.211;0.725;;
"2007-01";1382.4812;10.7336;1274.7638;9.2374;9.9747;27.14;55.8;5.6296;;;1.1495;1.1831;0.9999;0.6956;;
"2006-05";1382.4812;10.7336;1274.7638;9.2374;9.9747;26.97;68.31;6.8917;;1.4115;1.3049;1.3362;1.1179;0.6968;;
"2004-11";1163.0237;9.0297;1072.4055;7.7711;8.3913;25.15;51.93;5.2391;;1.1577;1.0763;1.0989;0.9429;0.6193;;
"2003-06";1112.4575;8.6371;1025.7792;7.4332;8.0264;23.58;35.2;3.5513;;1.0748;0.9908;1.0151;0.7593;0.5246;;
"1999-12";797.0873;6.1886;734.9815;5.326;5.751;18.4;40.7039;4.1065;;1.0976;1.0382;1.0489;0.7927;0.4726;;
"1999-07";847.9652;6.5836;781.8952;5.6659;6.1181;17.15;32.7765;3.3068;;1.0016;0.9604;0.965;0.6906;0.4192;;
"1999-06";847.9652;6.5836;781.8952;5.6659;6.1181;17.13;30.1849;3.0453;;0.9848;0.9376;0.9467;0.6708;0.4101;;
"1998-01";909.6354;7.0624;838.7603;6.078;6.5631;17.14;33.2339;3.3529;;0.9848;0.9498;0.9589;0.6784;0.4314;;
"1994-11";637.13;4.96;587.4874;4.2572;4.5969;13.13;30.64;3.0912;;0.85;0.81;0.81;0.58;;;
"1992-04";637.13;4.97;587.4874;4.2572;4.5969;13.13;31.46;3.1739;;0.8;0.76;0.77;0.52;;;
"1990-05";566.34;4.41;522.2131;3.7842;4.0862;11.44;30.01;3.0276;0.75;0.77;0.74;0.76;0.5;;;
"1990-04";566.34;4.41;522.2131;3.7842;4.0862;11.44;31.22;3.1497;0.76;0.78;;;0.51;;;
"1989-12";566.34;4.41;522.2131;3.7842;4.0862;11.44;35.01;3.5321;0.75;0.76;;;0.54;;;
"1988-11";525.89;4.15;484.9148;3.5139;3.7943;9.88;27.27;2.7512;0.72;0.74;;;0.48;;;
"1987-06";505.66;3.93;466.261;3.3787;3.6484;9.49;28.35;2.8602;0.71;0.73;;;0.49;;;
"1986-07";495.55;3.86;456.9387;3.3112;3.5754;9.36;25.27;2.5494;0.72;0.73;;;0.51;;;
"1984-08";627.02;4.89;578.1651;4.1896;4.524;10.79;42.24;4.2615;0.77;0.82;;;0.61;;;
"1980-01";;;;;;;;;;;;;;;;
"1979-05";;;;;;;;;;;;;;;;
"2015-02";;;1633.3455;11.8358;12.7805;32.57;74.97;7.5636;;;1.34;1.3965;1.1815;0.8053;;
"2014-01";1909.05;14.8218;1726.1976;12.5087;13.507;32.41;90.15;9.0951;;;1.4948;1.5511;1.3228;0.8666;;
"2013-12";1806.97;14.0293;1688.6974;12.2369;13.2136;32.71;90.8;9.1606;;;1.4953;1.5522;1.3291;0.8593;;
"2013-09";1794.47;13.9322;1634.2828;11.8426;12.7878;32.85;93.66;9.4492;;;1.5417;1.6101;1.3761;0.8617;;
"2010-07";1419.64;11.022;1309.0273;9.4857;10.2428;28.07;69.92;7.0541;;;1.328;1.371;1.136;0.755;;
"2010-02";1519.39;11.7965;1401.0052;10.1522;10.9625;27.72;65.29;6.587;;;1.296;1.328;1.066;0.697;;
"2009-12";1401.99;10.885;1292.7525;9.3678;10.1154;27.54;62.21;6.2762;;;1.248;1.283;1.037;0.687;;
"2005-06";1232.8051;9.5715;1136.7499;8.2373;8.8948;25.54;58.89;5.9413;;1.2446;1.1605;1.1861;1.0454;0.6447;;
"2002-06";981.9965;7.6242;905.4833;6.5615;7.0852;22.21;34.22;3.4524;;1.0865;1.0059;1.0292;0.7537;0.4924;;
"2001-03";1017.5583;7.9003;938.2742;6.7991;7.3417;21.94;39.4843;3.9835;;1.1144;1.029;1.0504;0.7897;0.5229;;
"1999-04";847.9652;6.5836;781.8952;5.6659;6.1181;17.12;30.6423;3.0914;;0.9726;0.9269;0.936;0.6677;0.4101;;
"1997-12";909.6354;7.0624;838.7603;6.078;6.5631;17.2;34.7584;3.5067;;0.9802;0.9421;0.9528;0.6754;0.4421;;
"1997-04";855.674;6.6434;789.0033;5.7174;6.1737;16.32;35.2157;3.5528;;0.9757;0.936;0.9452;0.6738;0.4299;;
"1993-05";637.13;4.96;587.4874;4.2572;4.5969;13.13;32.01;3.2294;;0.8;0.76;0.77;0.54;;;
"1992-02";677.58;5.3;624.7857;4.5274;4.8888;13.65;32.74;3.3031;;0.8;0.76;0.77;0.53;;;
"1990-02";566.34;4.41;522.2131;3.7842;4.0862;11.44;32.28;3.2567;0.76;0.78;;;0.53;;;
"1987-09";515.77;4.06;475.5833;3.4463;3.7213;9.62;29.07;2.9328;0.72;0.74;;;0.5;;;
"1987-05";505.66;3.93;466.261;3.3787;3.6484;9.49;28.05;2.8299;0.71;0.73;;;0.49;;;
"1986-12";495.55;3.86;456.9387;3.3112;3.5754;9.36;27.18;2.7421;0.67;0.69;;;0.46;;;
"1986-10";495.55;3.86;456.9387;3.3112;3.5754;9.36;27.57;2.7815;0.69;0.71;;;0.47;;;
"1986-08";495.55;3.86;456.9387;3.3112;3.5754;9.36;27.02;2.726;0.69;0.71;;;0.47;;;
"1982-01";;;;;;;;;;;;;;;;
"1981-09";;;;;;;;;;;;;;;;
"1981-07";;;;;;;;;;;;;;;;
"1981-05";;;;;;;;;;;;;;;;
"1980-03";;;;;;;;;;;;;;;;
"1979-12";;;;;;;;;;;;;;;;
"2017-04";;;1597.9955;11.5797;12.5039;31.7;74.9;7.5565;;;1.401;1.466;1.244;0.744;;
"2017-03";;;1605.2557;11.6323;12.5607;31.7;75.2;7.5868;;;1.389;1.452;1.242;0.738;;
"2014-10";1915.05;;1729.7129;12.5342;13.5345;32.78;82.33;8.3061;;;1.4596;1.5262;1.2545;0.8461;;
"2012-12";1887.33;14.6532;1740.2768;12.6107;13.6172;32.25;94.67;9.5511;;;1.5019;1.5524;1.3509;0.8829;;
"2012-07";1729.81;13.4302;1595.0301;11.5582;12.4807;32.05;92.47;9.3291;;;1.5512;1.6076;1.3709;0.902;;
"2010-10";1486.84;11.5438;1370.9914;9.9347;10.7276;28.5;74.17;7.4829;;;1.354;1.386;1.169;0.774;;
"2006-10";1382.4812;10.7336;1274.7638;9.2374;9.9747;27;61.73;6.2278;;1.2776;1.1576;1.1197;1.0372;0.7158;;
"2006-08";1382.4812;10.7336;1274.7638;9.2374;9.9747;27.05;68.04;6.8644;;1.4235;1.3017;1.3437;1.1214;0.7213;;
"2005-12";1253.0316;9.7285;1155.4004;8.3725;9.0407;25.84;62.01;6.2561;;1.333;1.1807;1.2358;1.0397;0.6865;;
"2005-04";1232.8051;9.5715;1136.7499;8.2373;8.8948;25.28;55.38;5.5872;;1.2214;1.1408;1.1629;1.0115;0.6323;;
"2004-06";1035.5967;8.0404;954.9072;6.9196;7.4719;24.05;42.64;4.3019;;1.1366;1.0545;1.0797;0.8586;0.5499;;
"2002-03";849.513;6.5956;783.3223;5.6763;6.1293;22.18;35.72;3.6037;;1.0803;0.9937;1.0204;0.7657;0.4577;;
"2001-07";983.6397;7.637;906.9984;6.5725;7.097;22.03;40.0941;4.045;;1.1266;1.0443;1.0656;0.811;0.5;;
"1998-05";847.9652;6.5836;781.8952;5.6659;6.1181;17.21;30.6423;3.0914;;0.9635;0.9254;0.9345;0.6494;0.4147;;
"1997-02";854.1322;6.6315;787.5817;5.7071;6.1626;16.27;36.8927;3.722;;0.9818;0.9406;0.9513;0.6967;0.4299;;
"1993-08";637.13;4.96;587.4874;4.2572;4.5969;13.13;31.7;3.1981;;0.86;0.81;0.86;0.54;;;
"1992-05";637.13;4.97;587.4874;4.2572;4.5969;12.74;31.57;3.185;;0.8;0.76;0.78;0.53;;;
"1990-11";677.58;5.31;624.7857;4.5274;4.8888;13;39.95;4.0305;0.84;0.85;0.84;0.84;0.59;;;
"1989-06";525.89;4.11;484.9148;3.5139;3.7943;10.66;30.23;3.0498;0.8;0.83;;;0.51;;;
"1988-08";525.89;4.15;484.9148;3.5139;3.7943;9.88;28;2.8249;0.73;0.75;;;0.48;;;
"1987-04";505.66;3.93;466.261;3.3787;3.6484;9.49;28.58;2.8834;0.71;0.73;;;0.5;;;
"1987-03";515.77;4.08;475.5833;3.4463;3.7213;9.62;28.37;2.8622;0.7;0.71;;;0.5;;;
"1986-06";495.55;3.86;456.9387;3.3112;3.5754;9.36;30.48;3.0751;0.74;0.75;;;0.53;;;
"1986-04";546.11;4.29;503.5593;3.649;3.9402;10.01;35.5;3.5815;0.71;0.73;;;0.54;;;
"1986-02";627.02;4.92;578.1651;4.1896;4.524;11.05;35.62;3.5936;0.7;0.72;;;0.54;;;
"1984-12";657.36;5.11;606.1411;4.3923;4.7429;11.31;44.14;4.4532;0.8;0.85;;;0.63;;;
"1984-05";616.91;4.83;568.8428;4.1221;4.451;10.79;40.67;4.1031;0.72;0.77;;;0.58;;;
"1984-04";616.91;4.83;568.8428;4.1221;4.451;10.79;40.84;4.1203;0.72;0.77;;;0.59;;;
"1982-05";;;;;;;;;;;;;;;;
"2016-10";;;1492.1945;10.813;11.676;31.92;70.02;7.0642;;;1.3354;1.3912;1.1606;0.6986;;
"2016-05";;;1528.0376;11.0727;11.9565;32.05;62.55;6.3105;;;1.309;1.3684;1.09;0.6999;;
"2015-10";;;1561.1924;11.313;12.2159;32.5;66.6;6.7191;;;1.2926;1.3522;1.1052;0.7527;;
"2015-03";;;1647.7438;11.9402;12.8932;32.66;76.85;7.7532;;;1.395;1.4499;1.2191;0.8024;;
"2014-12";;;1665.5943;12.0695;13.0328;32.62;73.61;7.4264;;;1.3388;1.4059;1.1497;0.8343;;
"2014-06";1915.05;14.8684;1686.7017;12.2225;13.198;32.66;87.48;8.8257;;;1.523;1.581;1.2984;0.8637;;
"2011-12";1710.13;13.2774;1576.8835;11.4267;12.3387;30.67;93.22;9.4048;;;1.4911;1.5273;1.3683;0.8473;;
"2011-09";1669.13;12.9591;1539.0781;11.1527;12.0429;30.52;90.07;9.087;;;1.5241;1.5619;1.3392;0.8577;;
"2009-02";1448.29;11.2445;1335.445;9.6771;10.4495;28.81;56.59;5.7093;;;1.1385;1.1708;0.9508;0.6932;;
"2005-10";1253.0316;9.7285;1155.4004;8.3725;9.0407;25.77;67.97;6.8574;;1.386;1.2452;1.3024;1.1176;0.672;;
"2003-05";1112.4575;8.6371;1025.7792;7.4332;8.0264;23.5;34.93;3.524;;1.0762;0.9919;1.0134;0.7575;0.5246;;
"2003-03";1063.9138;8.2602;981.0179;7.1088;7.6762;23.01;49.32;4.9758;;1.1524;1.0802;1.095;0.8535;0.5845;;
"2003-02";1063.9138;8.2602;981.0179;7.1088;7.6762;22.91;45.56;4.5965;;1.1576;1.087;1.0993;0.8529;0.5645;;
"2002-12";1004.2457;7.7969;925.9989;6.7101;7.2457;22.71;39.52;3.9871;;1.1017;1.0184;1.0404;0.7949;0.5324;;
"2001-01";1017.5583;7.9003;938.2742;6.7991;7.3417;21.82;40.399;4.0758;;1.1053;1.0138;1.0382;0.7988;0.5519;;
"2000-11";926.5947;7.1941;854.3982;6.1913;6.6854;21.52;51.2229;5.1678;;1.1723;1.087;1.1083;0.9116;0.5625;;
"2000-10";926.5947;7.1941;854.3982;6.1913;6.6854;20.94;51.6802;5.2139;;1.1739;1.0854;1.1098;0.9056;0.561;;
"1998-06";847.9652;6.5836;781.8952;5.6659;6.1181;17.23;29.5751;2.9838;;0.9574;0.9177;0.9269;0.6403;0.4147;;
"1997-09";855.674;6.6434;789.0033;5.7174;6.1737;16.49;33.9961;3.4298;;0.9894;0.9559;0.9635;0.6677;0.4452;;
"1993-01";616.91;4.84;568.8428;4.1221;4.451;12.74;31.7;3.1981;;0.79;0.75;0.76;0.53;;;
"1992-08";637.13;4.97;587.4874;4.2572;4.5969;12.74;29.88;3.0145;;0.79;0.75;0.77;0.52;;;
"1991-08";616.91;4.86;568.8428;4.1221;4.451;13.13;34.62;3.4927;;0.82;0.79;0.8;0.53;;;
"1990-09";637.13;4.95;587.4874;4.2572;4.5969;12.35;36.7;3.7026;0.88;0.9;0.89;0.89;0.56;;;
"1988-09";525.89;4.15;484.9148;3.5139;3.7943;9.88;27.44;2.7684;0.73;0.74;;;0.48;;;
"1988-07";525.89;4.15;484.9148;3.5139;3.7943;9.88;27.71;2.7956;0.72;0.74;;;0.48;;;
"1988-01";546.11;4.32;503.5593;3.649;3.9402;10.14;28.7;2.8955;0.69;0.71;;;0.48;;;
"1987-11";546.11;4.32;503.5593;3.649;3.9402;10.14;29.95;3.0216;0.71;0.73;;;0.49;;;
"1985-02";667.47;5.23;615.4634;4.4599;4.8158;11.57;47.21;4.7629;0.83;0.85;;;0.66;;;
"1984-03";637.13;5;587.4874;4.2572;4.5969;10.92;41.37;4.1737;0.71;0.76;;;0.58;;;
"1983-01";566.34;4.43;522.2131;3.7842;4.0862;9.88;40.82;4.1182;0.66;0.7;;;0.55;;;
"1982-11";;;;;;;;;;;;;;;;
"1982-04";;;;;;;;;;;;;;;;
"1981-11";;;;;;;;;;;;;;;;
"1981-06";;;;;;;;;;;;;;;;
"2016-03";;;1549.3852;11.2274;12.1235;32.17;59.35;5.9877;;;1.2705;1.3218;1.0674;0.7013;;
"2015-09";;;1601.7707;11.607;12.5334;32.53;68.88;6.9492;;;1.3016;1.3668;1.1055;0.7635;;
"2015-07";;;1561.5826;11.3158;12.219;32.57;71.4;7.2034;;;1.4431;1.5054;1.1755;0.7919;;
"2008-08";1640.59;12.7375;1512.7618;10.962;11.837;28.82;89;8.979;;;1.4168;1.4586;1.322;0.7829;;
"2005-11";1253.0316;9.7285;1155.4004;8.3725;9.0407;25.78;61.5;6.2046;;1.3247;1.1632;1.2246;1.0387;0.6757;;
"2005-01";1244.941;9.6657;1147.9402;8.3184;8.9823;25.25;47.76;4.8184;;1.1247;1.0382;1.0614;0.9145;0.6164;;
"2003-09";1004.2457;7.7969;925.9989;6.7101;7.2457;23.56;35.81;3.6128;;1.077;0.9943;1.0203;0.756;0.5183;;
"2002-02";849.513;6.5956;783.3223;5.6763;6.1293;22.17;33.75;3.405;;1.0503;0.9611;0.9894;0.7373;0.4577;;
"2001-10";881.8838;6.8469;813.171;5.8925;6.3628;22.13;37.6549;3.7989;;1.0809;1.0016;1.0229;0.7897;0.5046;;
"2000-08";1009.8495;7.8404;931.1661;6.7476;7.2861;20.39;47.5641;4.7986;;1.1845;1.1083;1.1266;0.84;0.5229;;
"2000-02";797.0873;6.1886;734.9815;5.326;5.751;18.47;42.9906;4.3372;;1.1327;1.055;1.0702;0.8126;0.4863;;
"1999-10";786.295;6.1048;725.0301;5.2538;5.6732;18.06;35.6731;3.599;;1.0428;0.9955;1.0046;0.7196;0.4619;;
"1996-12";854.1322;6.6315;787.5817;5.7071;6.1626;15.72;36.4353;3.6759;;0.9665;0.9284;0.9376;0.6906;0.4284;;
"1996-11";795.5456;6.1766;733.5598;5.3157;5.7399;15.69;35.8255;3.6144;;0.9635;0.9269;0.936;0.6921;0.4116;;
"1996-06";749.2929;5.8175;690.911;5.0066;5.4062;15.07;31.4045;3.1683;;0.9467;0.9101;0.9177;0.6342;;;
"1995-02";733.8754;5.6978;676.6947;4.9036;5.295;14.43;30.7947;3.1068;;0.8842;0.8491;0.8583;0.5869;;;
"1992-10";637.13;4.97;587.4874;4.2572;4.5969;12.74;30.79;3.1063;;0.79;0.75;0.76;0.52;;;
"1991-06";616.91;4.86;568.8428;4.1221;4.451;13.13;32.3;3.2587;;0.82;0.79;0.79;0.53;;;
"1991-05";596.68;4.65;550.1891;3.9869;4.3051;12.87;33.34;3.3636;;0.81;0.78;0.78;0.52;;;
"1990-03";566.34;4.41;522.2131;3.7842;4.0862;11.44;32.18;3.2466;0.76;0.78;;;0.52;;;
"1989-02";505.66;3.97;466.261;3.3787;3.6484;10.4;29.97;3.0236;0.74;0.75;;;0.5;;;
"1985-12";647.24;5.04;596.8096;4.3247;4.6699;11.18;44.59;4.4986;0.8;0.81;;;0.63;;;
"1983-06";586.57;4.58;540.8668;3.9193;4.2321;10.14;39.49;3.9841;0.68;0.73;;;0.56;;;
"1983-04";576.45;4.55;531.5353;3.8517;4.1591;10.14;39.19;3.9538;0.65;0.69;;;0.54;;;
"1982-09";;;;;;;;;;;;;;;;
"2017-11";;;1743.8792;12.6368;13.6454;31.57;77.9;7.8592;;;1.403;1.47;1.271;0.753;;
"2016-08";;;1507.8248;10.9263;11.7983;32.03;61.23;6.1774;;;1.2745;1.3341;1.0887;0.7122;;
"2016-04";;;1517.1602;10.9939;11.8714;32.16;59.18;5.9706;;;1.3042;1.3595;1.0598;0.7004;;
"2012-11";1887.33;14.6532;1740.2768;12.6107;13.6172;32.14;95.72;9.657;;;1.4978;1.551;1.3636;0.8765;;
"2012-02";1740.03;13.5096;1604.4538;11.6265;12.5544;30.71;102;10.2906;;;1.58;1.62;1.42;0.87;;
"2011-11";1710.13;13.2774;1576.8835;11.4267;12.3387;30.63;93.89;9.4724;;;1.4897;1.5268;1.395;0.8656;;
"2010-09";1419.64;11.022;1309.0273;9.4857;10.2428;28.43;71.43;7.2064;;;1.34;1.375;1.154;0.755;;
"2010-04";1427.14;11.0803;1315.943;9.5358;10.2969;27.96;72.33;7.2972;;;1.37;1.405;1.157;0.711;;
"2010-03";1427.14;11.0803;1315.943;9.5358;10.2969;27.89;69.51;7.0127;;;1.353;1.387;1.119;0.711;;
"2008-12";1498.29;11.6327;1381.5492;10.0112;10.8102;29.17;57.19;5.7698;;;1.0835;1.1269;0.9968;0.724;;
"2007-08";1382.4812;10.7336;1274.7638;9.2374;9.9747;27.15;63.63;6.4195;;;1.273;1.3073;1.092;0.7095;;
"2007-03";1382.4812;10.7336;1274.7638;9.2374;9.9747;27.1;58.75;5.9272;;;1.2385;1.2625;1.036;0.7088;;
"2006-01";1320.7904;10.2546;1217.8797;8.8252;9.5296;25.89;58.42;5.8939;;1.3536;1.2197;1.2651;1.0543;0.7059;;
"2004-01";1035.5967;8.0404;954.9072;6.9196;7.4719;23.62;39.45;3.98;;1.0858;1.0033;1.0255;0.8163;0.5257;;
"2001-12";881.8838;6.8469;813.171;5.8925;6.3628;22.14;32.47;3.2758;;1.0374;0.9478;0.9765;0.7425;0.4598;;
"2001-11";881.8838;6.8469;813.171;5.8925;6.3628;22.14;35.2157;3.5528;;1.0534;0.9635;0.9924;0.7607;0.4817;;
"2000-12";1017.5583;7.9003;938.2742;6.7991;7.3417;21.71;46.3445;4.6756;;1.1236;1.0382;1.0595;0.8674;0.5747;;
"2000-09";926.5947;7.1941;854.3982;6.1913;6.6854;20.62;54.4243;5.4908;;1.2257;1.1449;1.1647;0.9452;0.5458;;
"2000-05";1009.8495;7.8404;931.1661;6.7476;7.2861;19.65;45.2774;4.5679;;1.1754;1.0946;1.1144;0.8095;0.4878;;
"2000-01";797.0873;6.1886;734.9815;5.326;5.751;18.48;40.399;4.0758;;1.0976;1.0321;1.0428;0.8065;0.4863;;
"1998-09";847.9652;6.5836;781.8952;5.6659;6.1181;17.23;28.9653;2.9223;;0.9482;0.9101;0.9177;0.6281;0.4147;;
"1998-02";909.6354;7.0624;838.7603;6.078;6.5631;17.17;32.4716;3.276;;0.9787;0.9406;0.9513;0.6692;0.4314;;
"1997-07";855.674;6.6434;789.0033;5.7174;6.1737;16.37;33.5388;3.3837;;0.9696;0.9284;0.936;0.6601;0.4299;;
"1996-04";749.2929;5.8175;690.911;5.0066;5.4062;15.01;33.6912;3.399;;0.9498;0.9086;0.9177;0.6525;;;
"1994-02";637.13;4.96;587.4874;4.2572;4.5969;13.13;32.31;3.2597;;0.85;0.79;0.82;0.59;;;
"1990-01";566.34;4.41;522.2131;3.7842;4.0862;11.44;35.47;3.5785;0.75;0.77;;;0.55;;;
"1989-11";525.89;4.14;484.9148;3.5139;3.7943;10.92;32.76;3.3051;0.76;0.77;;;0.52;;;
"1988-05";525.89;4.15;484.9148;3.5139;3.7943;9.88;27.97;2.8218;0.71;0.73;;;0.48;;;
"1986-05";505.66;4;466.261;3.3787;3.6484;9.49;35.64;3.5956;0.71;0.73;;;0.54;;;
"1983-03";556.23;4.36;512.8908;3.7166;4.0132;9.88;39.19;3.9538;0.65;0.69;;;0.54;;;
"1981-02";;;;;;;;;;;;;;;;
"1980-10";;;;;;;;;;;;;;;;
"1980-09";;;;;;;;;;;;;;;;
"1980-08";;;;;;;;;;;;;;;;
"1979-09";;;;;;;;;;;;;;;;
"1979-06";;;;;;;;;;;;;;;;
"1979-01";;;;;;;;;;;;;;;;
"2017-07";;;1691.6921;12.2586;13.237;31.69;68.1;6.8705;;;1.321;1.393;1.175;0.741;;
"2013-07";1794.47;13.9322;1639.0362;11.8771;12.825;32.91;91.79;9.2605;;;1.5363;1.5932;1.3459;0.8702;;
"2013-06";1794.47;13.9322;1644.1759;11.9143;12.8652;33;90.21;9.1011;;;1.5314;1.5874;1.3199;0.8681;;
"2011-08";1669.13;12.9591;1539.0781;11.1527;12.0429;30.53;85.53;8.629;;;1.489;1.5303;1.3032;0.8643;;
"2009-11";1384.49;10.7492;1276.6161;9.2508;9.9892;27.54;62.04;6.2591;;;1.264;1.3;1.05;0.676;;
"2007-06";1382.4812;10.7336;1274.7638;9.2374;9.9747;27.1;63.53;6.4094;;;1.3111;1.3408;1.0823;0.7086;;
"2006-06";1382.4812;10.7336;1274.7638;9.2374;9.9747;26.99;66.88;6.7474;;1.4022;1.293;1.3296;1.1024;0.6965;;
"2005-09";1197.4087;9.2966;1104.1114;8.0008;8.6394;25.72;65.87;6.6455;;1.3949;1.2518;1.3292;1.0737;0.6706;;
"2003-10";1016.3816;7.8912;937.1892;6.7912;7.3333;23.56;39.24;3.9588;;1.0783;0.9957;1.0196;0.792;0.5183;;
"2003-04";1112.4575;8.6371;1025.7792;7.4332;8.0264;23.38;38.01;3.8348;;1.1094;1.0317;1.0484;0.8041;0.5743;;
"2001-09";881.8838;6.8469;813.171;5.8925;6.3628;22.07;41.4661;4.1834;;1.1358;1.0489;1.0748;0.8065;0.5;;
"2001-06";983.6397;7.637;906.9984;6.5725;7.097;22.02;43.448;4.3834;;1.18;1.0992;1.1205;0.8263;0.5198;;
"1996-01";743.1259;5.7696;685.2245;4.9654;5.3617;14.82;32.1667;3.2452;;0.9223;0.8872;0.8934;0.6296;;;
"1993-12";637.13;4.96;587.4874;4.2572;4.5969;13.13;32.16;3.2446;;0.84;0.78;0.81;0.59;;;
"1987-07";485.43;3.83;447.6072;3.2435;3.5024;9.36;28.95;2.9207;0.72;0.74;;;0.49;;;
"1987-02";515.77;4.08;475.5833;3.4463;3.7213;9.62;29.63;2.9893;0.71;0.72;;;0.51;;;
"1985-11";637.13;5.03;587.4874;4.2572;4.5969;11.18;44.59;4.4986;0.81;0.83;;;0.64;;;
"1985-01";657.36;5.11;606.1411;4.3923;4.7429;11.31;45.65;4.6055;0.82;0.87;;;0.64;;;
"1983-05";586.57;4.58;540.8668;3.9193;4.2321;10.14;39.49;3.9841;0.68;0.73;;;0.56;;;
"1981-08";;;;;;;;;;;;;;;;
"1981-01";;;;;;;;;;;;;;;;
"2017-01";;;1582.1335;11.4647;12.3798;31.76;78.7;7.9399;;;1.412;1.473;1.267;0.715;;
"2016-02";;;1545.2885;11.1977;12.0915;32.12;54.63;5.5115;;;1.2399;1.2969;1.0105;0.7207;;
"2014-11";;;1703.9509;12.3475;13.333;32.74;81.52;8.2244;;;1.429;1.4899;1.2462;0.8404;;
"2014-08";1915.05;;1702.4973;12.3369;13.3216;32.71;87.75;8.8529;;;1.499;1.5646;1.3025;0.8676;;
"2014-05";1915.05;14.8684;1683.3687;12.1983;13.1719;32.6;87.84;8.862;;;1.5146;1.5725;1.3044;0.8635;;
"2014-02";1909.05;14.8218;1727.6006;12.5189;13.518;32.52;89.94;9.0739;;;1.5083;1.5607;1.3294;0.8667;;
"2013-10";1806.97;14.0293;1647.9468;11.9416;12.8947;32.81;90.46;9.1263;;;1.4836;1.5462;1.3287;0.8612;;
"2013-03";1874.93;14.5569;1746.5576;12.6562;13.6663;32.96;97.01;9.7871;;;1.58;1.6354;1.3872;0.8915;;
"2012-05";1787.21;13.8758;1647.9577;11.9417;12.8948;31.88;95.47;9.6318;;;1.5692;1.6272;1.3925;0.9024;;
"2012-04";1799.71;13.9729;1659.4838;12.0253;12.985;31.76;99.33;10.0212;;;1.6664;1.7095;1.4362;0.907;;
"2011-10";1710.13;13.2774;1576.8835;11.4267;12.3387;30.61;89.91;9.0708;;;1.5024;1.5408;1.3397;0.8564;;
"2006-04";1382.4812;10.7336;1274.7638;9.2374;9.9747;26.89;67.79;6.8392;;1.3932;1.2807;1.3197;1.0958;0.6975;;
"2003-11";1016.3816;7.8912;937.1892;6.7912;7.3333;23.57;39.08;3.9427;;1.0749;0.9915;1.0146;0.786;0.5183;;
"1997-08";855.674;6.6434;789.0033;5.7174;6.1737;16.39;34.9108;3.5221;;0.9879;0.9543;0.962;0.6708;0.4406;;
"1995-04";723.0831;5.614;666.7433;4.8315;5.2171;14.48;30.3374;3.0607;;0.8872;0.8522;0.8598;0.5824;;;
"1993-10";637.13;4.96;587.4874;4.2572;4.5969;13.13;32.62;3.291;;0.85;0.79;0.82;0.59;;;
"1993-04";637.13;4.96;587.4874;4.2572;4.5969;13.13;31.86;3.2143;;0.8;0.76;0.77;0.54;;;
"1993-03";637.13;4.96;587.4874;4.2572;4.5969;13.13;32.16;3.2446;;0.8;0.75;0.77;0.54;;;
"1991-09";616.91;4.86;568.8428;4.1221;4.451;13.13;35.42;3.5735;;0.82;0.78;0.8;0.53;;;
"1989-07";525.89;4.11;484.9148;3.5139;3.7943;10.66;30.09;3.0357;0.77;0.79;;;0.5;;;
"1989-03";505.66;3.97;466.261;3.3787;3.6484;10.4;29.46;2.9722;0.74;0.76;;;0.51;;;
"1986-03";596.68;4.63;550.1891;3.9869;4.3051;10.53;37.25;3.7581;0.69;0.71;;;0.54;;;
"1985-10";637.13;5.03;587.4874;4.2572;4.5969;11.18;44.54;4.4936;0.82;0.83;;;0.64;;;
"1985-08";657.36;5.17;606.1411;4.3923;4.7429;11.44;43.67;4.4058;0.84;0.88;;;0.63;;;
"1985-04";687.7;5.39;634.1172;4.5951;4.9618;11.83;50.03;5.0474;0.85;0.87;;;0.68;;;
"1985-03";687.7;5.39;634.1172;4.5951;4.9618;11.83;49.37;4.9808;0.82;0.85;;;0.69;;;
"1984-11";657.36;5.11;606.1411;4.3923;4.7429;11.31;44.94;4.5339;0.81;0.86;;;0.63;;;
"1981-03";;;;;;;;;;;;;;;;
"1979-10";;;;;;;;;;;;;;;;
"1979-04";;;;;;;;;;;;;;;;
"1979-03";;;;;;;;;;;;;;;;
"2016-01";;;1564.7341;11.3387;12.2436;32.2;56.26;5.676;;;1.2712;1.3269;1.0244;0.7242;;
"2015-01";;;1633.36;11.8359;12.7806;32.77;67.12;6.7716;;;1.2675;1.3289;1.1042;0.8111;;
"2013-04";1870.93;14.5258;1719.7135;12.4617;13.4563;32.98;94.17;9.5006;;;1.5616;1.6194;1.3593;0.8899;;
"2013-01";1874.93;14.5569;1728.8497;12.5279;13.5278;32.67;96.99;9.7851;;;1.5559;1.6061;1.3824;0.8844;;
"2011-07";1669.13;12.9591;1539.0781;11.1527;12.0429;30.44;89.42;9.0214;;;1.5179;1.5535;1.3357;0.8565;;
"2011-05";1669.13;12.9591;1539.0781;11.1527;12.0429;30.1;86.1;8.6865;;;1.5402;1.5787;1.3181;0.8642;;
"2010-06";1402.14;10.8862;1292.8909;9.3688;10.1165;27.97;73;7.3648;;;1.362;1.399;1.17;0.72;;
"2009-07";1315.89;10.2165;1213.3611;8.7925;9.4942;27.87;55.49;5.5983;;;1.2222;1.2521;0.985;0.662;;
"2008-11";1590.69;12.3501;1466.7498;10.6286;11.4769;29.07;69.66;7.0279;;;1.1748;1.217;1.1304;0.7527;;
"2008-05";1550.69;12.0395;1429.8664;10.3614;11.1883;28.41;96.27;9.7125;;;1.4454;1.4835;1.4105;0.7693;;
"2002-11";1004.2457;7.7969;925.9989;6.7101;7.2457;22.34;36.89;3.7218;;1.0952;1.0201;1.037;0.7746;0.5324;;
"2001-04";983.6397;7.637;906.9984;6.5725;7.097;21.95;41.1612;4.1527;;1.1647;1.0763;1.1007;0.8065;0.5092;;
"2000-07";1009.8495;7.8404;931.1661;6.7476;7.2861;19.99;45.2774;4.5679;;1.212;1.1403;1.1571;0.8293;0.5198;;
"1999-03";847.9652;6.5836;781.8952;5.6659;6.1181;17.12;29.1178;2.9376;;0.9421;0.8918;0.904;0.6403;0.4131;;
"1997-06";855.674;6.6434;789.0033;5.7174;6.1737;16.37;33.5388;3.3837;;0.9757;0.933;0.9406;0.6662;0.4299;;
"1995-07";723.0831;5.614;666.7433;4.8315;5.2171;14.47;29.5751;2.9838;;0.8827;0.8537;0.8568;0.5763;;;
"1992-01";687.7;5.4;634.1172;4.5951;4.9618;14.17;31.49;3.177;;0.79;0.76;0.77;0.52;;;
"1991-03";687.7;5.36;634.1172;4.5951;4.9618;13.78;33.41;3.3707;;0.79;0.76;0.77;0.54;;;
"1990-07";536;4.2;494.237;3.5814;3.8673;11.44;28.27;2.8521;0.75;0.77;0.75;0.77;0.48;;;
"1989-05";505.66;3.97;466.261;3.3787;3.6484;10.4;29.45;2.9712;0.82;0.84;;;0.52;;;
"1989-01";525.89;4.15;484.9148;3.5139;3.7943;9.88;29.84;3.0105;0.75;0.75;;;0.51;;;
"1988-02";546.11;4.32;503.5593;3.649;3.9402;10.14;27.85;2.8097;0.69;0.71;;;0.48;;;
"1983-11";606.79;4.71;559.5114;4.0544;4.378;10.53;39.57;3.9921;0.7;0.75;;;0.56;;;
"1982-08";;;;;;;;;;;;;;;;
"1982-06";;;;;;;;;;;;;;;;
"1981-12";;;;;;;;;;;;;;;;
"2016-12";;;1537.2289;11.1393;12.0284;31.7;73.93;7.4586;;;1.3646;1.422;1.1991;0.7097;;
"2015-12";;;1557.4955;11.2862;12.187;32.09;56.79;5.7294;;;1.2586;1.3202;1.0018;0.7358;;
"2014-03";1909.05;14.8218;1730.7688;12.5418;13.5428;32.53;88.32;8.9104;;;1.5045;1.5595;1.3129;0.8635;;
"2012-01";1710.13;13.2774;1576.8835;11.4267;12.3387;30.62;97.42;9.8285;;;1.5563;1.5954;1.424;0.8561;;
"2011-04";1694.13;13.1532;1562.1302;11.3198;12.2232;30;91.7;9.2514;;;1.5383;1.5752;1.3719;0.8647;;
"2010-11";1501.79;11.6599;1384.7765;10.0346;10.8355;28.56;74.55;7.5212;;;1.354;1.389;1.177;0.747;;
"2009-01";1480.79;11.4968;1365.4128;9.8943;10.684;29.08;60.86;6.14;;;1.1108;1.1464;0.9956;0.6989;;
"2006-09";1382.4812;10.7336;1274.7638;9.2374;9.9747;27.07;63.18;6.3741;;1.3156;1.1885;1.2333;1.0651;0.7212;;
"2005-08";1197.4087;9.2966;1104.1114;8.0008;8.6394;25.63;63.04;6.36;;1.3337;1.2265;1.2774;1.0724;0.6106;;
"2004-03";1035.5967;8.0404;954.9072;6.9196;7.4719;23.72;42.05;4.2423;;1.115;1.037;1.057;0.844;0.531;;
"2004-02";1035.5967;8.0404;954.9072;6.9196;7.4719;23.69;37.38;3.7712;;1.09;1.007;1.029;0.8;0.538;;
"2002-07";965.8153;7.4986;890.5629;6.4534;6.9684;22.23;34.37;3.4675;;1.0762;0.9995;1.0193;0.7436;0.4924;;
"1997-05";855.674;6.6434;789.0033;5.7174;6.1737;16.38;34.6059;3.4913;;0.9772;0.9345;0.9437;0.6708;0.4299;;
"1994-09";637.13;4.96;587.4874;4.2572;4.5969;13.13;30.48;3.0751;;0.86;0.81;0.82;0.58;;;
"1990-12";677.58;5.31;624.7857;4.5274;4.8888;13;37.36;3.7692;0.79;0.8;0.8;0.8;0.58;;;
"1988-06";525.89;4.15;484.9148;3.5139;3.7943;9.88;27.88;2.8128;0.72;0.74;;;0.49;;;
"1988-03";525.89;4.15;484.9148;3.5139;3.7943;9.88;27.44;2.7684;0.7;0.72;;;0.48;;;
"1987-01";495.55;3.86;456.9387;3.3112;3.5754;9.36;31.98;3.2264;0.71;0.72;;;0.5;;;
"1984-09";627.02;4.94;578.1651;4.1896;4.524;10.92;42.25;4.2625;0.78;0.83;;;0.61;;;
"1982-10";;;;;;;;;;;;;;;;
"1982-02";;;;;;;;;;;;;;;;
"1979-11";;;;;;;;;;;;;;;;
"2012-08";1759.71;13.6623;1622.6004;11.758;12.6964;32.08;99.31;10.0192;;;1.6349;1.688;1.449;0.8672;;
"2011-03";1641.13;12.7417;1513.2597;10.9657;11.8408;29.77;91.25;9.206;;;1.496;1.535;1.359;0.853;;
"2011-02";1641.13;12.7417;1513.2597;10.9657;11.8408;29.5;85.87;8.6633;;;1.464;1.499;1.308;0.824;;
"2010-12";1591.13;12.3535;1467.1555;10.6316;11.4801;28.66;79.47;8.0176;;;1.412;1.445;1.219;0.801;;
"2010-01";1449.39;11.253;1336.4593;9.6845;10.4574;27.72;67.46;6.8059;;;1.307;1.338;1.087;0.695;;
"2008-10";1633.19;12.68;1505.9384;10.9126;11.7836;29.05;76.47;7.7149;;;1.2769;1.3227;1.1872;0.7741;;
"2008-09";1640.59;12.7375;1512.7618;10.962;11.837;29.03;87.95;8.8731;;;1.4267;1.4653;1.3068;0.7829;;
"2006-12";1382.4812;10.7336;1274.7638;9.2374;9.9747;26.97;60.43;6.0967;;1.2666;1.164;1.1938;1.0272;0.6967;;
"2006-02";1320.7904;10.2546;1217.8797;8.8252;9.5296;26.02;63.84;6.4407;;1.3279;1.1931;1.2392;1.0574;0.7233;;
"2004-09";1082.1177;8.4015;997.8034;7.2305;7.8075;24.46;48.03;4.8457;;1.1553;1.0741;1.0968;0.9206;0.5835;;
"2003-12";1016.3816;7.8912;937.1892;6.7912;7.3333;23.57;38.23;3.8569;;1.071;0.987;1.0105;0.7838;0.5257;;
"2000-03";797.0873;6.1886;734.9815;5.326;5.751;18.5;42.8382;4.3219;;1.1678;1.0992;1.1098;0.8217;0.5077;;
"1999-11";786.295;6.1048;725.0301;5.2538;5.6732;18.31;38.4172;3.8758;;1.0702;1.0138;1.0245;0.7546;0.4634;;
"1997-10";909.6354;7.0624;838.7603;6.078;6.5631;16.96;35.0633;3.5375;;0.9833;0.9482;0.9574;0.6738;0.4452;;
"1996-10";795.5456;6.1766;733.5598;5.3157;5.7399;15.41;36.7402;3.7066;;0.9589;0.9208;0.9284;0.6952;0.4116;;
"1995-09";726.1666;5.6379;669.5866;4.8521;5.2393;14.63;31.2521;3.153;;0.8994;0.8674;0.8705;0.5946;;;
"1994-07";637.13;4.96;587.4874;4.2572;4.5969;13.13;30.48;3.0751;;0.85;0.8;0.81;0.58;;;
"1994-03";637.13;4.96;587.4874;4.2572;4.5969;13.13;31.4;3.1679;;0.84;0.78;0.81;0.59;;;
"1992-11";637.13;4.97;587.4874;4.2572;4.5969;12.74;31.4;3.1679;;0.79;0.75;0.76;0.53;;;
"1990-06";566.34;4.41;522.2131;3.7842;4.0862;11.44;28.78;2.9036;0.75;0.77;0.74;0.76;0.49;;;
"1988-10";525.89;4.15;484.9148;3.5139;3.7943;9.88;27.04;2.728;0.72;0.74;;;0.48;;;
"1985-09";637.13;5.03;587.4874;4.2572;4.5969;11.18;43.05;4.3432;0.82;0.84;;;0.63;;;
"1984-10";627.02;4.94;578.1651;4.1896;4.524;10.92;44.07;4.4461;0.79;0.85;;;0.63;;;
"1982-03";;;;;;;;;;;;;;;;
"1980-11";;;;;;;;;;;;;;;;
"2016-09";;;1495.0512;10.8337;11.6984;31.77;63.78;6.4346;;;1.2992;1.3578;1.1114;0.7013;;
"2013-02";1874.93;14.5569;1740.655;12.6134;13.6202;32.91;100.14;10.1029;;;1.6126;1.6588;1.4151;0.885;;
"2011-01";1591.13;12.3535;1467.1555;10.6316;11.4801;29.13;83.25;8.3989;;;1.466;1.505;1.284;0.827;;
"2008-04";1525.94;11.8474;1407.0449;10.196;11.0097;28.34;84.47;8.522;;;1.3804;1.4192;1.2871;0.7493;;
"2008-01";1509.69;11.7212;1392.061;10.0874;10.8925;28.16;76.18;7.6856;;;1.338;1.375;1.187;0.75;;
"2007-10";1409.787;10.9456;1299.942;9.4199;10.1717;26.97;69.08;6.9693;;;1.2868;1.3229;1.1349;0.7052;;
"2007-04";1382.4812;10.7336;1274.7638;9.2374;9.9747;27.11;62.31;6.2863;;;1.2792;1.3051;1.0675;0.7088;;
"2006-07";1382.4812;10.7336;1274.7638;9.2374;9.9747;27.03;67.33;6.7928;;1.4294;1.3231;1.3552;1.1172;0.7218;;
"2004-08";1082.1177;8.4015;997.8034;7.2305;7.8075;24.26;46.8;4.7216;;1.1582;1.0793;1.1016;0.9109;0.5661;;
"2004-04";1035.5967;8.0404;954.9072;6.9196;7.4719;23.79;41.85;4.2222;;1.1321;1.0513;1.0732;0.8415;0.5409;;
"2002-05";981.9965;7.6242;905.4833;6.5615;7.0852;22.2;36.63;3.6955;;1.1101;1.0292;1.0514;0.7785;0.4924;;
"2000-06";1009.8495;7.8404;931.1661;6.7476;7.2861;19.72;44.6676;4.5064;;1.2105;1.1327;1.154;0.8217;0.5092;;
"1999-08";786.295;6.1048;725.0301;5.2538;5.6732;17.4;33.5388;3.3837;;1.0214;0.9833;0.9879;0.6982;0.436;;
"1999-05";847.9652;6.5836;781.8952;5.6659;6.1181;17.13;30.4898;3.0761;;0.9818;0.9376;0.9467;0.6723;0.4101;;
"1998-07";847.9652;6.5836;781.8952;5.6659;6.1181;17.24;28.9653;2.9223;;0.9589;0.9193;0.9269;0.6342;0.4147;;
"1998-03";909.6354;7.0624;838.7603;6.078;6.5631;17.21;31.2521;3.153;;0.9711;0.933;0.9437;0.6571;0.4299;;
"1997-03";869.5498;6.7512;801.7979;5.8101;6.2739;16.31;35.5206;3.5836;;0.9802;0.9376;0.9482;0.6845;0.4299;;
"1997-01";854.1322;6.6315;787.5817;5.7071;6.1626;16.16;38.2647;3.8604;;0.9833;0.9421;0.9528;0.7058;0.4299;;
"1995-10";726.1666;5.6379;669.5866;4.8521;5.2393;14.64;30.4898;3.0761;;0.8949;0.8613;0.8659;0.5884;;;
"1994-12";637.13;4.96;587.4874;4.2572;4.5969;13.13;30.33;3.0599;;0.84;0.8;0.81;0.58;;;
"1994-06";637.13;4.96;587.4874;4.2572;4.5969;13.13;30.79;3.1063;;0.85;0.8;0.81;0.58;;;
"1994-01";637.13;4.96;587.4874;4.2572;4.5969;13.13;32.16;3.2446;;0.85;0.79;0.82;0.59;;;
"1993-02";616.91;4.84;568.8428;4.1221;4.451;12.74;31.7;3.1981;;0.8;0.75;0.76;0.53;;;
"1992-06";637.13;4.97;587.4874;4.2572;4.5969;12.74;31.61;3.1891;;0.81;0.76;0.78;0.53;;;
"1991-10";616.91;4.86;568.8428;4.1221;4.451;13.13;35.94;3.6259;;0.82;0.78;0.79;0.54;;;
"1991-04";647.24;5.07;596.8096;4.3247;4.6699;13.52;31.89;3.2173;;0.8;0.77;0.77;0.52;;;
"1991-01";707.92;5.57;652.7617;4.7302;5.1077;13.78;38.03;3.8368;;0.8;0.79;0.79;0.58;;;
"1989-10";515.77;4.01;475.5833;3.4463;3.7213;10.66;32.41;3.2698;0.76;0.78;;;0.51;;;
"1988-04";525.89;4.15;484.9148;3.5139;3.7943;9.88;27.71;2.7956;0.71;0.72;;;0.48;;;
"1987-12";546.11;4.32;503.5593;3.649;3.9402;10.14;29.2;2.9459;0.7;0.72;;;0.49;;;
"1983-09";606.79;4.71;559.5114;4.0544;4.378;10.53;38.95;3.9296;0.7;0.75;;;0.55;;;
"1982-07";;;;;;;;;;;;;;;;
"1979-07";;;;;;;;;;;;;;;;
