"Période";"1. Production primaire de gaz naturel (extraction de gaz commercialisé) (en TWh PCS)";"2. Total des importations de gaz naturel (en TWh PCS)";"2.1.1 Importations de gaz naturel de Norvège (en TWh PCS)";"2.1.2 Importations de gaz naturel d'Algérie  (en TWh PCS)";"2.1.3 Importations de gaz naturel de Russie (en TWh PCS)";"2.1.4 Importations de gaz naturel des Pays-Bas (en TWh PCS)";"2.1.5 Importations de gaz naturel du Nigéria (hors swaps, en TWh PCS)";"2.1.6 Importations de gaz naturel du Qatar (en TWh PCS)";"2.1.7 Importations de gaz naturel des pays autres que Norvège, Algérie, Russie, Nigéria, Pays-Bas et Qatar (en TWh PCS)";"3. Variation de stock utile (en TWh PCS)";"4. Consommation totale de gaz naturel (en TWh PCS)";"4.1 Consommation réelle de gaz naturel par les gros clients reliés au réseau de transport (en TWh PCS)";"4.1.1 Livraisons aux centrales à cycle combiné au gaz (CCCG) par GRTgaz (en TWh PCS)";"4.2 Consommation réelle de gaz naturel par les clients reliés au réseau de distribution (en TWh PCS)";"5. Consommation totale de gaz naturel corrigée du climat (en TWh PCS)";"5.1 Consommation sur le réseau de transport CVC-CJO (en TWh PCS)";"5.2 Consommation sur le réseau de distribution CVC-CJO (en TWh PCS)";"6. Consommation totale de gaz naturel CVS-CVC-CJO (en TWh PCS)";"6.1 Consommation sur le réseau de transport CVS-CVC-CJO (en TWh PCS)";"6.2 Consommation sur le réseau de distribution CVS-CVC-CJO (en TWh PCS)";"7. Stocks (gaz gazeux + GNL) utiles fin de mois (en TWh)";"8. Production de biométhane (en TWh PCS)";"9. Degrés jours unifiés mensuels en France, pour la période de chauffe (vaut 0 de juin à septembre, en °C)";"10. Indice de rigueur climatique pour la France métropolitaine (ref.1 pour la période de référence) (sans unité)"
"PERIODE";"PRODRES_GAZ";"QSOLI_GAZ";"QIMPNOR_GAZ";"QIMPALG_GAZ";"QIMPRUS_GAZ";"QIMPNL_GAZ";"QIMPNIG_GAZ";"QIMPQAT_GAZ";"QIMPAUTR_GAZ";"VSTO_GAZ";"CONSO_GAZ";"LTRAN_GAZ";"LPE_GAZ";"LDIS_GAZ";"CONSO_GAZ_COR1";"CTRAN_GAZ_COR1";"CDIS_GAZ_COR1";"CONSO_GAZ_COR2";"CTRAN_GAZ_COR2";"CDIS_GAZ_COR2";"STO_GAZ";"PRODBIO_GAZ";"DJU";"INDRIG"
"2022-11";0.669;35.902;14.643;4.087;9.635;2.269;1.787;1.098;16.566;3.129;40.6;16.229;5.31;24.372;46.736;17.071;29.666;32.587;13.536;19.051;138.577;0.641;195.907;0.771
"2022-06";0.546;33.032;15.022;2.861;6.436;1.59;0;1.4;20.526;-13.807;19.107;12.047;3.468;7.061;19.107;12.047;7.061;39.596;15.614;23.982;90.566;0.546;0;1
"2020-01";0.161;26.078;17.425;3.364;6.281;0.573;0;0;11.701;40.592;65.109;20.249;5.989;44.86;71.396;21.135;50.261;41.46;16.364;25.096;84.576;0.143;317.101;0.855
"2019-06";0.105;40.029;19.324;2.42;8.156;5.393;0;2.377;9.912;-18.902;20.581;12.337;2.61;8.244;20.581;12.337;8.244;42.041;16.729;25.312;99.082;0.092;0;1
"2021-11";0.477;33.065;15.819;4.026;10.059;2.016;0;0.936;11.784;23.886;56.833;18.906;5.914;37.926;53.157;18.351;34.806;38.578;14.528;24.05;105.805;0.443;288.403;1.135
"2022-10";0.678;29.333;16.185;3.436;4.383;3.615;0;2.639;23.521;-4.005;26.115;15.311;5.505;10.804;34.046;15.976;18.07;39.434;15.895;23.539;142.077;0.66;37.95;0.305
"2020-10";0.239;40.35;14.047;4.094;8.341;4.317;0;0;9.724;-1.609;38.317;15.393;3.528;22.925;37.332;15.311;22.02;42.277;14.867;27.411;139.342;0.216;131.438;1.055
"2022-09";0.631;29.906;14.529;4.554;5.888;4.475;0;1.415;18.694;-7.787;21.98;13.631;4.523;8.349;21.98;13.631;8.349;40.4;15.78;24.621;136.908;0.617;0;1
"2021-02";0.28;30.857;14.784;4.066;7.973;0.834;1.069;0;15.785;24.292;53.78;15.645;3.512;38.136;59.807;16.732;43.075;39.322;14.925;24.396;38.351;0.256;260.675;0.815
"2022-07";0.594;41.748;19.733;2.494;5.906;2.815;0;4.24;21.696;-22.243;19.146;13.073;4.483;6.072;19.146;13.073;6.072;39.145;15.307;23.838;113.116;0.585;0;1
"2022-08";0.608;34.144;17.947;2.884;5.683;3.009;1.792;4.531;21.371;-16.384;17.408;12.053;4.121;5.355;17.408;12.053;5.355;39.645;15.746;23.899;129.282;0.597;0;1
"2018-07";0.065;44.225;18.719;2.877;10.467;5.552;0;3.546;8.859;-24.064;19.847;13.001;2.976;6.846;19.847;13.001;6.846;40.662;15.573;25.089;89.385;0.059;0;1
"2021-12";0.519;39.645;18.625;2.786;14.902;6.22;1.89;0.94;12.223;23.384;62.307;18.858;5.27;43.449;66.369;19.574;46.795;40.084;15.312;24.773;83.394;0.483;318.72;0.903
"2023-02";0.668;17.942;10.846;4.935;2.187;0.287;0;1.377;13.05;30.502;50.502;16.289;5.375;34.213;52.821;16.714;36.108;32.375;15.074;17.301;63.428;0.643;292.236;0.914
"2019-10";0.137;36.26;19.771;3.511;9.148;3.833;0;0;10.965;-2.247;33.704;16.119;5.3;17.585;36.914;16.398;20.516;41.545;15.582;25.963;142.158;0.124;87.554;0.703
"2022-12";0.717;39.707;10.078;6.302;6.651;2.761;1.03;1.599;23.156;17.21;56.865;17.039;4.998;39.825;58.485;17.299;41.186;32.592;13.435;19.157;122.439;0.688;339.35;0.962
"2021-09";0.403;31.506;15.702;3.361;8.02;2.784;0.957;1.423;15.679;-11.479;19.71;11.578;2.369;8.133;19.71;11.578;8.133;37.768;13.341;24.427;127.74;0.395;0;1
"2022-01";0.527;38.461;16.392;3.371;6.887;0.581;0;0;26.235;29.855;68.119;19.331;5.541;48.788;66.345;19.097;47.248;36.953;14.759;22.194;53.1;0.494;385.801;1.04
"2023-01";0.712;27.684;12.385;6.564;4.842;1.04;1.132;1.378;10.15;26.734;55.71;15.472;4.143;40.238;59.633;15.906;43.726;30.995;12.348;18.646;94.393;0.69;336.034;0.906
"2021-10";0.459;36.853;17.142;6.218;13.73;4.393;0;1.376;10.826;-3.29;33.234;13.372;2.716;19.863;32.842;13.343;19.499;38.08;13.154;24.926;132.161;0.427;125.254;1.006
"2021-06";0.341;35.002;13.231;3.432;10.639;1.661;1.141;0;10.219;-15.652;19.101;11.281;2.074;7.82;19.101;11.281;7.82;39.565;14.779;24.786;72.249;0.34;0;1
"2020-04";0.18;51.207;23.625;3.509;7.008;5.574;0;0;25.838;-26.786;23.884;9.075;0.219;14.809;33.339;10.37;22.969;36.719;11.791;24.929;76.515;0.165;89.303;0.538
"2019-01";0.096;38.398;22.346;2.292;10.337;0.324;0;0.118;9.481;36.392;74.244;22.095;6.622;52.149;71.542;21.695;49.847;41.445;16.861;24.584;66.186;0.08;393.349;1.06
"2018-08";0.069;40.555;15.547;1.964;10.791;3.281;0;1.422;14.505;-21.612;18.253;12.044;2.78;6.208;18.253;12.044;6.208;41.626;16.457;25.168;110.691;0.062;0;1
"2018-02";0.053;43.266;18.863;3.875;10.04;4.614;0;0.52;9.4;27.386;70.217;19.138;5.341;51.079;59.966;17.112;42.854;39.473;15.003;24.47;28.669;0.045;397.119;1.242
"2019-12";0.158;50.009;20.806;0.955;9.681;5.208;2.302;2.75;16.833;10.283;59.925;18.076;3.928;41.849;66.876;19.272;47.604;40.77;15.118;25.652;125.253;0.137;293.701;0.832
"2019-11";0.139;50.4;17.924;3.478;7.066;4.654;0.948;0;16.726;6.614;56.622;20.055;6.255;36.567;56.1;19.972;36.129;40.611;15.551;25.06;135.34;0.123;258.921;1.019
"2019-08";0.113;37.336;17.559;1.476;7.21;4.587;0;3.113;10.857;-18.807;18.043;11.9;3.03;6.144;18.043;11.9;6.144;40.983;15.951;25.032;136.011;0.105;0;1
"2022-04";0.573;48.68;18.035;3.898;10.572;2.214;1.027;0.995;32.037;-12.633;35.788;14.259;4.729;21.528;36.568;14.407;22.161;40.257;15.804;24.452;53.227;0.551;162.673;0.979
"2021-03";0.341;48.609;15.594;6.06;13.619;4.37;2.076;0;16.763;4.337;52.631;16.345;3.723;36.285;51.752;16.224;35.528;38.162;14.698;23.464;37.091;0.313;260.78;1.02
"2020-06";0.181;33.77;20.017;2.797;8.265;4.379;0;0.965;9.16;-11.933;21.527;13.404;4.127;8.123;21.527;13.404;8.123;42.981;17.834;25.147;114.722;0.169;0;1
"2018-06";0.065;38.641;17.014;5.097;9.687;6.271;0;0.57;8.589;-19.284;18.169;10.217;0.846;7.952;18.169;10.217;7.952;39.081;14.073;25.008;63.968;0.055;0;1
"2020-02";0.158;28.411;15.562;4.481;6.796;3.475;1.701;0;12.835;24.032;52.226;15.959;3.254;36.266;61.877;17.758;44.119;41.283;15.724;25.559;59.305;0.14;230.482;0.721
"2019-07";0.103;38.887;21.117;2.983;5.185;5.768;0;3.797;7.342;-17.178;21.219;14.32;4.501;6.899;21.219;14.32;6.899;41.865;16.825;25.04;115.183;0.096;0;1
"2019-04";0.113;53.833;20.906;4.002;14.053;5.098;0;2.776;18.637;-16.437;36.875;14.036;2.923;22.839;37.379;14.13;23.249;41.357;16.347;25.009;64.768;0.092;164.844;0.992
"2020-11";0.26;37;15.729;4.538;7.528;3.448;0;0;10.488;12.168;48.953;17.718;4.714;31.235;54.035;18.467;35.568;39.176;14.494;24.681;127.35;0.232;206.465;0.812
"2019-03";0.114;50.209;23.062;4.032;12.28;4.33;0;2.439;16.284;-0.869;48.86;15.456;2.172;33.404;53.238;16.043;37.195;39.41;14.565;24.845;47.986;0.093;221.345;0.865
"2018-03";0.06;43.907;20.007;2.874;11.067;5.962;0;0.422;9.247;15.512;59.12;16.986;3.697;42.133;55.098;16.419;38.678;41.153;14.865;26.288;12.833;0.052;284.173;1.111
"2017-12";0.054;49.724;20.74;3.999;11.55;6.619;0.943;0.617;9.797;19.931;68.98;20.891;5.573;48.089;68.851;20.867;47.984;42.328;16.142;26.186;80.859;0.045;354.569;1.005
"2020-12";0.293;35.047;17.676;3.382;13.21;4.827;0;0.873;6.879;26.212;60.914;18.158;4.623;42.756;65.014;18.858;46.156;38.917;14.796;24.121;101.645;0.265;318.167;0.902
"2020-09";0.189;26.701;13.493;4.961;10.214;3.341;0;0.927;7.184;-2.814;23.09;14.045;4.159;9.045;23.09;14.045;9.045;41.508;16.085;25.424;138.517;0.186;0;1
"2019-09";0.128;28.414;11.711;2.904;7.205;4.693;0.923;0;4.801;-5.031;22.54;14.039;4.558;8.501;22.54;14.039;8.501;40.839;15.892;24.948;139.052;0.115;0;1
"2019-05";0.114;46.851;21.666;1.963;15.045;4.876;0;0.886;11.92;-15.772;30.369;13.707;2.75;16.661;27.222;13.228;13.994;42.592;17.356;25.237;79.348;0.098;107.094;1.365
"2018-11";0.075;45.873;20.874;4.003;8.354;5.215;2.03;0.157;9.329;10.224;55.696;20.249;5.751;35.447;57.257;20.503;36.754;41.394;15.792;25.602;122.504;0.071;239.74;0.943
"2018-04";0.061;40.182;17.684;4.234;9.502;3.937;0;2.154;11.092;-9.619;30.092;11.108;0.714;18.984;37.355;12.272;25.083;40.967;14.272;26.695;24.385;0.054;109.397;0.659
"2022-05";0.584;47.825;16.399;2.433;13.792;3.158;1.861;4.202;26.74;-24.887;22.585;13.372;4.127;9.213;26.718;14.011;12.708;42.164;18.28;23.884;77.699;0.574;37.956;0.484
"2022-03";0.581;49.953;17.195;4.381;14.88;3.003;1.782;0;29.782;-2.49;47.299;16.767;5.598;30.532;51.538;17.376;34.162;37.918;15.701;22.217;38.684;0.554;222.74;0.871
"2022-02";0.494;34.293;14.679;4.078;12.679;1.107;1.754;0;17.36;16.52;50.596;14.872;3.319;35.724;57.141;16.008;41.133;36.737;14.358;22.379;36.585;0.466;255.808;0.8
"2021-04";0.338;42.834;13.768;4.423;13.95;4.326;0;0;17.499;-1.615;40.941;15.081;4.496;25.86;35.407;14.019;21.388;39.177;15.636;23.541;37.347;0.31;212.419;1.279
"2021-01";0.302;35.631;20.22;2.342;8.829;4.418;0;0;8.131;36.23;70.138;19.17;4.96;50.967;68.399;18.942;49.457;38.998;14.623;24.375;63.997;0.275;385.513;1.039
"2020-05";0.186;49.307;17.405;3.51;6.722;5.304;1.016;1.404;28.115;-26.231;22.247;11.162;1.514;11.085;24.148;11.411;12.737;38.893;14.911;23.982;103.949;0.168;58.632;0.747
"2018-12";0.091;41.879;19.114;4.376;8.339;4.867;1.016;1.779;10.497;18.937;60.656;18.621;3.842;42.034;66.57;19.66;46.91;40.314;15.313;25.001;103.403;0.075;302.835;0.858
"2018-01";0.056;36.813;21.079;4.44;9.371;1.939;0;0.723;10.861;22.824;59.438;16.975;1.944;42.463;70.335;18.312;52.022;40.946;14.282;26.664;57.661;0.046;275.94;0.744
"2021-05";0.358;47.96;15.748;4.95;10.885;5.129;0;1.416;13.088;-18.085;29.395;11.506;1.368;17.889;25.369;10.981;14.388;39.968;14.343;25.624;56.729;0.334;116.452;1.485
"2020-07";0.191;28.689;18.238;1.152;5.954;3.695;0;0.912;13.49;-7.739;20.692;13.536;4.243;7.157;20.692;13.536;7.157;40.933;15.765;25.167;121.902;0.178;0;1
"2020-03";0.181;38.967;18.976;3.983;6.707;3.882;0.875;1.365;13.778;10.582;49.087;15.012;2.979;34.075;50.148;15.149;34.999;36.51;13.746;22.764;48.564;0.162;246.202;0.963
"2019-02";0.1;35.391;19.637;4.596;7.293;0.646;0;1.972;9.087;20.887;55.877;17.489;4.607;38.388;61.852;18.668;43.184;41.17;16.44;24.73;45.976;0.079;262.159;0.82
"2018-09";0.073;38.578;16.966;3.093;9.619;5.887;0;1.576;8.287;-16.367;21.667;12.996;2.399;8.671;21.667;12.996;8.671;39.834;14.614;25.22;127.826;0.064;0;1
"2018-10";0.083;41.951;19.59;3.845;9.536;3.381;1.015;1.747;9.755;-6.354;35.146;16.894;4.525;18.252;36.373;17.005;19.368;40.637;15.822;24.815;133.463;0.073;108.323;0.87
"2021-07";0.382;38.848;17.449;2.31;11.426;3.693;0;0;12.776;-20.517;18.108;10.914;1.987;7.194;18.108;10.914;7.194;37.771;12.713;25.058;91.571;0.374;0;1
"2017-11";0.052;47.333;19.437;3.908;9.832;6.732;1.149;2.1;7.215;12.347;59.19;21.78;6.632;37.41;57.05;21.414;35.636;40.873;16.444;24.43;101.326;0.038;273.605;1.076
"2021-08";0.397;39.151;18.513;3.874;7.064;3.551;0;0;14.859;-23.472;15.599;9.115;0.709;6.484;15.599;9.115;6.484;37.07;11.94;25.13;116.851;0.387;0;1
"2020-08";0.19;31.69;18.079;3.01;8.428;1.02;1.88;1.751;9.699;-12.973;18.422;12.423;4.21;5.999;18.422;12.423;5.999;41.229;16.454;24.775;135.93;0.183;0;1
"2018-05";0.063;43.105;17.952;2.896;9.881;5.27;0;2.7;13.116;-20.672;21.997;9.831;0.348;12.166;24.08;10.075;14.005;38.456;13.212;25.244;43.955;0.057;56.532;0.721
"2016-11";0.044;44.376;19.668;3.361;9.619;5.451;0;1.299;7.234;14.571;58.212;21.406;6.613;36.806;58.123;21.392;36.731;41.843;16.399;25.444;116.902;0.022;256.744;1.01
"2016-04";0.03;45.04;17.736;5.314;9.315;4.229;0;0.593;6.85;-5.939;38.799;13.006;2.71;25.792;36.017;12.523;23.494;39.358;14.223;25.135;42.893;0.015;191.505;1.153
"2017-09";0.046;31.408;16.277;3.424;6.912;4.034;0;1.483;4.297;-5.648;25.442;14.653;3.55;10.789;25.442;14.653;10.789;43.87;16.466;27.403;108.69;0.035;0;1
"2017-01";0.044;46.667;21.046;1.498;10.542;4.469;0;1.402;8.124;35.207;81.439;22.087;7.292;59.351;71.851;20.696;51.155;41.813;16.203;25.61;56.39;0.027;452.737;1.22
"2015-02";0.023;35.13;19.764;0.978;3.686;3.923;0;0.005;6.795;28.557;63.684;16.136;2.924;47.548;59.555;15.418;44.136;38.642;13.418;25.224;40.736;0.004;351.239;1.099
"2014-06";0.011;35.091;12.599;3.396;6.774;4.434;0;0.105;5.583;-16.608;18.047;9.826;0.288;8.221;18.047;9.826;8.221;38.726;13.316;25.41;84.424;0.002;0;1
"2012-04";0.475;41.314;18.145;3.992;8.075;5.76;0.966;1.929;4.861;-0.637;40.895;12.725;1.535;28.17;;;;40.033;13.551;26.482;38.157;;203.518;1.225
"2012-01";0.522;46.621;20.711;2.906;7.974;8.73;0;1.45;6.571;20.684;67.573;18.722;2.398;48.851;;;;41.35;15.037;26.313;81.164;;338.038;0.911
"2011-11";0.549;43.178;19.052;5.345;4.528;7.219;0;1.243;8.016;8.768;52.055;19.202;3.284;32.853;;;;41.852;15.355;26.497;126.039;;198.874;0.782
"2010-11";0.6;45.849;17.637;6.465;2.393;7.6;0;0.327;;13.898;60.262;20.14;0;40.122;;;;41.642;15.112;26.53;;;276.919;1.089
"2009-03";0.841;45.173;14.635;8.184;7.816;6.384;0;0.644;;11.154;56.775;15.72;0;41.055;;;;38.771;12.727;26.044;;;276.464;1.081
"2007-03";0.973;36.941;10.946;6.769;4.945;6.012;0.92;0.144;;21.249;59.222;17.864;0;41.358;;;;41.284;14.306;26.978;;;264.952;1.036
"2007-02";0.913;34.066;13.25;7.392;4.747;5.076;0;0;;21.548;56.292;15.32;0;40.972;;;;40.58;13.767;26.813;;;243.557;0.762
"2006-12";1;44.785;13.66;7.626;8.904;8.678;0;0;;23.167;68.058;17.386;0;50.672;;;;40.844;13.695;27.149;;;350.907;0.994
"2006-07";0.903;39.171;10.95;5.534;4.401;6.528;0;0;;-21.457;18.538;11.196;0;7.342;;;;42.019;14.587;27.432;;;0;1
"2005-11";0.706;46.894;12.001;6.466;9.379;8.385;0;0;;16.849;61.602;19.01;0;42.592;;;;42.445;14.293;28.152;;;296.157;1.165
"2002-07";1.52;39.4;12;10.74;8.87;4.58;0;0.38;;-21.79;18.57;10.03;0;8.54;;;;41.049;13.497;27.552;;;0;1
"2002-04";1.34;38.303;12.49;11.9;8.51;3.42;0;1.89;;-0.83;38.25;12.86;0;25.39;;;;40.327;13.783;26.545;;;165.079;0.994
"2013-08";0.332;34.065;10.201;4.648;8.939;6.099;0;1.456;5.45;-18.578;15.269;9.008;0.195;6.261;15.269;9.008;6.261;38.772;13.056;25.716;98.858;;0;1
"2012-06";0.523;34.534;15.209;3.867;5.38;5.784;0;1.833;4.789;-14.891;19.919;10.815;1.063;9.104;;;;41.178;14.554;26.624;68.198;;0;1
"2010-06";0.57;39.368;11.4;7.206;7.472;5.892;0;0.862;;-18.733;20.342;11.357;0;8.985;;;;41.951;15.128;26.824;;;0;1
"2009-05";0.833;42.129;13.467;7.072;6.271;5.91;0;0.47;;-20.027;22.486;9.958;0;12.528;;;;39.659;12.865;26.794;;;59.968;0.764
"2009-02";0.788;38.94;12.12;4.622;6.097;7.145;0;0.436;;25.313;64.67;15.007;0;49.663;;;;39.862;12.602;27.26;;;342.672;1.072
"2008-05";0.912;40.091;13.453;6.481;5.338;6.443;0.929;0.393;;-18.191;22.516;11.081;0;11.435;;;;42.719;14.573;28.146;;;35.014;0.446
"2007-10";1.03;42.57;11.328;7.466;4.502;8.199;0;0.307;;-1.043;42.36;16.465;0;25.895;;;;44.022;15.396;28.626;;;157.386;1.264
"2007-07";1.01;38.616;11.457;7.023;4.281;7.005;0.948;0.448;;-20.799;20.021;11.157;0;8.864;;;;43.144;14.481;28.663;;;0;1
"2004-03";1.183;43.426;13.866;6.777;12.628;9.503;0;0;;18.5;64.174;16.974;0;47.2;;;;43.798;13.566;30.232;;;296.857;1.161
"2017-04";0.05;44.257;19.152;4.267;9.224;5.026;0;3.864;6.641;-8.275;35.732;14.054;4.03;21.678;34.193;13.77;20.424;37.922;15.908;22.015;44.111;0.033;181.064;1.09
"2017-02";0.044;41.539;19.155;1.46;8.206;4.542;0;2.363;3.98;14.284;55.972;17.833;5.792;38.139;62.887;19.229;43.658;42.075;16.857;25.218;42.886;0.028;255.264;0.799
"2013-09";0.291;34.071;14.529;4.76;3.469;6.405;0;2.32;5.125;-13.613;20.588;11.264;0.789;9.324;20.588;11.264;9.324;39.332;13.185;26.146;112.567;;0;1
"2011-10";0.57;39.35;16.049;6.134;3.614;7.812;0;1.846;7.435;-3.59;35.887;16.389;3.528;19.498;;;;41.49;15.539;25.951;134.476;;108.5;0.871
"2011-08";0.564;33.847;8.689;4.346;5.497;4.894;0;3.659;6.014;-16.311;17.427;10.386;1.38;7.041;;;;42.269;15.374;26.895;123.028;;0;1
"2010-09";0.793;28.32;9.391;4.582;6.534;3.712;0;0.729;;-5.78;22.635;12.389;0;10.246;;;;42.196;14.851;27.344;;;0;1
"2009-06";0.755;38.824;11.412;8.018;6.674;7.575;0.9;0.47;;-20.512;18.495;9.882;0;8.613;;;;39.543;12.961;26.582;;;0;1
"2008-10";0.474;41.475;12.201;7.894;7.453;7.527;0;0.309;;0.193;41.235;16.128;0;25.107;;;;42.72;15.095;27.625;;;156.372;1.256
"2006-08";1.046;36.991;13.234;4.343;3.773;5.792;0;0;;-21.226;16.644;9.193;0;7.451;;;;41.921;13.721;28.2;;;0;1
"2005-04";0.992;49.382;11.804;8.071;8.951;8.11;0;0;;-10.575;38.297;11.839;0;26.458;;;;41.597;13.614;27.982;;;168.5;1.014
"2002-08";1.49;34.58;8.84;10.6;8.52;3.66;0;0.74;;-20.83;15.49;8.38;0;7.11;;;;40.386;12.529;27.857;;;0;1
"2014-02";0.016;31.838;17.204;3.897;5.033;2.098;0;0.102;5.756;21.418;52.09;12.688;0.549;39.403;58.966;13.701;45.266;37.8;11.798;26.002;49.62;0.002;259.738;0.812
"2012-03";0.433;41.022;20.569;5.243;3.471;6.488;0;2.388;6.651;8.119;49.258;16.181;1.212;33.077;;;;41.107;14.433;26.674;37.616;;207.953;0.813
"2010-12";0.677;50.156;17.798;6.158;6.52;8.568;0;0.503;;34.196;83.062;21.473;0;61.589;;;;43.126;15.039;28.086;;;468.628;1.328
"2009-10";0.785;40.407;14.818;8.143;6.364;6.886;0;0.46;;-4.625;35.45;14.465;0;20.985;;;;39.176;13.837;25.34;;;134.189;1.078
"2009-07";0.756;40.954;14.084;6.78;5.706;6.974;0;0.306;;-23.594;17.735;10.283;0;7.452;;;;40.013;13.387;26.626;;;0;1
"2006-04";1.153;49.93;13.618;6.908;9.099;9.104;0;0;;-12.65;38.208;11.712;0;26.496;;;;41.609;13.637;27.972;;;172.824;1.041
"2005-03";1.021;53.226;12.807;8.179;11.568;8.772;0;0;;7.021;60.771;16.978;0;43.793;;;;41.763;13.585;28.178;;;278.725;1.09
"2004-10";1.118;41.55;15.146;6.204;10.868;9.658;0;0;;-7.43;36.67;14.852;0;21.818;;;;42.727;14.492;28.234;;;106.239;0.853
"2017-03";0.052;41.489;19.983;7.333;6.231;2.666;0;2.612;7.191;7.449;48.597;17.235;5.068;31.362;56.919;18.478;38.442;42.783;16.655;26.128;35.809;0.031;192.829;0.754
"2016-09";0.036;34.667;12.716;5.586;5.748;4.976;0;0.877;3.659;-11.006;23.242;15.19;5.34;8.052;23.242;15.19;8.052;41.923;17.167;24.756;129.742;0.021;0;1
"2015-11";0.025;32.761;19.015;3.949;3.233;2.027;0;0.936;6.894;14.225;46.825;17.028;3.692;29.797;54.272;17.976;36.295;38.955;13.934;25.021;110.032;0.009;184.449;0.726
"2015-04";0.034;38.659;15.756;5.199;6.119;4.971;0.951;0.8;3.667;-5.832;32.881;12.166;0.945;20.715;36.067;12.645;23.422;39.565;14.273;25.291;35.237;0.006;141.988;0.855
"2014-07";0.006;37.793;13.458;4.903;7.112;6.166;0.906;0.27;4.686;-19.101;17.334;9.778;0.155;7.556;17.334;9.778;7.556;38.842;12.921;25.921;104.389;0.002;0;1
"2013-11";0.009;42.82;18.767;2.803;7.698;7.972;0;0.809;7.014;15.397;56.199;16.398;1.815;39.801;53.698;16.139;37.559;38.709;12.589;26.12;103.528;;280.871;1.105
"2010-10";0.609;40.882;17.254;2.212;3.109;7.158;0;0.633;;0.659;40.631;15.795;0;24.836;;;;41.783;14.554;27.229;;;157.625;1.266
"2010-08";0.793;35.082;11.813;4.997;4.185;3.744;0;0.769;;-18.604;16.457;9.545;0;6.912;;;;41.12;14.218;26.902;;;0;1
"2007-12";0.899;51.677;16.421;7.299;8.742;10.554;0;0.307;;22.477;74.03;18.788;0;55.242;;;;43.334;14.51;28.824;;;388.094;1.1
"2004-07";1.112;38.481;13.132;6.292;8.732;7.069;0;0;;-20.95;19.127;10.321;0;8.806;;;;42.488;13.797;28.691;;;0;1
"2002-09";1.41;37.581;11.32;9.83;8.18;4.6;0;0.87;;-15.43;23.15;11.93;0;11.22;;;;42.405;14.149;28.256;;;0;1
"2017-05";0.05;39.322;17.354;3.424;8.658;4.213;0.939;4.114;10.603;-13.09;25.836;12.102;2.222;13.734;27.015;12.267;14.747;42.149;16.045;26.104;59.992;0.033;65.8;0.839
"2017-08";0.049;35.729;15.396;4.39;7.59;4.032;0;2.029;7.712;-17.902;17.526;11.029;2.278;6.497;17.526;11.029;6.497;40.775;15.336;25.44;103;0.033;0;1
"2017-07";0.047;37.409;19.008;4.373;7.194;3.765;0;0.936;9.165;-17.603;19.444;12.439;3.304;7.005;19.444;12.439;7.005;40.535;15.27;25.265;86.141;0.033;0;1
"2017-06";0.046;29.539;15.843;3.882;5.458;3.95;0.961;0.949;5.895;-10.505;18.652;11.187;1.998;7.465;18.652;11.187;7.465;40.036;15.514;24.522;69.467;0.031;0;1
"2016-08";0.038;38.421;11.2;6.256;6.802;4.589;0;0.876;6.558;-20.313;17.854;11.468;2.506;6.386;17.854;11.468;6.386;41.477;16.075;25.401;117.027;0.019;0;1
"2016-06";0.034;34.946;12.139;6.32;8.75;4.262;0;1.357;4.649;-13.681;20.239;10.865;1.635;9.374;20.239;10.865;9.374;41.457;15.035;26.422;75.441;0.017;0;1
"2015-05";0.028;37.147;16.118;3.943;6.97;3.072;0;0.008;3.676;-13.517;23.194;10.556;0.044;12.638;23.451;10.59;12.86;38.329;13.681;24.647;48.141;0.006;74.613;0.951
"2012-09";0.492;31.767;11.793;2.676;7.704;5.988;0.941;1.801;2.531;-11.996;20.21;10.415;0.754;9.795;;;;39.039;12.314;26.725;121.981;;0;1
"2012-05";0.517;39.432;17.742;3.794;8.033;6.079;0;0.769;3.586;-14.946;24.788;10.463;0.33;14.325;;;;40.449;13.194;27.255;52.996;;73.287;0.934
"2010-05";0.645;45.853;14.64;7.783;7.98;6.35;0;0.632;;-15.268;30.436;12.26;0;18.176;;;;41.672;14.792;26.88;;;123.951;1.58
"2007-04";0.479;38.62;13.278;10.391;6.277;5.713;0;0.28;;-10.636;28.478;10.955;0;17.523;;;;41.531;14.172;27.359;;;82.878;0.499
"2005-08";0.893;35.911;5.45;7.297;8.311;4.604;0;0;;-19.091;17.202;9.719;0;7.483;;;;42.94;14.556;28.384;;;0;1
"2005-01";1.05;46.6;13.271;5.705;10.712;8.546;0;0;;26.03;73.109;17.967;0;55.142;;;;42.421;14.217;28.204;;;367.051;0.989
"2002-10";1.32;36.223;11.84;5.58;10.88;5.49;0;1.67;;-3.65;36.87;14.23;0;22.64;;;;41.179;13.772;27.407;;;122.663;0.985
"2016-10";0.05;45.435;17.672;7.641;9.246;5.504;0;1.603;4.189;-3.653;41.401;19.135;6.493;22.266;38.302;18.752;19.55;41.789;16.97;24.818;131.109;0.024;155.904;1.252
"2014-11";0.011;35.996;18.476;5.894;1.719;4.021;0;2.297;9.162;7.782;44.419;14.58;1.479;29.84;51.463;15.336;36.128;36.686;11.939;24.747;126.378;0.004;188.089;0.74
"2014-08";0.026;33.601;15.399;3.886;3.368;5.343;0;0.451;5.524;-17.593;15.758;8.852;0.143;6.905;15.758;8.852;6.905;38.899;12.731;26.168;121.121;0.003;0;1
"2012-11";0.438;37.585;18.168;5.013;3.421;5.946;0;3.136;3.614;16.761;54.696;16.511;1.29;38.185;;;;39.846;12.839;27.007;115.105;;252.212;0.992
"2011-06";0.57;35.064;11.992;4.249;5.401;6.791;0;2.5;7.086;-15.253;20.183;11.484;1.42;8.699;;;;41.76;15.353;26.407;88.755;;0;1
"2010-04";0.562;43.798;15.552;6.003;6.178;6.251;0;0.679;;-8.206;36.417;12.748;0;23.669;;;;41.286;14.774;26.512;;;158.138;0.952
"2008-02";0.835;45.158;15.539;7.892;8.629;9.381;0;0.382;;16.219;61.94;17.468;0;44.472;;;;42.067;15.2;26.866;;;283.622;0.887
"2008-01";0.939;49.375;16.802;7.277;8.812;11.005;0.953;0.369;;18.574;68.353;18.988;0;49.365;;;;41.696;15.124;26.572;;;317.75;0.857
"2007-06";0.983;34.252;11.14;6.96;2.479;8.139;0;0.32;;-12.667;20.639;11.473;0;9.166;;;;42.497;14.744;27.753;;;0;1
"2006-10";0.993;30.57;9.639;7.995;1.929;5.32;0;0;;-2.262;29.459;13.501;0;15.958;;;;40.737;13.625;27.113;;;52.587;0.422
"2006-05";1.142;46.711;10.906;8.628;5.72;9.754;0.779;0;;-22.243;25.113;10.747;0;14.366;;;;41.899;13.47;28.429;;;69.934;0.892
"2005-05";1.034;47.998;11.192;10.111;7.2;8.121;0;0;;-22.365;26.849;11.776;0;15.073;;;;42.186;14.376;27.81;;;84.077;1.072
"2004-08";1.103;33.561;11.605;2.412;8.721;7.395;0;0;;-16.96;16.219;9.082;0;7.137;;;;41.904;13.704;28.2;;;0;1
"2003-02";1.281;41.625;13.112;9.421;10.27;7.57;0;0;;27.7;69.286;17.827;0;51.459;;;;43.92;15.043;28.877;;;360.232;1.127
"2015-03";0.037;41.525;20.399;3.855;3.474;5.648;0;0.63;4.928;11.502;52.996;15.325;1.808;37.671;52.668;15.28;37.388;38.942;13.576;25.365;30.418;0.005;257.449;1.007
"2015-09";0.029;34.868;15.079;3.473;5.718;4.815;0;0.266;9.161;-13.068;21.682;11.323;1.42;10.359;21.682;11.323;10.359;39.93;12.886;27.045;122.915;0.008;0;1
"2012-07";0.516;36.099;14.042;3.601;6.62;6.019;0.821;0.735;3.352;-17.983;18.294;10.261;0.467;8.033;;;;40.414;13.676;26.738;85.73;;0;1
"2012-02";0.47;44.733;19.309;4.027;8.161;8.119;0.975;1.662;8.124;35.431;80.554;20.675;4.361;59.879;;;;42.313;14.887;27.426;47.136;;447.752;1.401
"2009-11";0.776;50.832;18.43;8.173;8.489;9.141;2.569;0.324;;1.145;51.252;18.715;0;32.537;;;;41.374;14.616;26.758;;;192.601;0.758
"2008-07";0.897;38.581;15.467;5.622;4.363;5.217;0;0.39;;-18.645;20.229;12.124;0;8.105;;;;43.537;15.76;27.777;;;0;1
"2008-04";0.904;44.126;14.815;8.995;6.764;8.03;0;0.393;;-1.238;43.062;13.191;0;29.871;;;;44.874;14.983;29.891;;;193.732;1.166
"2006-11";1.009;45.804;12.205;9.119;8.104;8.058;0.889;0;;6.211;52.423;17.101;0;35.322;;;;41.08;13.48;27.601;;;205.914;0.81
"2005-12";1.13;53.26;12.143;6.494;9.647;9.261;0;0;;23.371;77.304;18.257;0;59.047;;;;43.243;13.985;29.259;;;420.387;1.191
"2004-05";1.192;47.434;15.582;9.601;9.868;8.771;0;0;;-19.79;29.633;11.415;0;18.218;;;;42.717;13.641;29.076;;;102.921;1.312
"2004-02";1.11;38.737;14.878;5.671;11.712;9.017;0;0;;25.91;66.304;15.646;0;50.658;;;;43.478;13.454;30.024;;;329.034;1.029
"2003-11";1.087;47.422;14.717;10.805;11.699;8.884;0;0;;7.86;56.621;17.439;0;39.182;;;;43.171;13.553;29.618;;;229.229;0.902
"2014-09";0.011;27.706;13.505;2.936;4.725;4.156;0;0.563;5.185;-7.364;19.639;11.045;0.352;8.594;19.639;11.045;8.594;38.128;12.718;25.411;128.514;0.004;0;1
"2008-12";0.931;43.274;12.579;5.333;7.069;8.089;0;0.271;;27.506;71.196;17.644;0;53.552;;;;39.955;13.356;26.599;;;403.777;1.144
"2008-03";0.964;49.339;17.519;6.632;8.521;9.605;0.929;0.258;;12.584;62.356;17.939;0;44.417;;;;42.811;14.411;28.4;;;282.251;1.104
"2006-06";0.968;40.358;8.719;6.099;5.397;7.984;1.637;0;;-20.911;20.351;10.612;0;9.739;;;;42.07;13.617;28.453;;;0;1
"2004-11";0.922;44.788;15.811;6.204;11.579;9.481;0;0;;12.75;60.045;18.663;0;41.382;;;;42.44;14.151;28.289;;;277.279;1.091
"2004-06";0.989;42.255;13.405;7.855;8.94;7.486;0;0;;-22.41;20.471;10.75;0;9.721;;;;42.445;13.875;28.57;;;0;1
"2004-04";1.174;45.864;15.447;5.639;11.77;8.254;0;0;;-6.02;41.565;12.556;0;29.009;;;;43.51;13.907;29.603;;;175.608;1.057
"2003-08";1.349;31.338;7.929;8.596;7.803;4.448;0;0;;-20.46;14.358;8.12;0;6.238;;;;39.563;12.252;27.311;;;0;1
"2002-05";1.52;38.875;11.9;8.55;9.77;3.66;0;0;;-13.87;27.48;11.05;0;16.43;;;;39.888;13.041;26.847;;;95.536;1.218
"2016-07";0.036;40.656;15.163;6.746;8.741;3.849;0;0.88;5.485;-21.601;19.076;11.91;2.213;7.166;19.076;11.91;7.166;40.562;15.078;25.483;96.443;0.019;0;1
"2016-02";0.035;36.825;18.809;6.891;7.174;2.509;0;0.611;6.796;19.2;56.719;15.147;2.48;41.572;59.08;15.551;43.529;38.552;13.603;24.949;51.454;0.013;293.966;0.92
"2014-12";0.017;38.36;19.04;2.967;3.354;6.416;0;2.69;5.955;24.199;62.012;16.262;2.155;45.75;63.131;16.425;46.706;36.827;12.423;24.404;101.811;0.004;346.389;0.982
"2014-04";0.019;38.942;16.72;3.892;5.903;3.998;0;1.654;6.513;-10.222;29.302;10.539;0.239;18.763;34.622;11.261;23.362;37.648;12.555;25.093;52.192;0.002;126.308;0.76
"2013-12";0.008;44.837;20.372;5.962;8.841;7.824;0;1.149;4.37;18.034;63.732;16.515;2.008;47.217;65.604;16.773;48.83;38.895;12.773;26.122;85.558;;341.833;0.969
"2013-06";0.423;38.729;14.951;7.247;6.774;6.269;0;1.025;4.109;-19.384;19.604;9.803;0.198;9.801;19.604;9.803;9.801;40.428;13.217;27.21;59.152;;0;1
"2013-05";0.447;45.401;16.678;8.498;9.498;5.631;0;0.595;5.044;-14.549;30.643;11.445;0.374;19.198;24.467;10.733;13.734;39.791;13.628;26.163;39.61;;140.301;1.789
"2013-03";0.421;46.805;21.208;5.078;10.615;5.995;0;1.598;3.648;15.433;63.182;16.777;1.733;46.405;53.536;15.61;37.926;39.4;13.477;25.924;21.293;;328.805;1.286
"2011-03";0.4;53.333;22.556;5.827;7.867;12.474;0;2.157;6.178;3.164;55.629;18.963;3.26;36.666;;;;42.373;16.186;26.187;38.626;;240.988;0.942
"2010-02";0.617;44.561;15.692;6.842;8.351;8.697;0;0.482;;23.941;69.129;17.726;0;51.403;;;;43.294;14.873;28.421;;;349.36;1.093
"2007-09";0.981;36.737;12.968;5.368;4.502;7.077;0.973;0.438;;-12.392;23.366;11.715;0;11.651;;;;43.602;14.348;29.253;;;0;1
"2006-02";1.081;42.094;13.871;4.824;8.735;9.483;0;0;;28.041;71.624;17.635;0;53.989;;;;43.941;14.459;29.482;;;371.281;1.161
"2003-12";1.277;48.928;15.343;9.551;13.305;9.347;0;0;;17.51;69.324;16.793;0;52.531;;;;42.499;13.256;29.243;;;352.74;1
"2001-11";1.039;39.176;12.46;8.6;10.69;5.91;0;1.59;;18.39;61.52;18.485;0;43.035;;;;42.026;14.167;27.859;;;307.383;1.209
"2016-03";0.032;42.656;20.367;4.833;8.159;4.716;0;0;5.052;14.411;56.972;16.041;3.153;40.93;51.981;15.332;36.649;38.158;13.754;24.404;36.657;0.011;292.283;1.143
"2015-01";0.019;34.991;20.618;2.44;2.762;3.288;0.906;-0.01;8.091;32.231;66.93;16.385;2.432;50.545;67.032;16.397;50.635;37.916;12.783;25.133;69.952;0.004;369.813;0.997
"2012-08";0.502;39.551;13.224;3.353;8.46;6.089;0;1.34;5.041;-23.487;16.004;9.42;0.935;6.584;;;;40.082;13.85;26.232;110.173;;0;1
"2011-12";0.538;38.459;17.773;4.332;5.468;5.844;0;1.607;7.537;23.322;62.072;18.265;2.097;43.807;;;;41.846;14.899;26.947;102.235;;296.789;0.841
"2011-09";0.564;29.778;11.826;4.847;2.261;5.888;0;2.202;6.868;-8.371;21.738;12.719;2.211;9.019;;;;41.162;15.141;26.021;130.116;;0;1
"2011-01";0.704;52.45;19.561;6.991;7.974;10.34;0;4.076;6.964;22.406;73.768;20.258;2.973;53.51;;;;42.282;15.811;26.471;56.743;;380.373;1.025
"2008-08";0.874;30.309;9.755;6.766;2.086;5.952;0;0.463;;-15.145;16.436;9.609;0;6.827;;;;42.056;14.514;27.542;;;0;1
"2006-09";0.998;32.072;9.516;4.942;3.945;4.777;0.948;0;;-12.981;20.052;10.96;0;9.092;;;;40.306;13.426;26.881;;;0;1
"2002-03";1.51;40.671;11.1;11.84;9.01;5.1;0;1.95;;11.36;53.28;17;0;36.28;;;;40.706;14.031;26.676;;;228.865;0.895
"2016-05";0.033;43.195;16.08;5.313;7.63;4.841;0;1.576;6.816;-17.779;25.228;10.849;1.419;14.379;24.98;10.818;14.162;39.692;14.027;25.665;60.773;0.016;80.834;1.03
"2014-03";0.016;39.183;18.86;2.982;7.137;2.382;0;0.658;6.29;7.22;46.074;13.164;0.361;32.91;49.671;13.611;36.06;36.137;11.939;24.198;42.893;0.002;228.332;0.893
"2013-07";0.389;39.26;15.142;5.21;8.616;6.255;0;1.401;3.201;-22.277;16.959;9.588;0.143;7.371;16.959;9.588;7.371;38.612;12.734;25.878;80.743;;0;1
"2011-07";0.585;36.361;12.608;4.405;6.993;6.233;0;1.99;6.429;-17.194;19.417;11.398;1.277;8.019;;;;42.065;15.135;26.93;106.993;;0;1
"2011-02";0.559;46.09;19.278;4.375;6.962;10.435;0;3.652;6.504;15.749;61.107;18.44;3.051;42.667;;;;41.981;16.312;25.669;41.506;;290.502;0.909
"2010-01";0.714;44.947;15.979;6.936;9.829;9.193;0;0.327;;37.433;84.172;20.009;0;64.163;;;;42.343;14.993;27.351;;;475.215;1.281
"2009-12";0.657;44.197;17.527;8.906;6.566;9.307;0;0.389;;27.746;70.109;19.25;0;50.859;;;;40.766;14.582;26.184;;;379.273;1.075
"2009-01";1.03;46.379;15.866;4.681;6.143;7.691;0.805;0.601;;33.485;80.175;16.732;0;63.443;;;;41.081;12.689;28.392;;;456.461;1.23
"2004-09";1.11;37.662;14.004;6.818;9.333;7.473;0;0;;-14.78;22.65;11.62;0;11.03;;;;42.706;13.989;28.718;;;0;1
"2003-09";1.275;34.855;13.104;6.312;7.979;5.18;0;0;;-14.7;22.096;11.748;0;10.348;;;;41.749;14.016;27.733;;;0;1
"2003-05";1.278;34.19;10.169;7.826;8.052;4.512;0;0;;-11.13;25.295;11.299;0;13.996;;;;40.413;13.709;26.704;;;73.531;0.937
"2016-01";0.033;37.534;20.374;4.448;5.836;2.612;0;1.17;5.294;25.642;62.92;17.293;3.573;45.627;68.165;17.941;50.223;38.796;14.085;24.711;69.733;0.011;325.637;0.878
"2015-08";0.024;36.705;18.935;3.468;3.55;5.467;1.039;0.753;5.3;-20.589;14.802;8.528;0.114;6.274;14.802;8.528;6.274;37.447;12.13;25.316;110.625;0.007;0;1
"2014-05";0.025;40.377;16.353;4.409;6.74;4.853;0;0.492;5.109;-15.229;24.707;10.483;0.253;14.224;23.881;10.371;13.51;38.848;13.277;25.571;68.2;0.002;86.091;1.097
"2014-01";0.011;43.672;20.109;4.964;6.902;5.742;0;0.098;5.073;14.971;58.729;14.657;0.652;44.072;67.13;15.627;51.503;38.011;12.162;25.848;71.023;0.002;298.853;0.806
"2012-10";0.478;43.984;19.525;5.117;5.703;7.557;0;1.375;5.203;-9.538;34.838;12.874;1.107;21.964;;;;39.12;11.993;27.127;131.209;;123.606;0.993
"2009-04";0.815;43.75;13.869;6.915;4.695;5.987;0;0.42;;-11.972;32;10.486;0;21.514;;;;39.381;12.698;26.683;;;135.179;0.814
"2005-10";0.656;38.135;9.298;7.282;8.508;4.952;0;0;;-7.107;31.327;13.755;0;17.572;;;;42.589;13.963;28.626;;;51.592;0.414
"2005-06";1.018;38.32;7.167;7.629;6.6;7.759;0;0;;-18.395;20.008;10.919;0;9.089;;;;42.021;14.068;27.952;;;0;1
"2002-11";1.24;43.071;12.31;8.19;12.38;5.08;0;1.63;;8.13;52.56;17.26;0;35.3;;;;40.957;13.694;27.263;;;209.229;0.823
"2002-02";1.38;37.373;13.42;9.78;7.81;5.35;0;1.76;;16.4;54.34;15.07;0;39.27;;;;40.805;13.954;26.85;;;242.195;0.758
"2016-12";0.048;46.191;20.407;3.317;9.954;6.331;0.963;0;6.111;24.751;70.59;22.413;7.471;48.176;68.28;21.961;46.32;41.291;16.781;24.51;90.476;0.025;373.202;1.058
"2015-06";0.026;34.869;13.525;5.34;5.533;5.351;0;0.689;4.358;-16.444;18.081;9.779;0.139;8.302;18.081;9.779;8.302;38.724;13.353;25.372;66.038;0.007;0;1
"2013-10";0.108;36.917;14.38;2.327;7.047;6.565;0;1.036;6.069;-5.516;30.931;13.561;1.184;17.37;34.855;13.946;20.909;38.763;12.839;25.924;118.127;;82.676;0.664
"2013-01";0.473;43.132;19.614;3.278;7.364;6.677;0;2.78;4.701;27.913;71.81;17.781;2.032;54.029;68.312;17.365;50.947;38.75;13.532;25.218;63.327;;402.257;1.084
"2011-04";0.373;45.285;13.429;5.673;7.69;7.891;0;2.868;9.032;-17.352;28.344;12.691;2.212;15.653;;;;42.803;16.274;26.529;55.885;;83.526;0.503
"2010-07";0.773;41.204;12.952;6.615;5.409;4.667;0;0.522;;-24.859;18.67;11.439;0;7.231;;;;41.414;15.137;26.278;;;0;1
"2009-09";0.758;33.474;12.405;5.627;7.265;5.72;0;0.666;;-12.891;20.512;11.728;0;8.784;;;;40.097;14.201;25.896;;;0;1
"2009-08";0.762;36.233;12.161;7.92;5.256;6.298;0.927;0.306;;-19.367;16.118;9.824;0;6.294;;;;41.341;14.968;26.372;;;0;1
"2008-06";0.861;39.75;11.814;7.31;4.587;6.04;0;0.374;;-19.499;20.725;11.282;0;9.443;;;;42.544;14.632;27.912;;;0;1
"2005-09";0.615;34.69;8.329;5.167;7.891;4.124;0;0;;-11.718;23.078;12.773;0;10.305;;;;43.693;15.537;28.156;;;0;1
"2003-07";1.263;35.761;11.23;9.459;7.931;5.447;0;0;;-21.53;17.611;9.805;0;7.806;;;;40.522;13.24;27.281;;;0;1
"2002-12";1.544;43.274;14.734;8.885;11.257;6.173;0;1.693;;16.76;62.951;17.241;0;45.71;;;;41.549;13.957;27.592;;;300.263;0.851
"2015-12";0.028;37.029;19.514;5.445;5.738;4.106;0;0.289;6.698;14.259;51.582;16.061;2.618;35.521;65.767;18.321;47.446;39.3;13.876;25.425;95.293;0.01;231.356;0.656
"2017-10";0.054;40.143;20.457;4.881;8.919;4.01;0;2.04;9.592;-3.54;36.433;19.216;6.649;17.216;39.688;19.573;20.115;43.483;17.897;25.586;114.412;0.039;87.921;0.706
"2015-10";0.027;41.462;18.495;4.443;5.104;5.484;0;1.009;9.145;-1.67;39.424;16.332;3.858;23.092;36.598;16.023;20.576;40.26;14.508;25.752;124.626;0.009;153.532;1.233
"2013-04";0.432;44.898;14.421;6.412;11.277;6.321;0;1.634;5.073;-4.152;40.425;12.973;1.302;27.452;37.488;12.528;24.96;40.706;13.922;26.783;25.157;;194.076;1.168
"2013-02";0.408;40.219;18.391;3.217;8.134;4.277;0;1.816;4.25;27.991;68.725;17.006;2.463;51.719;61.057;15.642;45.415;39.163;13.38;25.784;36.056;;383.934;1.201
"2012-12";0.472;41.484;21.672;2.338;5.855;6.933;0;2.422;5.572;22.342;64.058;16.989;1.405;47.069;;;;40.863;13.42;27.443;92.308;;325.45;0.922
"2008-09";0.545;35.695;12.157;6.511;6.198;6.207;0.853;0.398;;-12.107;23.747;11.589;0;12.158;;;;43.405;14.128;29.276;;;0;1
"2007-08";1.01;36.304;12.715;4.735;4.44;8.204;0.905;0.304;;-20.647;16.891;9.558;0;7.333;;;;42.385;14.312;28.073;;;0;1
"2007-05";0.913;40.181;11.22;7.091;6.504;7.301;0;0.318;;-17.01;23.889;11.359;0;12.53;;;;41.846;14.49;27.356;;;60.382;0.77
"2007-01";0.96;38.546;12.785;8.998;6.44;6.851;0.795;0;;25.832;65.058;16.876;0;48.182;;;;40.812;13.607;27.205;;;298.495;0.805
"2006-03";1.13;49.33;15.315;7.893;10.899;9.997;0.813;0;;17.346;67.256;18.111;0;49.145;;;;45.889;14.328;31.561;;;299.017;1.169
"2004-12";0.963;48.987;16.338;7.222;11.517;9.873;0;0;;25.41;74.566;19.074;0;55.492;;;;43.077;14.751;28.327;;;392.699;1.113
"2003-03";1.397;45.868;14.391;10.982;11.423;6.535;0;0;;5.96;51.807;17.026;0;34.781;;;;40.544;14.034;26.51;;;208.185;0.814
"2003-01";1.472;43.153;14.704;9.653;10.924;7.831;0;1.768;;32.9;76.471;17.841;0;58.63;;;;41.654;14.189;27.465;;;422.876;1.14
"2002-06";1.47;35.18;9.1;8.13;8.07;4.85;0;1.76;;-18.48;20.21;10.78;0;9.43;;;;41.141;13.586;27.555;;;0;1
"2015-07";0.029;41.772;18.001;5.366;6.39;6.611;0;0.1;6.209;-24.021;17.338;10.408;0.838;6.93;17.338;10.408;6.93;38.689;13.498;25.191;90.074;0.006;0;1
"2014-10";0.024;34.03;16.317;4.824;3.57;6.181;0;0.083;7.053;-5.02;28.765;13.246;1.093;15.519;33.895;13.852;20.043;37.805;12.586;25.219;133.13;0.004;69.506;0.558
"2011-05";0.559;41.376;10.065;6.296;8.34;6.684;0;2.764;9.294;-18.457;23.104;12.69;2.365;10.414;;;;42.274;16.467;25.808;73.398;;45.445;0.579
"2010-03";0.743;51.1;16.53;8.054;9.094;8.642;0;0.409;;11.568;62.713;18.556;0;44.157;;;;43.221;15.03;28.191;;;286.275;1.119
"2008-11";0.845;46.063;11.85;7.533;5.369;9.418;0.947;0.437;;10.683;57.554;18.167;0;39.387;;;;40.57;13.748;26.822;;;266.518;1.048
"2007-11";0.814;51.119;15.652;7.276;8.259;10.104;0.907;0.307;;9.724;63.046;18.612;0;44.434;;;;43.995;13.976;30.019;;;297.441;1.17
"2006-01";1.112;52.22;15.401;7.74;10.273;10.705;0.768;0;;27.29;80.004;18.1;0;61.904;;;;43.273;14.025;29.248;;;425.11;1.146
"2005-07";0.96;38.985;9.62;6.087;5.967;6.051;0;0;;-20.484;18.803;11.089;0;7.714;;;;42.395;14.579;27.815;;;0;1
"2005-02";0.883;42.642;10.879;7.67;9.907;8.108;0;0;;28.67;72.033;16.323;0;55.71;;;;43.872;13.433;30.439;;;382.496;1.197
"2004-01";1.199;44.215;16.117;7.713;12.621;10.001;0;0;;27.43;72.698;16.83;0;55.868;;;;42.881;13.42;29.46;;;366.599;0.988
"2003-10";0.935;41.565;13.265;9.578;9.586;7.949;0;0;;0.59;44.572;14.409;0;30.163;;;;42.382;13.261;29.121;;;195.283;1.568
"2003-06";1.128;30.21;6.44;5.431;9.269;5.664;0;0;;-12.51;17.992;10.048;0;7.944;;;;39.427;12.874;26.552;;;0;1
"2003-04";1.322;32.981;7.839;11.039;6.473;4.732;0;0;;1.08;37.027;12.575;0;24.452;;;;40.819;13.925;26.894;;;152.871;0.92
"2002-01";1.55;41.85;15.54;11.65;9.86;5.97;0;1.03;;27.23;69.8;16.69;0;53.11;;;;42.806;13.887;28.919;;;356.37;0.961
"2001-12";0.985;46.804;15.35;10.54;11.23;6.36;0;1.93;;27.56;75.076;18.246;0;56.83;;;;42.043;14.082;27.961;;;428.734;1.215
"2000-05";1.183;33.866;7.46;8.99;10.38;4.76;0;0;;-11.38;23.58;11.117;0;12.463;;;;38.424;12.962;25.462;;;50.96;0.65
"1999-05";0.451;38.3;11;4;12;4;0;0;;-16.02;22.232;10.049;0;12.183;;;;36.795;11.548;25.246;;;43.377;0.553
"2000-04";1.425;40.592;13.07;8.63;10.81;4.85;0;0;;-3.66;38.963;11.758;0;27.205;;;;38.893;12.15;26.742;;;177.03;1.066
"2001-08";1.624;38.313;10.84;8.54;10.67;3.83;0;1.95;;-22.03;16.019;8.956;0;7.062;;;;40.486;13.179;27.307;;;0;1
"1997-04";2.39;25.17;8.75;5.96;9.16;2.74;0;0;;3.61;31.87;10.31;0;21.56;;;;31.088;10.492;20.597;;;185.552;1.117
"1995-04";2.96;25.5;6.58;5.47;10.78;2.92;0;;;3.21;32.31;9.36;0;22.95;;;;31.442;9.604;21.838;;;187.29;1.128
"1992-11";3;31.77;6.02;8.67;11.1;5.98;0;;;;38.21;10.39;0.04;27.82;;;;30.351;8.68;21.671;;;220.729;0.868
"1992-09";2.69;27.74;5.53;7.12;10.66;4.43;0;;;;17.72;8.11;0.02;9.61;;;;29.481;8.784;20.697;;;0;1
"1990-09";3.12;24.86;5.12;7.26;8.62;3.86;0;;;;16.86;8.12;0.01;8.74;;;;28.504;8.763;19.742;;;0;1
"1990-06";1.79;22.85;4.38;8.86;7.55;2.06;0;;;;14.65;7.29;0.02;7.36;;;;27.113;7.998;19.116;;;0;1
"1988-11";2.68;26.36;5.06;8.31;8.61;4.38;0;;;;37.44;10.73;0.03;26.71;;;;;;;;;310.682;1.222
"1988-10";1.79;27.09;5.06;8.45;9.38;4.2;0;;;;23.93;9.96;0.02;13.97;;;;;;;;;113.799;0.914
"1988-03";3.33;23.04;5.03;10.08;5.5;2.5;0;;;;36.41;9.65;0.02;26.76;;;;;;;;;298.589;1.167
"1982-09";4.95;16.52;1.98;6.91;2.31;4.32;0.98;;;;12.83;7.45;0.55;5.38;;;;;;;;;0;1
"1998-06";1.3;30.46;8.15;9.69;9.38;3.81;0;0;;-11.32;18.34;9.56;0;8.78;;;;35.33;11.081;24.249;;;0;1
"1997-12";2.26;38.03;12.29;10.38;10.27;6.12;0;0;;14.62;53.6;12.38;0;41.22;;;;35.043;10.823;24.22;;;332.154;0.941
"1997-08";2.27;32.79;8.59;11.15;10.56;3.69;0;0;;-18.53;13.23;7.41;0;5.82;;;;34.124;10.603;23.521;;;0;1
"1997-02";2.14;33.48;11.55;8.54;10.14;4.88;0;0;;9.11;44.08;10.12;0;33.96;;;;32.981;9.935;23.046;;;257.864;0.807
"1996-06";1.48;32.25;8.22;9.7;10.48;4.16;0;;;-15.61;16.7;8.57;0;8.13;;;;31.862;9.789;22.073;;;0;1
"1996-05";2.78;34.76;9.44;8.87;11.01;5.7;0;;;-9.73;26.03;9;0;17.03;;;;32.393;9.734;22.659;;;126.237;1.609
"1996-01";3.19;32.92;8.61;8.75;10.8;5.34;0;;;18.09;52.87;10.71;0;42.16;;;;31.869;9.356;22.513;;;354.81;0.956
"1995-12";3.26;34.77;9.28;7.35;11.28;5.93;0;;;16.4;52.91;10.07;0;42.84;;;;30.951;8.741;22.21;;;393.291;1.115
"1995-05";3.3;30.9;6.71;7.98;11.03;5.44;0;;;-10.73;21.88;8.72;0;13.16;;;;31.556;9.716;21.84;;;89.811;1.145
"1994-04";3.25;31.91;7.04;10.57;10.59;3.71;0;;;;34.61;8.76;0;25.85;;;;30.412;8.661;21.751;;;218.931;1.318
"1994-02";3.05;28.65;7.2;8.37;8.46;4.62;0;;;;44.11;9.47;0;34.64;;;;30.425;8.979;21.446;;;309.982;0.97
"1992-03";3.22;28.21;5.25;9.85;9.96;3.15;0;;;;36.99;9.46;0.03;27.53;;;;28.111;8.716;19.395;;;259.755;1.016
"1991-06";3.31;25.29;5.9;7.73;7.64;4.02;0;;;;16.82;8.05;0.02;8.77;;;;29.493;8.837;20.656;;;0;1
"1991-04";3.15;27.15;5.44;8.98;9.67;3.06;0;;;;29.03;8.82;0.02;20.21;;;;25.954;8.68;17.273;;;216.122;1.301
"1986-07";3.91;21.87;3.89;7.15;6.61;4.18;0;;;;13.18;7.47;0.16;5.71;;;;;;;;;0;1
"1985-06";4.84;20.99;2.54;8.03;6.5;3.9;0;;;;14.5;8.18;0.15;6.32;;;;;;;;;0;1
"1984-10";5.4;19.74;2.18;7.27;4.47;5.78;0;;;;22.8;9.89;0.19;12.91;;;;;;;;;136.61;1.097
"1984-05";6;21.68;1.98;8.5;5.01;6.15;0;;;;21.57;9.16;0.26;12.41;;;;;;;;;172.552;2.2
"1983-01";6.45;21.79;2.59;7.59;4.07;5.65;0.99;;;;33.76;9.17;0.84;24.59;;;;;;;;;340.665;0.918
"1982-12";6.45;20.38;2.11;6.71;3.56;6.64;0.87;;;;33.44;9.03;1.03;24.41;;;;;;;;;358.792;1.017
"1982-06";4.5;15.22;2.03;5.47;3.59;3.11;1;;;;13.5;8.35;0.55;5.15;;;;;;;;;0;1
"1982-02";6.4;16.31;2.64;3.51;3.29;5.75;0.89;;;;29.57;8.42;0.85;21.15;;;;;;;;;312.655;0.978
"1981-11";6.7;22.12;2.31;4.21;4.38;10.31;0.88;;;;28.23;9.14;0.79;19.09;;;;;;;;;280.073;1.102
"2000-03";1.646;45.562;14.94;12.85;11.31;4.77;0;0;;5.23;51.637;14.175;0;37.461;;;;37.929;12.141;25.787;;;260.986;1.02
"1998-12";2.094;40.72;14;5;11;6;0;0;;15.95;58.63;12.725;0;45.905;;;;35.899;10.757;25.142;;;364.45;1.033
"1997-11";1.7;36.57;12.21;8.7;10.85;5.81;0;0;;6.65;44.16;12.73;0;31.43;;;;34.12;10.685;23.435;;;235.509;0.927
"1996-11";2.41;37.66;12.41;7.91;11.65;6.18;0;;;8.51;47.35;12.67;0;34.68;;;;33.902;10.324;23.578;;;283.921;1.117
"1996-02";2.9;25.72;8.64;3.5;9.52;5.46;0;;;26.06;55.26;10.8;0;44.46;;;;33.116;9.59;23.527;;;388.753;1.216
"1995-11";3.45;33.76;8.54;9.36;11.69;4.63;0;;;7.26;43.25;12.01;0;31.24;;;;31.704;9.855;21.849;;;266.848;1.05
"1994-08";3.25;22.76;3.92;6.77;9.21;2.86;0;;;;12.68;6.87;0;5.81;;;;31.802;10.021;21.781;;;0;1
"1993-04";3.25;28.48;5.7;9.19;10.41;3.18;0;;;;28.02;8.62;0.03;19.4;;;;30.074;9.094;20.98;;;156.559;0.943
"1988-08";2.51;20.81;5.04;8.79;5.58;1.4;0;;;;10.43;5.68;0;4.75;;;;;;;;;0;1
"1988-02";3.1;20.61;4.22;8.19;5.12;3.11;0;;;;37.53;9.1;0.02;28.43;;;;;;;;;334.762;1.047
"1988-01";3.43;21.64;4.71;8.39;5.29;3.25;0;;;;35.75;8.95;0.03;26.8;;;;;;;;;298.087;0.804
"1987-12";3.72;28.2;5.41;9.91;7.86;5.04;0;;;;39.89;9.78;0.03;30.11;;;;;;;;;362.009;1.026
"1987-01";3.68;28.39;5.16;8.66;9.42;5.15;0;;;;51.23;9.65;0.04;41.58;;;;;;;;;563.627;1.519
"1986-12";3.62;21.54;4.45;4.69;8.61;3.77;0;;;;37.78;9.32;0.01;28.46;;;;;;;;;351.302;0.996
"1985-09";3.61;13.95;1.55;3.76;5.55;3.07;0;;;;13.32;7.75;0.18;5.57;;;;;;;;;0;1
"1982-10";5.65;15.88;2;7.42;2.1;3.29;1.04;;;;21.08;8.65;0.61;12.43;;;;;;;;;154.881;1.244
"1981-04";7;19.93;2.71;4.24;3.66;8.02;1.26;;;;21.82;9.62;0.65;12.2;;;;;;;;;183.518;1.105
"1980-06";;;;;;;;;;;;;;;;;;;;;;;0;1
"2001-07";1.647;35.249;11.34;9.51;6.77;4.08;0;1.94;;-19.45;18.191;9.684;0;8.507;;;;39.841;12.773;27.067;;;0;1
"2000-12";1.799;45.47;15.11;10.45;12.93;6.55;0;0;;8.06;56.905;15.855;0;41.05;;;;39.442;13.287;26.155;;;279.898;0.793
"1999-04";1.575;37.48;12;5;11;4;0;0;;-3.56;35.3;11.033;0;24.267;;;;36.016;11.43;24.586;;;167.62;1.009
"1999-01";1.795;38.99;14;3;11;6;0;0;;14.43;55.286;11.826;0;43.46;;;;34.843;10.483;24.36;;;331.899;0.895
"1998-11";2.017;35.94;10.01;4.03;10.82;6.25;0;0;;15.17;55.796;13.475;0;42.321;;;;36.271;10.709;25.562;;;345.189;1.358
"1997-01";2.32;39.08;12.42;10.16;11.02;6.77;0;0;;24.53;64.73;11.95;0;52.78;;;;32.939;10.141;22.798;;;459.215;1.238
"1995-06";1.55;27.15;6.91;5.65;9.93;5.52;0;;;-10.15;18.19;8.76;0;9.43;;;;32.539;9.89;22.649;;;0;1
"1994-06";2.61;26.58;6.29;7.76;8.93;3.6;0;;;;16.3;7.36;0;8.94;;;;29.912;8.217;21.696;;;0;1
"1989-09";2.53;19.42;5.31;8.08;3.92;2.11;0;;;;15.09;7.67;0.02;7.42;;;;;;;;;0;1
"1988-12";3.05;26.69;5.37;8.58;8.81;3.93;0;;;;38.31;10.01;0.02;28.3;;;;;;;;;325.026;0.921
"1987-05";3.04;25.34;5.25;9.85;7.56;2.03;0.64;;;;19.8;8.2;0.01;11.6;;;;;;;;;150.16;1.914
"1986-05";3.36;24.97;3.82;8.75;7.81;3.67;0.89;;;;15.81;7.44;0.15;8.37;;;;;;;;;85.399;1.089
"1984-07";5.2;15.25;1.91;7.41;2.6;3.32;0;;;;12.78;7.99;0.24;4.79;;;;;;;;;0;1
"1980-04";;;;;;;;;;;;;;;;;;;;;;;231.595;1.394
"1980-02";;;;;;;;;;;;;;;;;;;;;;;286.527;0.896
"2001-10";1.504;36.146;9.12;10.02;8.65;5.41;0;1.91;;-7.68;30.44;13.266;0;17.175;;;;40.904;13.379;27.525;;;50.908;0.409
"2001-02";1.543;26.725;9.4;8.04;8.71;2.51;0;0.15;;27.46;56.503;14.43;0;42.074;;;;38.782;12.976;25.805;;;297.987;0.932
"2001-01";1.749;37.011;11.24;9.43;11.61;6.55;0;0.11;;24.2;64.339;15.066;0;49.273;;;;40.094;12.878;27.216;;;343.191;0.925
"2000-07";1.491;33.92;8.68;8.89;12.27;2.98;0;0;;-16.92;18.489;9.831;0;8.658;;;;39.298;12.621;26.677;;;0;1
"1999-09";1.778;32.637;12.24;4.74;8.34;4.3;0;0;;-14.64;19.804;10.545;0;9.258;;;;37.251;11.971;25.279;;;0;1
"1994-10";3.02;29.42;8.54;3.68;10.97;6.23;0;;;;30.82;11.1;0;19.72;;;;31.766;9.524;22.242;;;135.113;1.085
"1994-09";2.45;27.69;6.41;5.77;11.11;4.4;0;;;;20.52;8.49;0;12.03;;;;32.809;9.285;23.525;;;0;1
"1993-10";2.71;31.02;6.02;8.55;10.85;5.6;0;;;;33.96;10.72;0.02;23.24;;;;30.307;8.916;21.392;;;188.738;1.516
"1992-12";3.27;29.45;6.29;8.15;10.39;4.62;0;;;;45.35;9.59;0.09;35.76;;;;28.789;8.383;20.405;;;353.2;1.001
"1990-12";3;32.22;6.16;9.68;11.02;5.36;0;;;;49.38;10.84;0;38.54;;;;26.733;9.057;17.676;;;421.383;1.194
"1990-05";2.98;25.68;4.47;9.43;10.81;0.97;0;;;;16.03;7.39;0.01;8.64;;;;27.891;8.428;19.463;;;38.771;0.494
"1989-04";2.75;26.13;5.6;6.98;9.12;4.43;0;;;;28.93;8.25;0.02;20.68;;;;;;;;;234.175;1.41
"1988-07";2.86;21.01;5.32;6.09;6.97;2.63;0;;;;12.28;6.72;0;5.56;;;;;;;;;0;1
"1988-06";3.22;21.74;4.74;7.28;8.13;1.59;0;;;;13.93;7;0;6.93;;;;;;;;;0;1
"1986-04";2.95;23.57;1.02;7.43;9.14;5.96;0;;;;29.73;8.4;0.19;21.33;;;;;;;;;273.481;1.647
"1986-02";4.39;25.41;2.67;7.35;8.24;7.13;0;;;;45.22;9.79;0.21;35.43;;;;;;;;;492.724;1.541
"1985-03";4.86;26;2.51;7.58;5.06;10.78;0;;;;35.01;10.4;0.22;24.61;;;;;;;;;341.435;1.335
"1983-07";5.7;16.86;2.28;7.45;2.07;4.39;0;;;;11.52;7.3;0.47;4.22;;;;;;;;;0;1
"1982-05";5.8;18.26;2.34;6.49;4.09;4.24;1.07;;;;17.15;8.47;0.65;8.68;;;;;;;;;98.191;1.252
"1981-09";5.2;15.89;2.58;4.02;4.27;4.13;0.73;;;;13.63;8.08;0.7;5.55;;;;;;;;;0;1
"1981-08";5.8;12.83;0.58;4.37;4.36;2.85;0.55;;;;10.35;6.68;0.75;3.67;;;;;;;;;0;1
"1980-11";;;;;;;;;;;;;;;;;;;;;;;328.812;1.294
"1980-01";;;;;;;;;;;;;;;;;;;;;;;449.268;1.211
"2001-05";1.584;35.865;13.24;9.42;9.19;2.99;0;0.41;;-11.19;25.09;9.844;0;15.247;;;;39.164;11.655;27.509;;;65.332;0.833
"1999-02";1.724;32.78;13;3;10;4;0;0;;20.95;54.584;11.976;0;42.608;;;;35.238;10.864;24.374;;;336.904;1.054
"2001-03";1.733;29.846;9.73;10.56;7.68;4;0;0.17;;20.01;52.152;15.463;0;36.689;;;;41.717;13.06;28.657;;;216.691;0.847
"1997-10";1.99;30.08;9.4;7.61;9.26;4.54;0;0;;3.78;33.42;12.56;0;20.86;;;;33.81;10.81;23;;;144.53;1.161
"1997-07";2.36;30.61;10.27;10.09;7.73;3.74;0;0;;-15.4;16.83;9;0;7.83;;;;34.721;10.785;23.936;;;0;1
"1996-12";2.42;39.5;12.77;9.31;11.42;6.72;0;;;18.03;57.25;11.66;0;45.59;;;;32.442;9.984;22.459;;;413.182;1.171
"1996-07";1.37;26.55;8.44;5.3;9.53;3.68;0;;;-14.14;15.89;8.36;0;7.53;;;;33.087;9.948;23.139;;;0;1
"1995-07";2.08;27.22;7.14;6.52;11.84;1.47;0;;;-13.84;14.99;8.22;0;6.77;;;;31.773;9.796;21.976;;;0;1
"1995-02";2.98;27.31;7.82;6.35;10.14;3.96;0;;;9.29;38.63;8.56;0;30.07;;;;30.573;8.522;22.051;;;238.149;0.745
"1994-05";2.99;28.73;6.59;8.74;11.22;2.18;0;;;;19.49;8.19;0;11.3;;;;30.216;9.173;21.044;;;76.119;0.97
"1992-04";3.12;27.07;5.53;9.51;8.29;3.74;0;;;;30.06;8.8;0.02;21.26;;;;28.394;8.842;19.553;;;197.517;1.189
"1991-11";3.01;31.56;5.98;8.95;10.84;5.79;0;;;;40.81;10.62;0.02;30.19;;;;27.718;8.611;19.106;;;289.47;1.139
"1991-10";2.64;31.01;5.61;9.75;10.9;4.75;0;;;;31.02;10.42;0;20.6;;;;28.403;8.762;19.64;;;171.849;1.38
"1990-07";0.21;21.78;4.4;7.51;7.37;2.5;0;;;;13.23;6.86;0;6.37;;;;27.459;8.291;19.168;;;0;1
"1990-02";2.81;27.37;5.3;8.83;9.48;3.76;0;;;;31.97;8.81;0.02;23.16;;;;28.616;9.11;19.506;;;204.51;0.64
"1989-08";2.56;21.26;4.79;9.79;5.16;1.52;0;;;;11.08;5.75;0.01;5.33;;;;;;;;;0;1
"1987-02";3.46;23.94;4.34;8.37;7.02;4.2;0;;;;37.79;9.1;0.01;28.69;;;;;;;;;358.649;1.122
"1985-11";4.69;24.74;1.97;9.22;6.36;7.17;0;;;;37.29;10.19;0.35;27.1;;;;;;;;;370.703;1.458
"1984-04";5.8;21.83;1.93;8.79;5;6.07;0;;;;23.92;9.04;0.3;14.88;;;;;;;;;205.174;1.235
"1981-10";5.8;20.82;2.39;4.3;4.24;8.59;1.28;;;;21.41;9.03;0.73;12.38;;;;;;;;;161.739;1.299
"1998-04";1.77;27.46;11.48;6.68;6.45;3.58;0;0;;7.47;37;10.57;0;26.43;;;;34.563;10.573;23.99;;;199.318;1.2
"1997-06";1.79;25.29;7.74;8.71;6.64;3.51;0;0;;-10.31;17.53;8.91;0;8.62;;;;33.536;10.252;23.285;;;0;1
"1994-11";3.26;27.41;8.26;4.83;10.49;3.83;0;;;;35.12;10.65;0;24.47;;;;31.017;9.108;21.909;;;175.026;0.689
"1994-07";3.38;29.9;5.14;10.38;11.16;3.22;0;;;;14.24;7.9;0;6.34;;;;30.422;9.416;21.007;;;0;1
"1993-08";3.41;25.67;4.66;8.56;9.77;2.68;0;;;;11.82;5.62;0;6.2;;;;29.955;8.292;21.664;;;0;1
"1993-07";3.15;25.87;5.45;8.09;9.35;2.98;0;;;;14.8;7.25;0.01;7.55;;;;30.13;8.657;21.474;;;0;1
"1993-06";2.15;24.79;5.46;8.62;7.57;3.14;0;;;;16.14;7.99;0.01;8.15;;;;29.39;8.838;20.552;;;0;1
"1993-03";3.47;25.21;3.65;7.6;10.09;3.87;0;;;;39.83;9.71;0.06;30.12;;;;28.507;8.828;19.679;;;283.709;1.109
"1992-07";2.72;29.91;5.49;8.8;11.64;3.98;0;;;;15.09;7.56;0.01;7.53;;;;29.833;9.032;20.8;;;0;1
"1992-06";2.05;28.44;5.47;8.89;8.92;5.16;0;;;;15.88;8;0.01;7.88;;;;28.832;8.812;20.02;;;0;1
"1991-01";3.18;31.53;6.16;9.19;10.91;5.27;0;;;;47.2;10.18;0.03;37.02;;;;26.993;8.934;18.059;;;391.33;1.055
"1989-01";2.65;29.97;5.59;10.44;9.37;4.57;0;;;;43.73;9.93;0.03;33.8;;;;;;;;;384.477;1.036
"1987-11";3.55;29.52;5.14;8.92;10.21;5.25;0;;;;34.01;9.92;0;24.09;;;;;;;;;286.771;1.128
"1987-10";3.48;24.8;5.77;8.81;6.04;4.18;0;;;;22.69;9.36;0.02;13.33;;;;;;;;;123.469;0.991
"1986-10";3.77;23.01;4.73;8.97;7.05;2.25;0;;;;20.63;9.13;0.05;11.5;;;;;;;;;104.443;0.839
"1984-12";6;17.77;2.36;7.34;4.08;3.93;0;;;;35.84;9.96;0.2;25.88;;;;;;;;;375.087;1.063
"1984-06";3.35;19.12;1.94;8.12;4.68;4.36;0;;;;15.38;8.83;0.2;6.55;;;;;;;;;0;1
"1984-01";6.4;26.28;2.46;8.46;4.4;10.89;0;;;;37.91;10.28;1;27.63;;;;;;;;;372.969;1.005
"1983-10";5.9;18.01;2.13;8.34;3.77;2.58;0.55;;;;20.65;8.52;0.42;12.13;;;;;;;;;156.911;1.26
"1983-02";5.7;23.02;2.29;8.13;3.28;7.36;1.04;;;;35.23;8.5;0.85;26.73;;;;;;;;;394.079;1.233
"1982-08";5.1;13.56;1.94;6.59;2.29;2.03;0.7;;;;9.61;5.82;0.55;3.79;;;;;;;;;0;1
"1998-05";1.47;29.89;8.05;10.22;9.35;2.83;0;0;;-8.08;22.28;9.78;0;12.5;;;;34.883;11.008;23.875;;;59.562;0.759
"2000-08";1.803;32.946;7.23;7.39;12.72;2.45;0;0;;-18.85;15.826;8.878;0;6.948;;;;39.488;12.876;26.612;;;0;1
"1997-09";1.96;29.56;10.47;7.19;9.33;3.84;0;0;;-14.19;18.66;9.97;0;8.69;;;;33.662;10.834;22.827;;;0;1
"1995-01";3.4;31.98;8.92;8.1;9.99;6.11;0;;;;54.09;11.67;0;42.42;;;;32.89;10.185;22.705;;;363.155;0.979
"1991-08";2.95;24.84;1.69;8.73;10.88;3.54;0;;;;10.74;5.83;0.01;4.91;;;;28.269;8.736;19.533;;;0;1
"1990-11";3.1;30.56;5.99;8.59;10.73;5.25;0;;;;38.48;10.82;0;27.66;;;;26.666;8.857;17.809;;;275.337;1.083
"1990-10";3.05;31.35;5.89;9.47;11.15;4.84;0;;;;24.51;10.6;0.02;13.91;;;;28.201;9.373;18.828;;;96.818;0.777
"1990-01";2.98;29.93;5.91;8.49;10.91;4.62;0;;;;43.7;10.23;0.02;33.47;;;;26.614;9.072;17.541;;;362.584;0.977
"1987-06";2.93;22.4;4.94;7.92;5.95;2.48;1.1;;;;15.38;7.85;0.01;7.53;;;;;;;;;0;1
"1986-06";2.98;22.31;3.55;6;7.62;4.77;0.33;;;;13.61;7.57;0.15;6.04;;;;;;;;;0;1
"1985-12";5.08;27.04;2.74;9.29;8.06;6.93;0;;;;35.85;9.4;0.13;26.45;;;;;;;;;341.453;0.968
"1985-10";4.04;15.14;1.84;6.74;5.25;1.27;0;;;;21.9;9.57;0.19;12.33;;;;;;;;;151.161;1.214
"1983-11";6.2;15.94;2.04;5.91;3.52;3.85;0.57;;;;29.52;9.46;0.59;20.06;;;;;;;;;271.731;1.069
"1983-04";5.4;23.83;2.31;6.96;3.67;8.96;0.77;;;;24.37;8.66;0.84;15.71;;;;;;;;;211.73;1.275
"1981-06";4.55;16.26;2.17;3.04;3.78;5.88;1.38;;;;15.01;9.28;0.45;5.73;;;;;;;;;0;1
"1993-09";1.98;23.57;4.69;7.45;8.18;3.25;0;;;;19.96;8.44;0.01;11.52;;;;31.885;9.193;22.692;;;0;1
"1992-02";3.04;28.55;5.56;9.17;9.15;4.67;0;;;;43.39;9.43;0.02;33.96;;;;28.536;8.853;19.683;;;333.546;1.043
"1989-07";2.53;22.09;4.68;7.21;8.42;1.78;0;;;;12.48;6.79;0;5.69;;;;;;;;;0;1
"1989-06";2.25;21.01;5.37;8.85;6.18;0.61;0;;;;14.95;7.24;0.01;7.71;;;;;;;;;0;1
"1987-08";3.52;20.73;1.83;7.74;9.32;1.83;0;;;;9.44;5.81;0;3.63;;;;;;;;;0;1
"1987-07";3.72;25.25;5.34;10.01;8.16;1.73;0;;;;13.37;7.28;0;6.09;;;;;;;;;0;1
"1986-11";3.7;24.94;4.04;8.43;9.63;2.83;0;;;;30.32;9.38;0.01;20.94;;;;;;;;;251.901;0.991
"1985-04";5.15;24.2;2.65;7.74;6.38;7.39;0;;;;23.54;8.34;0.21;15.2;;;;;;;;;181.957;1.095
"1985-02";4.83;26.44;2.35;8.75;4.48;10.79;0;;;;36.27;9.95;0.17;26.32;;;;;;;;;358.708;1.122
"1985-01";5.68;27.66;2.61;7.33;5.62;12.01;0;;;;48.49;11.01;0.52;37.48;;;;;;;;;558.146;1.505
"1983-06";4.9;18.42;2.08;6.76;3.44;5.28;0;;;;13.84;8.44;0.47;5.4;;;;;;;;;0;1
"1981-05";7.25;19.15;2.66;3.67;3.91;7.53;1.37;;;;18.3;9.14;0.6;9.16;;;;;;;;;113.134;1.442
"1981-02";6.35;20.23;2.27;4.23;2.01;10.94;0.72;;;;32.75;9.38;0.8;23.37;;;;;;;;;386.52;1.209
"2001-04";1.614;36.038;10.85;9.79;10.24;4.08;0;0.37;;3.77;40.832;11.14;0;29.692;;;;37.875;11.212;26.663;;;208.677;1.256
"1999-11";1.8;42.317;14.39;9.21;11.98;6.07;0;0;;13.63;55.423;14.896;0;40.527;;;;37.799;11.915;25.884;;;310.278;1.221
"1999-03";2.116;37.52;14;5;11;4;0;0;;7.17;47.158;12.51;0;34.648;;;;36.174;11.087;25.087;;;243.719;0.953
"1998-01";2.02;37.11;11.73;9.53;10.64;6.11;0;0;;18.29;56.34;11.87;0;44.47;;;;34.543;10.483;24.06;;;352.219;0.949
"1994-12";3.31;27.22;8.86;4.09;9.78;4.49;0;;;;45.27;10.46;0;34.81;;;;31.97;9.449;22.521;;;306.323;0.868
"1994-01";2.56;33.04;8.04;9.3;11.11;4.59;0;;;;47.81;10.21;0;37.6;;;;29.829;9.034;20.794;;;342.6;0.924
"1993-12";3.47;31.81;7.98;8.33;10.51;4.99;0;;;;46.36;10.39;0.01;35.97;;;;33.081;9.3;23.781;;;310.997;0.881
"1993-05";3.16;29.52;6.21;10.71;9.66;2.94;0;;;;18.35;7.97;0.01;10.38;;;;29.045;8.878;20.167;;;71.011;0.905
"1991-09";1.98;26.1;5.1;7.98;9.61;3.41;0;;;;15.51;7.98;0;7.53;;;;27.2;8.619;18.581;;;0;1
"1991-05";3.34;25.37;5.83;8.58;8.18;2.78;0;;;;25.13;8.5;0.02;16.63;;;;28.191;8.898;19.292;;;143.296;1.827
"1990-08";1.82;19.4;5.53;6.71;4.35;2.81;0;;;;10.68;5.67;0.01;5.01;;;;27.938;8.516;19.422;;;0;1
"1986-08";3.88;20.85;3.85;6.15;7.58;3.24;0;;;;9.63;6.19;0.16;3.44;;;;;;;;;0;1
"1985-05";5.06;25.1;2.96;7.66;6.52;7.93;0;;;;18.95;8.52;0.18;10.43;;;;;;;;;113.163;1.443
"2001-06";1.549;34.805;10.41;8.47;8.47;4.32;0;1.79;;-17.82;19.671;10.192;0;9.479;;;;39.586;12.539;27.047;;;0;1
"2000-11";1.725;45.019;15.97;10.01;12.14;6.49;0;0;;5.97;53.381;16.18;0;37.201;;;;40.633;13.136;27.497;;;237.709;0.935
"2000-01";1.779;42.51;15.05;10;11.45;6.29;0;0;;22.66;66.074;14.371;0;51.703;;;;38.289;12.316;25.973;;;393.354;1.06
"2000-02";1.697;40.116;14.12;9.85;11.68;5.28;0;0;;11.92;53.67;13.272;0;40.398;;;;38.804;12.335;26.469;;;276.458;0.865
"1996-04";2.81;28.49;8.72;4.25;10.39;4.71;0;;;0.19;31.36;9.38;0;21.98;;;;31.507;9.703;21.804;;;177.954;1.071
"1995-08";3.01;27.79;6.24;6.63;12.14;1.86;0;;;-17.26;12.64;6.89;0;5.75;;;;32.195;9.95;22.246;;;0;1
"1989-12";2.94;30.68;5.94;10.14;9.25;5.35;0;;;;42.17;10.22;0.02;31.95;;;;;;;;;339.945;0.963
"1987-09";2.39;19.92;4.8;8.51;3.52;3.09;0;;;;13.36;7.41;0.01;5.95;;;;;;;;;0;1
"1986-09";3.66;22.11;3.33;4.99;8.27;5.49;0;;;;15.44;7.86;0.16;7.58;;;;;;;;;0;1
"1983-12";6.65;21.49;2.07;7.44;3.25;8.01;0.52;;;;36.14;9.62;0.73;26.52;;;;;;;;;378.676;1.073
"1983-08";6.3;15.17;2.17;6.9;2.07;3.15;0;;;;9.52;5.95;0.47;3.57;;;;;;;;;0;1
"1982-04";6.25;20.19;2.81;6.3;3.97;5.92;1.15;;;;22.56;8.62;0.65;13.94;;;;;;;;;211.882;1.276
"1982-01";7.35;21.09;2.88;3.65;3.86;9.55;0.92;;;;34.25;9.01;0.96;25.24;;;;;;;;;367.239;0.99
"1981-07";5.85;15.98;2.38;3.87;3.96;4.94;0.71;;;;13.19;8.21;0.5;4.98;;;;;;;;;0;1
"1981-01";7.25;20.5;2.87;1.54;3;12.1;0.92;;;;35.55;9.99;0.95;25.56;;;;;;;;;407.494;1.098
"2000-10";1.777;36.817;13.66;8.14;9.59;5.23;0;0;;-0.64;37.324;14.07;0;23.254;;;;40.114;13.108;27.006;;;127.436;1.023
"2000-09";1.651;26.981;6.95;9.04;5.67;2.39;0;0;;-9.64;20.644;10.944;0;9.699;;;;38.945;12.738;26.207;;;0;1
"1999-10";1.898;37.679;12.57;5.17;10.99;5.17;0;0;;-3.26;36.3;13.57;0;22.73;;;;38.448;12.294;26.155;;;128.865;1.035
"1998-09";1.796;30.93;7.39;4;10.59;4.54;0;0;;-29.27;20.471;10.009;0;10.462;;;;36.64;11.043;25.597;;;0;1
"1998-03";1.86;30.37;12.09;7.66;8.08;3.15;0;0;;13.95;44.59;11.2;0;33.39;;;;34.31;10.149;24.161;;;248.061;0.97
"1998-02";1.81;31.63;11.32;8.37;8.57;4.03;0;0;;14.48;47.44;10.54;0;36.9;;;;32.803;10.029;22.774;;;291.746;0.913
"1997-05";2.2;27.34;7.43;11.4;7.03;2.83;0;0;;-4.85;22.33;9.13;0;13.2;;;;33.304;10.221;23.083;;;73.993;0.943
"1995-09";3.11;30.5;7.34;7.69;12.09;2.93;0;;;-12.63;19.62;8.99;0;10.63;;;;32.603;9.816;22.788;;;0;1
"1995-03";3.14;29.53;8.32;6.43;11.02;4.7;0;;;14.47;45.21;10.76;0;34.45;;;;31.824;9.706;22.118;;;299.294;1.17
"1993-01";3.58;29.39;5.85;8.77;10.86;3.91;0;;;;44.97;9.64;0.02;35.33;;;;29.894;8.625;21.269;;;322.988;0.871
"1989-11";3.09;26.12;5.69;7.24;8.09;5.1;0;;;;36.67;10.6;0.03;26.07;;;;;;;;;288.146;1.134
"1989-05";2.85;25.56;5.29;8;9.42;2.85;0;;;;16.52;7.59;0.01;8.93;;;;;;;;;48.047;0.612
"1987-03";3.87;23.8;4.78;7.86;6.69;4.46;0;;;;38.36;10.11;0.01;28.25;;;;;;;;;354.937;1.388
"1984-11";5.9;18.29;2.28;7.37;4.47;4.12;0;;;;27.86;10.15;0.21;17.71;;;;;;;;;204.416;0.804
"1983-09";5.1;16.89;2.17;5.5;2.06;5.99;0;;;;13.74;7.95;0.42;5.79;;;;;;;;;0;1
"1982-11";6.4;19.41;2.36;8.01;3.71;4.31;0.92;;;;26.33;8.53;0.8;17.8;;;;;;;;;237.709;0.935
"1982-07";4.55;14.4;1.94;6.64;2.94;2.03;0.84;;;;11.81;7.46;0.7;4.35;;;;;;;;;0;1
"1981-12";7.05;23.87;2.63;4.57;4.5;11.38;0.73;;;;33.84;8.92;0.89;24.92;;;;;;;;;379.855;1.077
"1980-10";;;;;;;;;;;;;;;;;;;;;;;179.046;1.438
"1980-05";;;;;;;;;;;;;;;;;;;;;;;129.032;1.645
"1998-07";1.97;29.97;7.37;8.44;10.43;4.18;0;0;;-15.06;17.22;9.53;0;7.69;;;;36.05;11.609;24.441;;;0;1
"1995-10";3.11;30.73;6.47;8.21;10.98;5.26;0;;;-6.62;25.45;11.13;0;14.32;;;;33.171;10.034;23.138;;;58.615;0.471
"1991-12";3.21;30.7;6.27;8.55;9.85;6.03;0;;;;49.93;10.33;0.02;39.6;;;;28.26;8.722;19.537;;;410.254;1.163
"1991-03";3.26;26.78;6.05;8.81;8.41;3.51;0;;;;31.94;9.15;0.03;22.79;;;;27.76;8.58;19.179;;;210.812;0.824
"1991-02";2.92;27.04;5.56;8.22;8.22;5.04;0;;;;47.26;9.79;0.03;37.47;;;;25.885;8.684;17.201;;;409.899;1.282
"1990-03";3.12;25.73;5.46;9.59;6.7;3.98;0;;;;32.03;9.8;0.02;22.23;;;;25.711;9.113;16.598;;;232.955;0.911
"1988-09";2.18;24.02;5.01;8.56;7.22;3.05;0;;;;15.28;7.7;0.01;7.58;;;;;;;;;0;1
"1988-04";2.28;24;5.16;8.44;9.12;1.33;0;;;;23.75;8.2;0.01;15.55;;;;;;;;;176.234;1.061
"1986-03";3.14;26.64;3.06;8.03;10.02;5.52;0;;;;34.09;9.06;0.18;25.03;;;;;;;;;319.462;1.249
"1980-12";;;;;;;;;;;;;;;;;;;;;;;423.706;1.201
"1999-12";1.757;44.767;15.02;10.31;12.43;6.28;0;0;;17.17;61.567;14.462;0;47.106;;;;38.556;12.013;26.543;;;351.902;0.997
"1997-03";2.4;31.84;12.15;6.79;10.62;3.75;0;0;;2.18;37.32;10.78;0;26.54;;;;31.908;10.019;21.888;;;206.567;0.808
"1996-09";2.55;30.18;10.51;6.34;10.79;3.47;0;;;-12.16;20.82;9.36;0;11.46;;;;34.689;10.162;24.527;;;0;1
"1996-08";2.2;26.69;9.93;5.03;9.18;2.65;0;;;-15.43;13.13;6.97;0;6.16;;;;33.231;9.999;23.232;;;0;1
"1996-03";3.17;28.45;8.85;6.2;10;5.46;0;;;14.5;46.48;10.66;0;35.82;;;;31.546;9.618;21.928;;;312.457;1.222
"1993-11";3.33;30.93;7.59;7.42;10.24;5.68;0;;;;50.4;11.71;0.05;38.69;;;;31.207;9.125;22.083;;;362.433;1.426
"1992-10";3.19;30.35;6.17;7.92;10.08;6.18;0;;;;34.98;10.47;0.01;24.51;;;;29.358;8.593;20.765;;;209.843;1.685
"1991-07";3.1;28.73;6.11;7.8;10.57;4.25;0;;;;13.88;7.28;0.01;6.6;;;;28.257;8.757;19.5;;;0;1
"1989-02";2.29;25.64;5.23;7.33;8.51;4.57;0;;;;36.02;8.95;0.03;27.07;;;;;;;;;303.151;0.948
"1987-04";3.66;24.77;5.01;8.96;8.41;2.38;0;;;;22.1;8.39;0.01;13.71;;;;;;;;;149.017;0.897
"1986-01";5.01;24.75;2.8;8.33;8.2;5.4;0;;;;40.2;10.06;0.18;30.14;;;;;;;;;386.648;1.042
"1985-07";4.79;14.84;1.86;5.36;5.64;1.96;0;;;;12.51;7.59;0.16;4.92;;;;;;;;;0;1
"1983-03";6.15;28.89;2.58;10;3.97;10.09;1.16;;;;30.16;9.16;0.9;21;;;;;;;;;289.94;1.134
"1980-08";;;;;;;;;;;;;;;;;;;;;;;0;1
"1999-07";1.93;34.4;9;5;11;4;0;0;;-21.58;16.748;9.343;0;7.405;;;;36.52;11.661;24.859;;;0;1
"1999-06";1.204;33.95;10;4;11;4;0;0;;-15.28;18.801;9.97;0;8.831;;;;36.739;11.705;25.034;;;0;1
"1996-10";2.36;37.68;12.8;7.72;12.03;5.46;0;;;-5.56;32.17;11.87;0;20.3;;;;33.226;10.169;23.057;;;134.946;1.084
"1994-03";3.41;31.15;6.17;10.38;10.42;4.18;0;;;;35.77;9.88;0;25.89;;;;31.249;9.142;22.107;;;208.649;0.816
"1993-02";3.02;25.61;3.73;8.1;9.49;4.29;0;;;;46.19;9.48;0.02;36.71;;;;27.658;8.63;19.029;;;372.469;1.165
"1992-08";2.54;30.45;6.2;8.52;12.58;3.15;0;;;;11.44;5.87;0.01;5.57;;;;29.308;8.748;20.56;;;0;1
"1990-04";3.02;27.09;3.99;10.03;10.8;2.27;0;;;;29.59;8.89;0.02;20.7;;;;27.088;8.775;18.312;;;213.678;1.286
"1988-05";2.95;24.03;4.92;9.79;8.18;1.14;0;;;;16.34;7.65;0;8.69;;;;;;;;;72.67;0.926
"1985-08";4.55;16.2;1.78;6.8;5.98;1.62;0;;;;9.96;5.84;0.16;4.12;;;;;;;;;0;1
"1984-03";6.05;25.63;2.44;8.8;3.87;10.46;0;;;;35.24;10.47;0.77;24.77;;;;;;;;;339.404;1.327
"1980-09";;;;;;;;;;;;;;;;;;;;;;;0;1
"2001-09";1.477;33.656;11.45;4.97;9.81;5.4;0;0.92;;-11.87;24.58;10.992;0;13.587;;;;43.408;12.989;30.419;;;0;1
"2000-06";0.637;32.144;7.75;7.98;10.78;3.55;0;0;;-14.01;19.118;10.131;0;8.987;;;;38.087;12.162;25.925;;;0;1
"1999-08";1.875;33.28;11.73;4.75;9.88;3.89;0;0;;-20.25;14.686;8.22;0;6.467;;;;37.329;11.815;25.514;;;0;1
"1998-10";2.01;40.12;11.9;5.38;11.41;6.44;0;0;;-6.18;35.562;12.232;0;23.33;;;;36.383;10.739;25.643;;;142.192;1.142
"1998-08";2.1;29.63;6.04;9.73;10.52;4.08;0;0;;-16.97;13.91;7.69;0;6.22;;;;35.611;11;24.611;;;0;1
"1992-05";3.19;30.74;5.57;9.81;9.75;5.61;0;;;;17.88;7.84;0.01;10.04;;;;28.845;8.787;20.059;;;59.697;0.761
"1992-01";3.29;30.92;5.97;8.97;10.04;5.94;0;;;;52.13;10.03;0.02;42.1;;;;27.239;8.677;18.562;;;434.357;1.171
"1989-10";2.63;24.16;4.94;9.22;6.83;3.17;0;;;;23.74;9.55;0.02;14.19;;;;;;;;;96.957;0.779
"1989-03";3;23.6;5.75;7.74;6.04;4.07;0;;;;29.87;8.52;0.02;21.35;;;;;;;;;209.531;0.819
"1984-09";4.6;13.77;1.89;4.73;3.2;3.92;0;;;;15.93;8.87;0.23;7.06;;;;;;;;;0;1
"1984-08";6;14.29;1.54;6.8;3.05;2.88;0;;;;10.52;6.69;0.22;3.83;;;;;;;;;0;1
"1984-02";5.96;23.14;2.31;6.66;3.42;10.69;0;;;;37.05;10.01;0.5;27.04;;;;;;;;;373.695;1.169
"1983-05";6;24.72;2.15;8.1;3.88;8.41;0.12;;;;19.67;8.87;0.52;10.8;;;;;;;;;141.422;1.803
"1982-03";6.7;20.51;2.86;5.43;4.06;6.3;1.18;;;;29.99;9.04;0.71;20.95;;;;;;;;;304.089;1.189
"1981-03";7.1;18.97;2.75;4.19;2.85;8.02;1.1;;;;26.41;10.09;0.71;16.32;;;;;;;;;205.789;0.805
"1980-07";;;;;;;;;;;;;;;;;;;;;;;0;1
"1980-03";;;;;;;;;;;;;;;;;;;;;;;314.744;1.231
