"Période";"1. Production (brute) d'électricité hydraulique, éolienne et photovoltaïque (en GWh)";"1.1 Production brute d'électricité hydraulique (en GWh)";"1.2 Production brute d'électricité éolienne (en GWh)";"1.3 Production brute d'électricité solaire photovoltaïque (en GWh)";"2. Production nucléaire (équivalent primaire à la production, sous forme de chaleur) (en GWh)";"3. Solde importateur (importations - exportations) d'électricité (en GWh)";"3.1 Importations d'électricité (en GWh)";"3.2 Exportations d'électricité (en GWh)";"4. Consommation primaire d'énergie nucléaire, hydraulique, éolienne et photovoltaïque brute (en GWh)";"5. Consommation d'électricité primaire et d'équivalent primaire d'électricité nucléaire CVC-CJO (en GWh)";"6. Consommation d'électricité primaire et d'équivalent primaire d'électricité nucléaire CVS-CVC-CJO (en GWh)";"7. Degrés jours unifiés mensuels en France, pour la période de chauffe (vaut 0 de juin à septembre, en °C)";"8. Indice de rigueur climatique pour la France métropolitaine (ref.1 pour la période de référence) (sans unité)"
"PERIODE";"PRODB_ELE_SYNT";"PRODB_HYDRO_SYNT";"PRODB_EOL_SYNT";"PRODB_PV_SYNT";"PRODB_NUCL_SYNT";"QSOLI_ELE_SYNT";"QIMP_ELE_SYNT";"QEXP_ELE_SYNT";"CONSO_ELE_SYNT";"CONSO_ELE_SYNT_COR1";"CONSO_ELE_SYNT_COR2";"DJU";"INDRIG"
"2021-03";11116.317;6101.778;3713.416;1301.123;100674.872;-3224.652;2339.282;5563.934;108566.537;107971.677;98582.709;260.78;1.02
"2022-01";10002.843;6074.226;3145.395;783.222;111862.4;995.94;4108.283;3112.343;122861.183;122466.342;94083.069;385.801;1.04
"2022-04";10591.585;5226.852;3562.39;1802.343;69785.579;1086.988;3789.507;2702.519;81464.151;81818.674;86245.058;162.673;0.979
"2020-08";7397.305;3793.482;2047.199;1556.623;73715.969;-1741.479;2072.972;3814.451;79371.794;79477.492;93118.325;0;1
"2020-01";11177.262;6476.654;4174.88;525.728;118755.941;-4517.428;1516.862;6034.29;125415.776;127030.715;98530.064;317.101;0.855
"2018-11";7432.013;4135.809;2797.147;499.057;103937.521;-1924.516;2068.629;3993.146;109445.017;109914.262;107839.162;239.74;0.943
"2018-04";10337.624;7164.442;2160.032;1013.15;97451.631;-5810.196;647.513;6457.708;101979.06;104061.052;108258.807;109.397;0.659
"2017-10";5358.065;2732.815;1972.717;652.534;89679.724;-2422.495;1979.086;4401.581;92615.294;94671.815;100886.604;87.921;0.706
"2015-05";8822.161;6515.786;1519.049;787.325;96932.331;-5976.246;572.463;6548.709;99778.246;100278.118;110633.804;74.613;0.951
"2020-04";8865.305;5234.014;2282.087;1349.204;85870.559;-5693.375;738.257;6431.631;89042.49;91529.37;95582.625;89.303;0.538
"2015-02";8564.409;6423.175;1808.531;332.703;118645.628;-3061.461;1446.87;4508.331;124148.576;124290.861;113060.895;351.239;1.099
"2019-12";13240.107;8043.706;4709.632;486.769;105413.8;-3569.703;2008.625;5578.329;115084.204;117483.281;97012.296;293.701;0.832
"2012-05";9203.377;7847.839;933.063;422.475;92837.989;-4488.638;613.01;5101.648;97552.729;;108597.035;73.287;0.934
"2018-06";10445.233;7784.143;1372.891;1288.199;91391.126;-7602.147;208.992;7811.139;94234.212;94234.553;108560.381;0;1
"2011-01";7320.55;6048.917;1229.221;42.411;138909.815;-3750.675;1266.228;5016.903;142479.69;;115079.99;380.373;1.025
"2012-06";8371.53;6966.565;951.328;453.637;84994.337;-3699.306;633.054;4332.36;89666.561;;104551.139;0;1
"2010-09";4156.318;3608.219;548.099;0;100872.091;-3610.65;982.177;4592.827;101417.759;;112298.626;0;1
"2011-12";7774.077;5747.037;1944.35;82.69;126664.766;-4827.869;943.17;5771.039;129610.974;;110692.825;296.789;0.841
"2010-07";5991.1;5512.014;479.086;0;101295.785;-4632.834;781.141;5413.974;102654.051;;112363.767;0;1
"2010-03";7459.857;6310.65;1149.207;0;114382.671;-2146.386;2129.383;4275.77;119696.141;;110449.04;286.275;1.119
"2009-12";6263.241;5323.072;940.169;0;120193.633;-797.143;2376.428;3173.571;125659.731;;105981.885;379.273;1.075
"2010-01";7039.828;6371.707;668.12;0;128292.756;378.068;3042.548;2664.48;135710.651;;108893.223;475.215;1.281
"2008-07";6455.129;6108.066;347.062;0;101837.054;-4782.861;642.116;5424.976;103509.322;;112917.778;0;1
"2008-01";6746.671;6132.561;614.111;0;129923.352;-4339.781;798.144;5137.925;132330.242;;110801.045;317.75;0.857
"2009-09";3536.964;2994.867;542.098;0;91803.258;-1262.227;1603.289;2865.516;94077.995;;104596.814;0;1
"2009-07";5504.3;4966.204;538.097;0;92456.012;-1358.244;2025.365;3383.609;96602.068;;105899.999;0;1
"2007-08";5403.537;5118.486;285.051;0;104203.578;-7068.272;422.076;7490.348;102538.843;;113818.15;0;1
"2009-06";6849.237;6444.164;405.073;0;86803.48;-1950.351;1510.272;3460.623;91702.366;;105465.199;0;1
"2007-02";6009.366;5648.301;361.065;0;114708.496;-5138.925;534.096;5673.021;115578.937;;112386.176;243.557;0.762
"2005-06";5026.851;4976.842;50.009;0;104727.914;-5897.061;409.074;6306.135;103857.704;;115110.648;0;1
"2006-04";7310.044;7165.018;145.026;0;114187.19;-7249.305;110.02;7359.324;114247.929;;119291.271;172.824;1.041
"2002-04";4630.539;4630.539;0;0;113374.923;-7028.265;163.029;7191.294;110977.197;;112619.711;165.079;0.994
"2005-02";5376.795;5293.78;83.015;0;115560.164;-2884.519;1202.216;4086.735;118052.44;;112167.381;382.496;1.197
"2004-10";4319.676;4319.676;0;0;119436.618;-6200.116;323.058;6523.174;117556.178;;117558.974;106.239;0.853
"1999-09";5047.722;5047.722;0;0;94789.479;-5440.979;539.097;5980.076;94396.223;;102833.473;0;1
"1999-07";5834.499;5834.499;0;0;95600.155;-5082.915;360.065;5442.98;96351.739;;103943.546;0;1
"2000-07";5135.817;5135.817;0;0;99254.888;-6008.081;205.037;6213.118;98382.624;;106153.86;0;1
"1999-02";6360.029;6360.029;0;0;101860.259;-5028.905;518.093;5546.998;103191.383;;99181.507;336.904;1.054
"1998-11";6445.086;6445.086;0;0;103917.592;-4705.847;423.076;5128.923;105656.831;;97935.747;345.189;1.358
"1999-12";7468.807;7468.807;0;0;110654.779;-5314.957;429.077;5744.034;112808.629;;100168.231;351.902;0.997
"1998-04";6282.06;6282.06;0;0;95584.547;-5547.998;262.047;5810.046;96318.609;;96101.329;199.318;1.2
"1999-06";7192.372;7192.372;0;0;86657.794;-4486.807;392.071;4878.878;89363.358;;101053.421;0;1
"1998-03";5216.824;5216.824;0;0;109391.133;-6752.215;202.036;6954.252;107855.742;;100925.25;248.061;0.97
"1997-05";5822.348;5822.348;0;0;94767.256;-5348.963;274.049;5623.012;95240.642;;102484.714;73.993;0.943
"1997-02";6057.267;6057.267;0;0;99275.732;-5263.947;440.079;5704.027;100069.051;;98054.446;257.864;0.807
"1991-05";4886.722;4886.722;0;0;76660.054;-4324.778;590.106;4914.885;77221.998;;85667.578;143.296;1.827
"1996-09";4212.342;4212.342;0;0;93260.057;-5619.011;199.036;5818.047;91853.388;;100533.634;0;1
"1987-01";6290.161;6290.161;0;0;83217.118;-1995.359;960.173;2955.532;87511.919;;;563.627;1.519
"1986-11";4086.782;4086.782;0;0;73216.714;-2866.516;632.114;3498.63;74436.98;;;251.901;0.991
"1996-02";6735.697;6735.697;0;0;108333.226;-5356.964;570.103;5927.067;109711.959;;99826.542;388.753;1.216
"1981-02";5236.063;5236.063;0;0;26240.684;-405.073;1040.187;1445.26;31071.674;;;386.52;1.209
"1995-10";4749.011;4749.011;0;0;94269.678;-6164.109;208.037;6372.147;92854.579;;94382.63;58.615;0.471
"1992-08";4523.205;4523.205;0;0;75613.544;-4557.82;272.049;4829.869;75578.929;;87339.475;0;1
"1991-02";5269.478;5269.478;0;0;91563.251;-4259.767;507.091;4766.858;92572.962;;84505.143;409.899;1.282
"1987-10";6517.992;6517.992;0;0;62407.239;-2447.44;697.125;3144.566;66477.79;;;123.469;0.991
"1985-01";6284.085;6284.085;0;0;66542.064;-1293.233;880.158;2173.391;71532.916;;;558.146;1.505
"1982-12";7595.379;7595.379;0;0;39475.779;-708.127;691.124;1399.252;46363.031;;;358.792;1.017
"1981-04";6917.962;6917.962;0;0;25183.238;-375.068;813.146;1188.214;31726.132;;;183.518;1.105
"1980-06";;;;;;;;;;;;0;1
"1980-02";;;;;;;;;;;;286.527;0.896
"2020-07";8580.939;4731.255;2104.517;1745.167;72325.808;-1300.921;2287.017;3587.938;79605.826;79464.896;91264.951;0;1
"2020-02";13136.665;6447.745;5906.961;781.959;105638.334;-6751.129;474.392;7225.521;112023.87;111122.401;99344.463;230.482;0.721
"2019-07";7770.406;4531.197;1752.971;1486.238;93226.276;-5623.546;891.546;6515.093;95373.136;94985.579;106924.716;0;1
"2018-09";5937.977;3174.868;1587.93;1175.179;96104.598;-5605.085;704.055;6309.139;96437.49;96789.815;111327.521;0;1
"2016-12";6237.571;4597.338;1388.663;251.57;116283.806;-84.533;3099.026;3183.559;122436.844;121552.768;101402.1;373.202;1.058
"2015-09";5676.879;3442.721;1585.603;648.555;97679.617;-5172.021;617.501;5789.522;98184.476;98051.391;112497.302;0;1
"2014-06";6699.331;5111.226;902.475;685.63;98890.501;-6152.477;285.111;6437.589;99437.355;99706.191;113925.778;0;1
"2014-01";9318.398;7053.083;2100.334;164.981;135384.939;-5882.979;788.112;6671.091;138820.359;141363.87;112866.81;298.853;0.806
"2012-03";5239.668;4001.282;938.771;299.615;119245.978;-5021.084;436.229;5457.312;119464.563;;113298.315;207.953;0.813
"2011-05";4414.074;3481.64;727.131;205.304;105566.541;-5340.961;499.09;5840.051;104639.654;;114274.789;45.445;0.579
"2009-04";7207.142;6743.059;464.084;0;98544.985;-2783.501;1033.186;3816.687;102968.626;;108421.89;135.179;0.814
"2008-10";4281.465;3806.379;475.086;0;108061.847;-1480.266;1577.284;3057.55;110863.045;;111674.615;156.372;1.256
"2007-09";4297.934;4020.884;277.05;0;106219.091;-5305.955;541.097;5847.052;105211.071;;115720.229;0;1
"2007-03";7292.725;6929.66;363.065;0;116790.688;-5606.009;552.099;6158.108;118477.405;;112407.778;264.952;1.036
"2006-12";5575.858;5251.799;324.058;0;128223.046;-3941.709;1126.203;5067.912;129857.194;;112100.511;350.907;0.994
"2006-01";4432.752;4303.729;129.023;0;135581.945;-2807.505;1167.21;3974.715;137207.191;;114376.221;425.11;1.146
"2004-07";4896.848;4896.848;0;0;103503.452;-4576.824;713.128;5289.952;103823.476;;112558.332;0;1
"2004-05";6442.048;6442.048;0;0;102321.421;-5370.967;253.046;5624.012;103392.503;;111265.37;102.921;1.312
"2003-10";4742.935;4742.935;0;0;112756.63;-3893.701;695.125;4588.826;113605.864;;110616.626;195.283;1.568
"2002-06";6444.073;6444.073;0;0;99351.19;-6178.112;120.022;6298.133;99617.152;;111898.98;0;1
"1996-12";8480.376;8480.376;0;0;110183.143;-5813.046;315.057;6128.103;112850.473;;98774.635;413.182;1.171
"1995-07";6405.595;6405.595;0;0;85037.737;-5690.024;179.032;5869.056;85753.309;;95125.783;0;1
"1995-06";7190.346;7190.346;0;0;81245.536;-5263.947;182.033;5445.98;83171.935;;96492.762;0;1
"1995-04";6646.59;6646.59;0;0;92813.345;-5813.046;248.045;6061.091;93646.888;;95023.243;187.29;1.128
"1995-01";7813.085;7813.085;0;0;117618.806;-6585.185;268.048;6853.233;118846.706;;100337.991;363.155;0.979
"1993-07";6335.727;6335.727;0;0;82098.698;-4960.893;263.047;5223.94;83473.532;;92940.407;0;1
"1993-03";4229.556;4229.556;0;0;104248.418;-5617.011;342.062;5959.072;102860.963;;92992.329;283.709;1.109
"1991-12";5290.742;5290.742;0;0;99737.516;-4618.831;500.09;5118.921;100409.427;;85360.599;410.254;1.163
"1989-12";3524.799;3524.799;0;0;84327.017;-1466.264;1853.334;3319.597;86385.552;;;339.945;0.963
"1989-09";2887.885;2887.885;0;0;68536.839;-3339.601;686.123;4025.724;68085.122;;;0;1
"1989-08";3623.019;3623.019;0;0;64835.766;-3014.543;614.111;3628.653;65444.243;;;0;1
"1989-03";5095.314;5095.314;0;0;84579.072;-4082.735;380.068;4462.803;85591.652;;;209.531;0.819
"1987-08";5248.214;5248.214;0;0;48453.998;-1690.304;680.122;2370.427;52011.907;;;0;1
"1985-09";3691.875;3691.875;0;0;52125.042;-2467.444;277.05;2744.494;53349.472;;;0;1
"1985-04";6647.602;6647.602;0;0;53604.038;-2183.393;321.058;2504.451;58068.247;;;181.957;1.095
"1984-06";7476.907;7476.907;0;0;39475.623;-2352.423;348.063;2700.486;44600.107;;;0;1
"1982-06";6142.324;6142.324;0;0;23435.641;-318.057;679.122;997.179;29259.907;;;0;1
"1981-10";6578.747;6578.747;0;0;24526.34;-129.023;1040.187;1169.21;30976.063;;;161.739;1.299
"1981-03";6883.534;6883.534;0;0;26679.685;-827.149;845.152;1672.301;32736.07;;;205.789;0.805
"1980-08";;;;;;;;;;;;0;1
"2019-01";8597.852;5126.952;2971.348;499.553;127358.574;-1334.049;2744.544;4078.593;134622.377;133732.993;105248.855;393.349;1.06
"2015-04";7885.395;5809.624;1378.05;697.72;99393.986;-4119.961;1018.973;5138.935;103159.419;104184.637;110297.404;141.988;0.855
"2012-04";7303.67;5470.697;1502.911;330.062;105259.434;-3548.319;939.549;4487.868;109014.786;;113172.969;203.518;1.225
"2011-03";5739.882;4525.639;1094.197;120.046;119591.671;-4655.838;871.157;5526.995;120675.714;;112446.224;240.988;0.942
"2010-06";7974.2;7408.098;566.102;0;94335.046;-5287.952;544.098;5832.05;97021.295;;110718.364;0;1
"2010-02";6852.716;5903.545;949.171;0;115196.484;-1095.197;2199.396;3294.593;120954.003;;111949.064;349.36;1.093
"2008-05";7636.606;7354.555;282.051;0;102006.213;-5818.047;314.057;6132.104;103824.772;;112831.254;35.014;0.446
"2007-11";3811.406;3377.328;434.078;0;114099.296;-637.115;2173.391;2810.506;117273.587;;111688.958;297.441;1.17
"2006-07";4559.035;4465.018;94.017;0;105161.325;-4966.894;623.112;5590.006;104753.466;;114948.46;0;1
"2006-05";7067.682;6901.652;166.03;0;108225.513;-7239.303;71.013;7310.316;108053.892;;115919.259;69.934;0.892
"2005-04";6063.512;5995.499;68.012;0;106067.549;-4489.808;530.095;5019.903;107641.253;;111297.236;168.5;1.014
"2004-06";6120.047;6120.047;0;0;97478.126;-5079.914;477.086;5557;98518.259;;109652.893;0;1
"2003-09";3429.616;3429.616;0;0;100184.673;-4404.793;828.149;5232.942;99209.497;;108719.805;0;1
"2003-07";3913.63;3913.63;0;0;105673.539;-4971.895;635.114;5607.009;104615.274;;112339.501;0;1
"2003-04";4855.332;4855.332;0;0;109683.35;-5528.995;424.076;5953.071;109009.687;;111709.33;152.871;0.92
"2001-02";6715.445;6715.445;0;0;105651.55;-4734.852;406.073;5140.925;107632.143;;105391.561;297.987;0.932
"2000-03";6163.588;6163.588;0;0;113913.301;-6258.126;267.048;6525.174;113818.763;;105949.846;260.986;1.02
"1998-12";5616.794;5616.794;0;0;109110.602;-4238.763;741.133;4979.896;110488.633;;98277.617;364.45;1.033
"1998-06";6337.752;6337.752;0;0;86754.198;-5118.921;178.032;5296.953;87973.029;;100446.178;0;1
"1997-03";5386.937;5386.937;0;0;104134.937;-5920.065;272.049;6192.114;103601.809;;100437.616;206.567;0.808
"1996-08";4453.337;4453.337;0;0;90079.217;-5646.016;197.035;5843.052;88886.538;;99927.899;0;1
"1995-05";7719.927;7719.927;0;0;85241.688;-5784.041;167.03;5951.071;87177.574;;94635.485;89.811;1.145
"1993-08";4464.475;4464.475;0;0;80090.303;-5043.908;296.053;5339.961;79510.871;;90548.716;0;1
"1992-12";8554.295;8554.295;0;0;100750.905;-4882.879;459.083;5341.961;104422.321;;90244.482;353.2;1.001
"1992-10";6662.791;6662.791;0;0;88407.768;-4613.83;450.081;5063.911;90456.729;;89382.05;209.843;1.685
"1992-09";4526.243;4526.243;0;0;79167.85;-4443.8;293.053;4736.852;79250.292;;86616.114;0;1
"1990-12";6784.301;6784.301;0;0;92255.607;-4595.827;800.144;5395.971;94444.081;;79751.45;421.383;1.194
"1990-10";3902.492;3902.492;0;0;84119.629;-4776.86;547.098;5323.958;83245.261;;83449.046;96.818;0.777
"1990-02";4677.117;4677.117;0;0;71258.403;-2553.46;603.109;3156.568;73382.061;;72365.581;204.51;0.64
"1987-07";6971.629;6971.629;0;0;55173.054;-2509.452;761.137;3270.589;59635.232;;;0;1
"1986-01";5112.528;5112.528;0;0;78040.614;-2487.448;878.158;3365.606;80665.694;;;386.648;1.042
"1985-08";4452.324;4452.324;0;0;46336.558;-1672.301;258.046;1930.347;49116.581;;;0;1
"1984-04";5382.887;5382.887;0;0;46542.838;-2254.406;352.063;2606.469;49671.319;;;205.174;1.235
"1984-02";6776.2;6776.2;0;0;52251.463;-2343.422;420.076;2763.497;56684.242;;;373.695;1.169
"1983-12";5180.371;5180.371;0;0;51106.32;-1703.307;686.123;2389.43;54583.384;;;378.676;1.073
"1983-11";4417.896;4417.896;0;0;40708.784;-1048.189;852.153;1900.342;44078.491;;;271.731;1.069
"2023-02";8370.068;3733.456;3306.3;1330.311;91729.514;-864.815;3464.195;4329.009;99234.767;101044.622;89620.266;292.236;0.914
"2023-01";13170.312;6527.499;5986.156;656.657;98262.049;-1338.933;4006.44;5345.374;110093.427;111086.517;82718.874;336.034;0.906
"2022-12";10188.398;5224.738;4361.708;601.952;89307.744;1890.73;5629.246;3738.515;101386.873;101788.09;80955.51;339.35;0.962
"2021-10";7886.924;3149.64;3491.161;1246.123;97571.431;-4305.188;1038.882;5344.07;101153.167;101181.356;107137.329;125.254;1.006
"2021-07";9808.014;5776.302;2310.352;1721.361;91149.167;-7321.069;741.902;8062.97;93636.113;93741.811;105252.157;0;1
"2019-03";10883.329;5313.029;4507.176;1063.124;112901.594;-6793.155;649.618;7442.772;116991.768;118892.848;108818.524;221.345;0.865
"2018-02";10653.397;7386.198;2731.135;536.064;115269.05;-3128.702;2115.676;5244.378;122793.745;121350.036;109862.913;397.119;1.242
"2017-08";5702.77;3531.814;1170.41;1000.546;91336.844;-4583.026;1005.355;5588.381;92456.588;92315.815;106102.259;0;1
"2014-07";7825.21;6232.79;910.978;681.442;106619.163;-8166.72;174.601;8341.321;106277.653;106124.245;115520.998;0;1
"2013-11";8212.305;6321.496;1714.499;176.309;110128.885;-2591.266;1514.243;4105.509;115749.923;114746.593;110801.47;280.871;1.105
"2012-12";8797.639;6482.457;2193.274;121.908;126634.73;-4467.754;711.008;5178.762;130964.615;;111357.029;325.45;0.922
"2012-02";6514.954;5250.793;1083.764;180.397;122565.787;548.039;3166.98;2618.941;129628.78;;111098.436;447.752;1.401
"2009-11";5090.556;3794.323;1296.233;0;100247.048;-1108.199;1918.345;3026.545;104229.405;;103533.119;192.601;0.758
"2009-05";7748.765;7209.668;539.097;0;95638.402;-4540.817;693.125;5233.942;98846.35;;108683.441;59.968;0.764
"2009-01";6798.31;6149.193;649.117;0;136557.878;-2718.489;1569.282;4287.772;140637.698;;114694.136;456.461;1.23
"2008-08";4736.158;4329.084;407.073;0;102460.84;-5184.933;876.158;6061.091;102012.065;;114047.441;0;1
"2005-07";4257.028;4186.015;71.013;0;102727.555;-4601.828;667.12;5268.948;102382.754;;112133.203;0;1
"2004-12";4864.445;4864.445;0;0;137985.407;-5525.994;449.081;5975.075;137323.857;;117352.96;392.699;1.113
"2004-04";5420.353;5420.353;0;0;107931.52;-4616.831;423.076;5039.907;108735.042;;111539.661;175.608;1.057
"2003-03";6199.028;6199.028;0;0;114132.635;-6946.25;348.063;7294.313;113385.413;;111974.228;208.185;0.814
"2003-02";7113.39;7113.39;0;0;115641.997;-5692.024;531.096;6223.12;117063.363;;112935.604;360.232;1.127
"2002-09";4712.558;4712.558;0;0;102357.791;-6273.129;279.05;6552.179;100797.22;;110552.868;0;1
"2002-08";4850.269;4850.269;0;0;97387.201;-5658.018;231.042;5889.06;96579.451;;109531.81;0;1
"1998-07";4387.519;4387.519;0;0;88631.842;-3414.615;396.071;3810.686;89604.747;;97033.075;0;1
"1993-06";7016.182;7016.182;0;0;76634.59;-4498.81;220.04;4718.849;79151.962;;91555.972;0;1
"1991-03";5980.311;5980.311;0;0;86199.887;-4818.867;552.099;5370.967;87361.33;;82294.245;210.812;0.824
"1991-01";6179.789;6179.789;0;0;102009.208;-4873.877;579.104;5452.981;103315.121;;84949.881;391.33;1.055
"1990-01";3180.521;3180.521;0;0;87182.585;-2019.363;1045.188;3064.552;88343.743;;70937.044;362.584;0.977
"1988-05";8352.791;8352.791;0;0;56917.337;-3150.567;661.119;3811.686;62119.561;;;72.67;0.926
"2022-09";6678.958;2543.124;2302.055;1833.78;58600.02;3318.835;5469.073;2150.238;68597.814;68456.884;82279.82;0;1
"2022-06";8238.64;4157.607;1845.733;2235.3;64482.038;1063.461;3813.163;2749.701;73784.14;73784.481;88485.706;0;1
"2022-07";8067.817;3591.864;1880.579;2595.375;60385.593;3215.987;5481.076;2265.09;71669.397;72021.722;83298.665;0;1
"2019-11";10636.552;6657.065;3421.055;558.431;93100.702;-1388.136;2814.769;4202.904;102349.118;102355.589;100286.058;258.921;1.019
"2016-04";8902.157;6538.252;1603.637;760.269;98619.128;-3721.056;1576.583;5297.638;103800.23;102981.056;108630.801;191.505;1.153
"2015-03";8950.398;6525.108;1908.979;516.311;117108.442;-4351.973;803.375;5155.348;121706.867;121571.085;111785.009;257.449;1.007
"2013-07";7822.592;6406.012;829.662;586.918;98138.306;-5588.996;303.295;5892.29;100371.902;99924.529;109247.632;0;1
"2012-01";8462.921;6833.247;1520.984;108.69;135687.63;-5498.52;721.02;6219.539;138652.032;;111855.306;338.038;0.911
"2011-02";5058.581;4119.895;871.157;67.529;121352.736;-3921.706;854.154;4775.86;122489.611;;112898.232;290.502;0.909
"2010-12";8014.061;7063.89;950.171;0;132842.122;-830.149;2184.393;3014.543;140026.034;;114433.782;468.628;1.328
"2008-04";7568.261;7152.186;416.075;0;109092.335;-3797.683;594.107;4391.79;112862.913;;115986.848;193.732;1.166
"2008-02";4931.899;4503.822;428.077;0;123370.659;-4344.782;520.094;4864.876;123957.776;;115156.593;283.622;0.887
"2007-07";6560.066;6222.005;338.061;0;101666.758;-5740.033;621.112;6361.145;102486.791;;111908.009;0;1
"2001-12";5132.779;5132.779;0;0;122212.478;-4529.815;832.15;5361.965;122815.442;;106917.885;428.734;1.215
"2001-08";5118.603;5118.603;0;0;98215.841;-5874.057;318.057;6192.114;97460.387;;109538.536;0;1
"2000-05";7670.31;7670.31;0;0;97992.916;-6244.124;204.037;6448.16;99419.102;;106052.766;50.96;0.65
"2000-04";6279.022;6279.022;0;0;102640.982;-5564.001;232.042;5796.043;103356.003;;104983.169;177.03;1.066
"1999-03";6980.742;6980.742;0;0;104602.734;-5765.038;421.076;6186.113;105818.439;;98709.277;243.719;0.953
"1998-01";6950.364;6950.364;0;0;117803.874;-6530.175;242.044;6772.219;118224.063;;100727.433;352.219;0.949
"1997-10";4536.368;4536.368;0;0;104083.922;-5964.073;230.041;6194.115;102656.217;;100914.784;144.53;1.161
"1996-10";4591.048;4591.048;0;0;103146.451;-6267.128;180.032;6447.16;101470.371;;100534.616;134.946;1.084
"1996-01";7172.12;7172.12;0;0;117114.763;-6192.114;405.073;6597.187;118094.769;;99723.796;354.81;0.956
"1992-01";4923.175;4923.175;0;0;102098.545;-4609.83;541.097;5150.927;102411.89;;82545.415;434.357;1.171
"1991-11";5734.253;5734.253;0;0;90765.606;-4568.822;344.062;4912.884;91931.037;;85538.955;289.47;1.139
"1990-05";5539.837;5539.837;0;0;72228.339;-3905.703;272.049;4177.752;73862.474;;81745.168;38.771;0.494
"1990-04";4509.029;4509.029;0;0;80945.002;-4031.726;511.092;4542.818;81422.306;;81850.015;213.678;1.286
"1989-07";4519.155;4519.155;0;0;71513.649;-3698.666;524.094;4222.76;72334.138;;;0;1
"1988-10";5303.906;5303.906;0;0;72740.363;-3243.584;755.136;3998.72;74800.685;;;113.799;0.914
"1987-11";5878.04;5878.04;0;0;74322.366;-2595.467;813.146;3408.613;77604.939;;;286.771;1.128
"1987-04";6845.056;6845.056;0;0;62352.847;-2822.508;632.114;3454.622;66375.394;;;149.017;0.897
"1986-09";3874.14;3874.14;0;0;56607.441;-1980.356;389.07;2369.426;58501.224;;;0;1
"1985-07";5807.159;5807.159;0;0;48570.989;-1917.345;353.064;2270.409;52460.803;;;0;1
"1984-01";5952.971;5952.971;0;0;54774.102;-1895.341;618.111;2513.452;58831.732;;;372.969;1.005
"1983-07";6456.224;6456.224;0;0;33201.225;-1414.255;335.06;1749.315;38243.195;;;0;1
"1983-01";6905.811;6905.811;0;0;41852.002;-645.116;752.135;1397.251;48112.696;;;340.665;0.918
"1982-11";6319.526;6319.526;0;0;24876.947;175.032;1057.19;882.159;31371.504;;;237.709;0.935
"1980-11";;;;;;;;;;;;328.812;1.294
"2021-09";6667.631;3540.577;1665.609;1461.445;92746.184;-5788.223;641.311;6429.534;93625.592;93484.662;107428.968;0;1
"2020-09";6890.107;3470.809;2146.884;1272.415;69877.497;552.039;3196.689;2644.65;77319.643;77178.713;91256.336;0;1
"2019-08";6943.857;3873.184;1662.545;1408.127;88794.004;-5576.92;796.987;6373.907;90160.941;90266.639;103915.667;0;1
"2016-08";6015.646;3918.211;1134.446;962.988;86803.211;-3405.203;1483.288;4888.491;89413.654;89273.867;103166.991;0;1
"2016-03";9640.988;6684.654;2334.085;622.249;117876.299;-4245.575;1423.542;5669.117;123271.711;121347.32;111311.377;292.283;1.143
"2015-12";6427.208;3688.393;2527.055;211.76;127974.032;-6359.074;704.267;7063.341;128042.166;132648.174;112009.446;231.356;0.656
"2015-07";6303.814;4092.741;1338.682;872.391;106076.096;-6310.976;710.328;7021.304;106068.934;105935.85;115657.636;0;1
"2014-11";6536.497;4897.271;1411.79;227.435;115390.437;-5811.516;539.667;6351.183;116115.417;119879.276;115837.637;188.089;0.74
"2010-10";5083.066;4048.88;1034.186;0;101708.371;-569.102;2680.482;3249.585;106222.335;;108614.222;157.625;1.266
"2009-08";4267.069;3912.005;355.064;0;90316.491;-2074.373;1372.247;3446.62;92509.186;;103976.855;0;1
"2009-03";7056.205;6315.072;741.133;0;114347.825;-4449.801;827.149;5276.95;116954.23;;108972.999;276.464;1.081
"2008-09";5343.377;4879.293;464.084;0;99626.997;-3689.664;878.158;4567.822;101280.71;;111196.348;0;1
"2007-12";5263.391;4679.286;584.105;0;126925.843;-1708.307;1809.326;3517.633;130480.927;;111663.666;388.094;1.1
"2006-11";4542.109;4243.055;299.054;0;118378.853;-6501.17;414.075;6915.245;116419.791;;113128.495;205.914;0.81
"2005-08";3778.064;3706.051;72.013;0;105840.235;-6809.225;242.044;7051.269;102809.074;;115125.976;0;1
"2000-12";6912.899;6912.899;0;0;116016.877;-6403.152;238.043;6641.195;116526.623;;106606.683;279.898;0.793
"2000-11";7444.505;7444.505;0;0;110024.606;-6145.106;288.052;6433.158;111324.004;;106453.687;237.709;0.935
"2000-02";5680.586;5680.586;0;0;107100.277;-5188.934;300.054;5488.988;107591.929;;102717.892;276.458;0.865
"1994-12";6049.166;6049.166;0;0;113072.698;-6189.114;326.059;6515.173;112932.75;;100253.852;306.323;0.868
"1994-01";8414.558;8414.558;0;0;105410.812;-5346.962;457.082;5804.045;108478.408;;91148.725;342.6;0.924
"1992-04";5749.442;5749.442;0;0;85022.563;-4653.838;341.061;4994.899;86118.167;;86521.424;197.517;1.189
"1991-10";5252.264;5252.264;0;0;86110.551;-4516.813;462.083;4978.896;86846.002;;85774.311;171.849;1.38
"1990-11";6521.03;6521.03;0;0;80539.799;-4543.818;738.133;5281.951;82517.011;;75669.655;275.337;1.083
"1989-10";2770.425;2770.425;0;0;74541.509;-3868.696;721.13;4589.826;73443.238;;;96.957;0.779
"1988-12";6453.187;6453.187;0;0;80594.128;-3670.661;783.141;4453.802;83376.654;;;325.026;0.921
"1988-07";6735.697;6735.697;0;0;62092.224;-3384.609;550.099;3934.708;65443.311;;;0;1
"1987-05";6619.25;6619.25;0;0;61098.623;-2873.517;652.117;3525.634;64844.356;;;150.16;1.914
"1986-08";4256.896;4256.896;0;0;50070.291;-1296.233;505.091;1801.324;53030.954;;;0;1
"1986-05";8862.12;8862.12;0;0;48589.941;-2011.362;751.135;2762.497;55440.699;;;85.399;1.089
"1984-12";5789.945;5789.945;0;0;63560.282;-1836.33;748.135;2584.465;67513.897;;;375.087;1.063
"1983-10";4282.21;4282.21;0;0;39639.012;-1567.282;449.081;2016.363;42353.941;;;156.911;1.26
"1983-06";7346.284;7346.284;0;0;27916.237;-1191.214;517.093;1708.307;34071.306;;;0;1
"1980-01";;;;;;;;;;;;449.268;1.211
"2021-08";8511.013;4533.537;2227.435;1750.041;93107.481;-7641.946;460.189;8102.135;93976.548;93835.618;107392.948;0;1
"2021-02";11993.947;7068.563;4249.805;675.578;96487.993;-3409.726;2302.195;5711.921;105072.214;107861.113;96101.75;260.675;0.815
"2018-10";6338.871;3078.673;2453.085;807.113;100772.212;-4581.154;1049.823;5630.977;102529.928;103096.154;109242.445;108.323;0.87
"2018-07";7969.217;5451.153;1083.839;1434.225;95721.776;-6262.978;728.226;6991.204;97428.015;97287.085;108925.333;0;1
"2016-11";6732.772;4228.766;2188.501;315.506;99125.531;-644.348;2665.649;3309.997;105213.956;105172.547;102113.19;256.744;1.01
"2016-02";10145.814;7016.748;2748.613;380.453;118312.262;-4951.876;1171.563;6123.439;123506.2;120485.952;109347.654;293.966;0.92
"2014-02";9717.788;7112.365;2357.192;248.231;115457.115;-4319.837;1172.431;5492.268;120855.066;123651.73;112421.103;259.738;0.812
"2013-10";6675.031;4825.201;1543.666;306.165;99163.126;-4103.108;734.092;4837.201;101735.049;104469.527;109468.542;82.676;0.664
"2013-09";5434.722;4108.625;899.816;426.28;94817.042;-4904.903;400.542;5305.445;95346.861;95468.872;109048.158;0;1
"2013-02";8476.027;6870.56;1389.151;216.317;116396.587;-2193.095;1546.008;3739.103;122679.52;121347.303;109899.336;383.934;1.201
"2012-07";6376.397;5001.709;875.262;499.426;92115.647;-3270.409;947.621;4218.029;95221.636;;104402.656;0;1
"2011-08";4831.411;3911.157;664.12;256.134;100293.784;-5346.962;334.06;5681.022;99778.232;;113844.236;0;1
"2008-12";6323.758;5663.639;660.119;0;131144.783;-2868.516;1395.251;4263.767;134600.025;;114380.366;403.777;1.144
"2003-05";5650.209;5650.209;0;0;103430.711;-6068.092;327.059;6395.151;103012.828;;110781.769;73.531;0.937
"2002-02";4309.55;4309.55;0;0;109565.147;-5528.995;363.065;5892.06;108345.702;;108188.409;242.195;0.758
"2001-10";5189.484;5189.484;0;0;113646.587;-7294.313;150.027;7444.34;111541.758;;111012.029;50.908;0.409
"1999-11";6803.54;6803.54;0;0;104518.792;-5137.925;410.074;5547.998;106184.407;;99621.093;310.278;1.221
"1998-02";5197.585;5197.585;0;0;107000.244;-5956.072;248.045;6204.117;106241.757;;103461.585;291.746;0.913
"1995-02";7496.146;7496.146;0;0;96102.044;-5895.061;201.036;6096.097;97703.129;;95939.078;238.149;0.745
"1994-06";7045.547;7045.547;0;0;76765.771;-4228.761;247.044;4475.806;79582.557;;92367.855;0;1
"1990-06";5619.831;5619.831;0;0;72687.783;-3683.663;307.055;3990.718;74623.951;;86694.669;0;1
"1986-12";4892.797;4892.797;0;0;83288.838;-3097.557;704.127;3801.684;85084.078;;;351.302;0.996
"1985-05";7381.724;7381.724;0;0;48099.24;-1724.31;453.082;2177.392;53756.655;;;113.163;1.443
"1984-11";5398.076;5398.076;0;0;53740.809;-1804.325;623.112;2427.437;57334.56;;;204.416;0.804
"1984-05";6216.242;6216.242;0;0;42990.096;-2335.42;307.055;2642.476;46870.918;;;172.552;2.2
"1983-08";4369.292;4369.292;0;0;36662.813;-1650.297;271.049;1921.346;39381.809;;;0;1
"1982-02";6281.048;6281.048;0;0;30366.723;-343.062;745.134;1088.196;36304.709;;;312.655;0.978
"2022-02";10815.212;4522.368;5261.874;1030.971;94127.124;-1844.439;2325.285;4169.724;103097.897;106037.786;94523.378;255.808;0.8
"2021-01";11932.678;7492.61;3961.416;478.651;118085.182;-1990.012;3290.319;5280.331;128027.848;127889.086;99507.464;385.513;1.039
"2019-05";9280.815;5711.068;2266.185;1303.563;100989.601;-7473.103;243.513;7716.616;102797.314;102586.771;110551.237;107.094;1.365
"2018-08";6792.018;4063.916;1402.896;1325.206;87546.408;-4356.247;1174.754;5531.001;89982.179;89841.249;103512.866;0;1
"2018-05";10671.96;7921.854;1604.933;1145.173;97495.218;-8079.749;393.475;8473.224;100087.428;100123.513;108257.69;56.532;0.721
"2017-09";5449.267;3098.526;1557.968;792.772;93701.03;-4559.397;826.804;5386.2;94590.9;94696.48;109296.959;0;1
"2017-04";6549.996;4239.905;1378.93;931.161;101042.997;-5389.928;699.463;6089.391;102203.066;102207.551;107104.65;181.064;1.09
"2016-10";4973.338;3081.484;1340.852;551.002;92610.348;-769.879;2446.859;3216.738;96813.808;95125.004;101180.496;155.904;1.252
"2015-10";5590.416;3893.284;1218.133;478.998;109641.585;-4904.503;972.395;5876.898;110327.498;108550.558;114420.432;153.532;1.233
"2015-06";7744.345;5693.893;1199.77;850.682;97938.391;-6062.101;485.447;6547.548;99620.635;99388.059;113310.536;0;1
"2014-05";8318.585;6221.368;1461.836;635.382;99269.357;-6442.739;268.978;6711.718;101145.203;101184.482;112061.532;86.091;1.097
"2013-12";7787.973;5711.181;1916.751;160.041;128204.861;-2795.273;1723.08;4518.353;133197.561;133964.153;112507.438;341.833;0.969
"2013-05";10180.748;8578.86;1112.632;489.255;99269.63;-5848.072;474.475;6322.548;103602.305;103643.959;114825.854;140.301;1.789
"2013-03";8105.465;6473.443;1294.34;337.682;116706.885;-1804.865;1572.803;3377.668;123007.485;119368.435;110241.243;328.805;1.286
"2013-01";8293.219;6890.277;1263.813;139.129;134319.112;-3566.522;961.913;4528.435;139045.809;137671.926;109277.919;402.257;1.084
"2008-06";8776.084;8493.033;283.051;0;91410.369;-5179.932;446.08;5626.013;95006.521;;108109.689;0;1
"2008-03";6370.011;5672.885;697.125;0;118281.865;-3074.553;915.165;3989.718;121577.323;;114711.617;282.251;1.104
"2007-05";6563.933;6202.868;361.065;0;101563.709;-5659.018;393.071;6052.089;102468.624;;111137.204;60.382;0.77
"2002-11";6648.615;6648.615;0;0;115475.3;-7488.348;58.01;7546.358;114635.568;;110558.931;209.229;0.823
"2002-05";6343.828;6343.828;0;0;107173.808;-7242.303;97.017;7339.321;106275.333;;114119.658;95.536;1.218
"2002-01";4544.469;4544.469;0;0;127689.617;-5244.944;590.106;5835.05;126989.142;;108321.725;356.37;0.961
"2001-06";7375.649;7375.649;0;0;91084.504;-5473.985;189.034;5663.019;92986.168;;105336.868;0;1
"1998-10";6161.563;6161.563;0;0;100579.911;-4911.884;318.057;5229.941;101829.59;;100167.517;142.192;1.142
"1997-08";5108.477;5108.477;0;0;89257.606;-5159.929;328.059;5487.988;89206.155;;100740.714;0;1
"1997-07";6709.37;6709.37;0;0;91476.771;-5033.906;307.055;5340.961;93152.235;;100979.613;0;1
"1997-04";4517.129;4517.129;0;0;105872.645;-5797.043;221.04;6018.083;104592.731;;104455.844;185.552;1.117
"1996-07";5491.233;5491.233;0;0;90922.984;-5422.976;287.052;5710.028;90991.241;;98634.163;0;1
"1995-03";8434.81;8434.81;0;0;104323.793;-6658.198;184.033;6842.231;106100.405;;95705.774;299.294;1.17
"1994-10";6376.23;6376.23;0;0;93731.147;-5788.042;254.046;6042.087;94319.336;;95269.597;135.113;1.085
"1994-05";7811.059;7811.059;0;0;75967.325;-4735.852;204.037;4939.889;79042.532;;86756.468;76.119;0.97
"1994-03";7453.618;7453.618;0;0;92642.067;-5590.006;261.047;5851.053;94505.679;;89725.585;208.649;0.816
"1993-11";5940.82;5940.82;0;0;103323.919;-5205.937;329.059;5534.996;104058.802;;94741.946;362.433;1.426
"1993-09";4931.275;4931.275;0;0;87843.343;-5186.933;341.061;5527.995;87587.685;;94986.035;0;1
"1991-08";3697.95;3697.95;0;0;73906.584;-4387.79;311.056;4698.846;73216.745;;85073.481;0;1
"1989-05";6771.137;6771.137;0;0;68122.063;-4114.741;420.076;4534.816;70778.46;;;48.047;0.612
"1989-02";2946.614;2946.614;0;0;82285.046;-3395.611;529.095;3924.706;81836.049;;;303.151;0.948
"1988-06";7217.686;7217.686;0;0;60908.384;-3343.602;434.078;3777.68;64782.468;;;0;1
"1985-02";5755.517;5755.517;0;0;58311.962;-1638.295;486.087;2124.382;62429.184;;;358.708;1.122
"1981-12";7002.006;7002.006;0;0;33431.317;-382.069;1082.195;1464.264;40051.255;;;379.855;1.077
"1981-05";6645.577;6645.577;0;0;27182.773;-840.151;638.115;1478.266;32988.198;;;113.134;1.442
"1980-03";;;;;;;;;;;;314.744;1.231
"2022-05";9487.685;5149.845;2073.22;2264.62;65809.978;-620.846;3083.756;3704.602;74676.817;74219.647;82944.854;37.956;0.484
"2021-04";8703.899;4166.039;2951.334;1586.526;86700.855;-1445.471;2800.074;4245.545;93959.283;92454.216;96709.219;212.419;1.279
"2020-06";10121.005;6512.708;2050.266;1558.03;68777.753;-3321.485;1220.755;4542.239;75577.273;75577.614;90322.623;0;1
"2019-10";8184.5;3930.259;3435.091;819.15;92959.701;-4282.494;1292.912;5575.405;96861.707;98692.942;104801.701;87.554;0.703
"2018-03";11189.7;7321.393;3095.201;773.106;113291.108;-3394.033;1914.957;5308.989;121086.775;119550.555;109193.488;284.173;1.111
"2017-02";7418.695;4583.539;2422.158;412.998;107040.272;-3541.926;1475.366;5017.292;110917.041;113887.388;102517.22;255.264;0.799
"2016-09";5115.889;3403.33;953.063;759.496;84673.304;-2734.927;1594.555;4329.482;87054.266;86914.479;101564.326;0;1
"2016-01";8696.471;5731.961;2716.194;248.315;131863.546;-5105.276;1483.518;6588.794;135454.741;137337.273;108792.606;325.637;0.878
"2015-11";6314.784;3557.628;2433.612;323.543;113490.519;-5960.733;838.001;6798.734;113844.57;117366.462;113724.98;184.449;0.726
"2010-04";6541.318;5834.191;707.127;0;99668.426;-2590.466;1312.236;3902.702;103619.278;;108251.023;158.138;0.952
"2008-11";5762.935;5125.82;637.115;0;114784.267;-3428.617;940.169;4368.786;117118.585;;114202.055;266.518;1.048
"2006-09";4543.042;4391.014;152.027;0;107807.256;-6982.257;229.041;7211.298;105368.041;;115139.491;0;1
"2004-08";4329.802;4329.802;0;0;97484.188;-5283.951;445.08;5729.031;96530.039;;109219.563;0;1
"2003-08";3702.001;3702.001;0;0;96138.492;-4484.807;477.086;4961.893;95355.685;;109091.981;0;1
"2002-03";5898.292;5898.292;0;0;113368.861;-6962.253;168.03;7130.283;112304.9;;108798.308;228.865;0.895
"2001-07";6678.992;6678.992;0;0;99523.33;-6426.156;196.035;6622.192;99776.166;;106631.58;0;1
"2001-05";8936.038;8936.038;0;0;92157.67;-5332.96;229.041;5562.001;95760.748;;102989.662;65.332;0.833
"1999-04";6671.904;6671.904;0;0;101433.786;-5676.022;248.045;5924.066;102429.669;;103341.992;167.62;1.009
"1997-11";4980.892;4980.892;0;0;106044.821;-5937.068;309.056;6246.124;105088.645;;101397.944;235.509;0.927
"1996-04";4910.011;4910.011;0;0;100911.266;-5747.034;249.045;5996.079;100074.243;;100749.498;177.954;1.071
"1992-07";7087.063;7087.063;0;0;74334.122;-4381.789;276.05;4657.838;77039.396;;86327.84;0;1
"1992-06";7984.211;7984.211;0;0;68737.845;-3930.707;434.078;4364.786;72791.349;;85076.661;0;1
"1992-03";4442.198;4442.198;0;0;94504.965;-4394.791;492.089;4886.879;94552.373;;86289.535;259.755;1.016
"1989-06";4606.237;4606.237;0;0;74346.884;-3993.719;347.062;4340.781;74959.402;;;0;1
"1988-08";4659.903;4659.903;0;0;62810.869;-3295.593;581.105;3876.698;64175.179;;;0;1
"1988-01";6832.905;6832.905;0;0;80048.727;-2934.528;693.125;3627.653;83947.104;;;298.087;0.804
"1984-10";6154.475;6154.475;0;0;48567.965;-2004.361;426.077;2430.437;52718.079;;;136.61;1.097
"1984-07";5764.631;5764.631;0;0;39596.812;-1940.349;346.062;2286.411;43421.094;;;0;1
"1980-12";;;;;;;;;;;;423.706;1.201
"2022-08";7172.356;2789.917;2079.473;2302.965;58554.054;3214.307;5123.618;1909.311;68940.717;68799.787;82248.605;0;1
"2022-03";9572.787;4725.084;3460.02;1387.683;85750.867;995.088;4030.988;3035.9;96318.741;97655.691;88498.499;222.74;0.871
"2021-12";10365.377;5451.434;4328.202;585.742;100376.851;1937.095;4520.495;2583.4;112679.323;113625.346;92799.378;318.72;0.903
"2021-06";9412.421;6375.723;1355.3;1681.398;88324.864;-6851.46;689.691;7541.151;90885.825;90639.539;105415.38;0;1
"2014-09";5030.089;3786.237;678.464;565.388;101569.771;-5338.181;590.886;5929.067;101261.679;101108.271;115237.121;0;1
"2013-06";9027.016;7377.334;1112.418;537.263;91415.825;-5750.575;284.641;6035.216;94692.266;94977.351;109528.674;0;1
"2012-10";6061.759;4484.318;1308.577;268.863;104797.896;-3671.571;796.443;4468.014;107188.084;;111644.288;123.606;0.993
"2012-09";4921.381;3663.794;883.669;373.918;96273.91;-4102.608;610.74;4713.348;97092.682;;110676.351;0;1
"2011-10";4498.908;3280.981;1035.186;182.74;104447.591;-3823.688;841.151;4664.84;105122.81;;111202.11;108.5;0.871
"2010-11";6489.117;5519.942;969.174;0;112760.297;-2321.418;1726.311;4047.728;116927.996;;113184.067;276.919;1.089
"2007-10";4234.977;3951.926;283.051;0;117287.747;-3947.71;929.167;4876.878;117575.014;;117735.175;157.386;1.264
"2005-05";6243.739;6174.726;69.012;0;106413.066;-6699.206;201.036;6900.242;105957.599;;113517.221;84.077;1.072
"2003-01";8109.771;8109.771;0;0;128010.887;-6290.132;341.061;6631.193;129830.526;;108667.429;422.876;1.14
"2002-12";7517.41;7517.41;0;0;123946.52;-7556.36;210.038;7766.398;123907.571;;109890.054;300.263;0.851
"2001-01";7941.682;7941.682;0;0;123284.401;-5800.044;345.062;6145.106;125426.04;;107607.322;343.191;0.925
"1995-12";5762.605;5762.605;0;0;110040.776;-3990.718;686.123;4676.842;111812.663;;98074.369;393.291;1.115
"1995-11";4539.406;4539.406;0;0;104572.357;-5940.069;270.049;6210.118;103171.694;;96809.324;266.848;1.05
"1994-09";5745.392;5745.392;0;0;87078.497;-4960.893;360.065;5320.958;87862.996;;95386.069;0;1
"1994-07";6014.738;6014.738;0;0;84517.083;-5068.912;324.058;5392.971;85462.909;;95153.498;0;1
"1993-10";7930.544;7930.544;0;0;88015.491;-4663.839;232.042;4895.881;91282.196;;91176.269;188.738;1.516
"1993-02";4336.89;4336.89;0;0;99683.306;-4922.886;388.07;5310.956;99097.31;;92418.383;372.469;1.165
"1989-11";4312.588;4312.588;0;0;75262.58;-3461.623;871.157;4332.78;76113.545;;;288.146;1.134
"1988-04";7940.67;7940.67;0;0;63619.344;-2913.524;554.1;3467.624;68646.49;;;176.234;1.061
"1986-07";5481.108;5481.108;0;0;56671.249;-1639.295;649.117;2288.412;60513.062;;;0;1
"1985-11";4030.077;4030.077;0;0;67138.125;-1978.356;661.119;2639.475;69189.846;;;370.703;1.458
"1985-03";6245.607;6245.607;0;0;62796.762;-2072.373;476.086;2548.459;66969.996;;;341.435;1.335
"1982-09";4359.167;4359.167;0;0;21725.291;419.075;988.178;569.102;26503.533;;;0;1
"1982-08";5011.269;5011.269;0;0;20918.159;-321.058;717.129;1038.187;25608.371;;;0;1
"1982-05";5382.887;5382.887;0;0;27717.922;-822.148;444.08;1266.228;32278.661;;;98.191;1.252
"1981-07";6462.3;6462.3;0;0;25593.399;-364.066;667.12;1031.186;31691.633;;;0;1
"1981-01";6329.652;6329.652;0;0;28435.686;-382.069;1216.219;1598.288;34383.269;;;407.494;1.098
"2017-06";7603.436;5157.894;1396.048;1049.494;86043.753;-3455.039;1244.385;4699.424;90192.15;90192.491;104170.554;0;1
"2022-11";9422.527;3943.849;4632.3;846.379;69562.288;1077.335;4810.486;3733.151;80062.149;82962.718;80202.975;195.907;0.771
"2016-07";7337.601;5356.707;974.329;1006.566;90469.67;-4291.312;1041.214;5332.527;93515.959;93865.424;104055.478;0;1
"2015-01";8641.291;6236.844;2176.443;228.004;138614.247;-5183.903;720.48;5904.383;142071.635;142200.505;113670.451;369.813;0.997
"2012-11";6240.278;4831.324;1249.205;159.749;118091.255;-4413.034;663.799;5076.834;119918.499;;116311.438;252.212;0.992
"2007-06";7601.844;7360.801;241.043;0;98523.769;-6753.215;227.041;6980.256;99372.398;;111868.215;0;1
"2006-08";4233.605;4042.571;191.034;0;104570.31;-7112.28;122.022;7234.302;101691.635;;113398.849;0;1
"2004-03";6525.08;6525.08;0;0;114838.822;-4112.74;724.13;4836.87;117251.162;;109708.615;296.857;1.161
"2002-07";5039.622;5039.622;0;0;105179.511;-5596.007;573.103;6169.11;104623.125;;111316.562;0;1
"2001-09";4875.583;4875.583;0;0;104746.336;-5704.027;219.039;5923.066;103917.893;;113776.358;0;1
"1999-08";5028.483;5028.483;0;0;91656.219;-5480.986;442.08;5923.066;91203.716;;102249.721;0;1
"1998-09";4074.631;4074.631;0;0;87506.531;-3171.571;556.1;3727.671;88409.591;;96863.421;0;1
"1997-12";6593.935;6593.935;0;0;110562.862;-5672.021;531.096;6203.116;111484.777;;99957.118;332.154;0.941
"1997-06";6020.814;6020.814;0;0;88409.477;-5094.917;267.048;5361.965;89335.374;;102122.54;0;1
"1996-05";6562.545;6562.545;0;0;91731.726;-5458.982;242.044;5701.026;92835.289;;100459.386;126.237;1.609
"1996-03";5860.826;5860.826;0;0;109342.561;-5847.052;483.087;6330.139;109356.335;;99162.129;312.457;1.222
"1995-08";4595.098;4595.098;0;0;87590.304;-5991.078;149.027;6140.105;86194.324;;96870.725;0;1
"1994-08";4522.192;4522.192;0;0;84724.679;-5250.945;328.059;5579.004;83995.926;;94847.439;0;1
"1993-05";6488.627;6488.627;0;0;81078.561;-5070.913;156.028;5226.941;82496.275;;90835.376;71.011;0.905
"1993-01";5250.239;5250.239;0;0;108220.576;-5275.95;465.084;5741.033;108194.865;;92234.822;322.988;0.871
"1992-02";4380.431;4380.431;0;0;91110.189;-3957.712;513.092;4470.805;91532.907;;83372.444;333.546;1.043
"1991-04";5379.849;5379.849;0;0;76959.969;-4400.792;555.1;4955.892;77939.026;;77781.011;216.122;1.301
"1990-07";5109.49;5109.49;0;0;75061.574;-3857.694;477.086;4334.78;76313.369;;86002.883;0;1
"1985-10";3333.421;3333.421;0;0;60622.893;-2596.467;367.066;2963.533;61359.846;;;151.161;1.214
"1984-09";4536.368;4536.368;0;0;44275.334;-2093.377;390.07;2483.447;46718.325;;;0;1
"1984-03";4990.005;4990.005;0;0;54142.645;-2144.386;434.078;2578.464;56988.264;;;339.404;1.327
"1983-05";8146.224;8146.224;0;0;28957.268;-1220.22;750.135;1970.355;35883.272;;;141.422;1.803
"1982-10";6320.538;6320.538;0;0;19883.621;437.079;1319.237;882.159;26641.238;;;154.881;1.244
"1982-01";7959.909;7959.909;0;0;33601.655;-264.048;955.172;1219.219;41297.516;;;367.239;0.99
"1981-11";5140.88;5140.88;0;0;28185.744;-138.025;1131.204;1269.228;33188.599;;;280.073;1.102
"2020-03";13118.562;7520.122;4498.986;1099.455;97714.37;-5993.398;978.975;6972.373;104839.535;105231.651;95585.481;246.202;0.963
"2019-06";9229.01;5924.3;1902.159;1402.551;91228.342;-7126.901;325.155;7452.055;93330.451;93824.047;108463.651;0;1
"2018-01";11838.358;7528.972;3975.359;334.027;129237.358;-7291.863;590.119;7881.983;133783.853;136750.71;108327.439;275.94;0.744
"2014-12";7885.712;5745.297;1958.883;181.533;131968.568;-4772.429;848.553;5620.982;135081.851;135314.568;114248.649;346.389;0.982
"2012-08";4946.923;3616.866;861.719;468.338;90827.355;-3622.972;956.662;4579.634;92151.306;;106611.53;0;1
"2011-11";4973.075;3958.532;909.164;105.379;107339.353;-3859.695;1262.227;5121.922;108452.734;;108440.517;198.874;0.782
"2009-10";3714.019;3081.905;632.114;0;98785.998;428.077;2606.469;2178.392;102928.094;;105076.21;134.189;1.078
"2006-06";5299.84;5200.822;99.018;0;104758.223;-5946.07;233.042;6179.112;104111.992;;116101.98;0;1
"2005-12";4456.8;4327.776;129.023;0;133333.056;-3283.591;1057.19;4340.781;134506.264;;113696.329;420.387;1.191
"2005-11";4004.473;3899.454;105.019;0;121958.284;-5436.978;471.085;5908.063;120525.778;;113668.246;296.157;1.165
"2003-12";5589.454;5589.454;0;0;132154.056;-6362.145;362.065;6724.21;131381.365;;113929.534;352.74;1
"2002-10";5563.127;5563.127;0;0;111659.463;-6160.109;157.028;6317.137;111062.481;;109260.999;122.663;0.985
"2001-11";4884.697;4884.697;0;0;117870.528;-6203.116;270.049;6473.165;116552.108;;108724.319;307.383;1.209
"2000-09";4641.677;4641.677;0;0;98847.976;-5870.056;416.075;6286.131;97619.596;;106695.013;0;1
"2000-08";4761.162;4761.162;0;0;96773.133;-6104.099;273.049;6377.148;95430.196;;106912.17;0;1
"1999-10";6386.356;6386.356;0;0;102147.202;-5712.028;353.064;6065.092;102821.53;;101641.808;128.865;1.035
"1998-08";3446.83;3446.83;0;0;78006.732;-1483.267;798.144;2281.411;79970.295;;91172.293;0;1
"1997-09";4621.425;4621.425;0;0;92171.854;-5359.965;258.046;5618.011;91433.315;;99865.344;0;1
"1997-01";7717.902;7717.902;0;0;112593.908;-4855.874;801.144;5657.018;115455.936;;94304.655;459.215;1.238
"1996-11";6092.707;6092.707;0;0;105766.902;-6067.092;214.039;6281.13;105792.518;;100095.217;283.921;1.117
"1992-11";8263.684;8263.684;0;0;89408.658;-4969.894;272.049;5241.943;92702.447;;88085.22;220.729;0.868
"1990-09";2974.967;2974.967;0;0;81873.461;-4773.859;392.071;5165.93;80074.569;;88627.195;0;1
"1988-11";5600.592;5600.592;0;0;70780.13;-2416.435;846.152;3262.587;73964.287;;;310.682;1.222
"1987-12";6038.028;6038.028;0;0;81911.701;-2627.473;844.152;3471.625;85322.256;;;362.009;1.026
"1986-06";7473.869;7473.869;0;0;50338.286;-1692.305;533.096;2225.401;56119.851;;;0;1
"1986-04";7138.705;7138.705;0;0;63903.908;-2336.42;642.116;2978.536;68706.192;;;273.481;1.647
"1983-04";6555.457;6555.457;0;0;31946.24;-898.162;607.109;1505.271;37603.536;;;211.73;1.275
"1982-03";6070.43;6070.43;0;0;32314.088;-867.156;757.136;1624.292;37517.362;;;304.089;1.189
"1980-09";;;;;;;;;;;;0;1
"2020-12";10607.199;5851.402;4384.35;371.447;109533.554;-2444.321;2523.323;4967.644;117696.432;118910.28;98264.174;318.167;0.902
"2021-11";7554.463;4136.519;2715.929;702.015;96607.449;799.768;3621.99;2822.222;104961.68;103252.128;100693.67;288.403;1.135
"2020-11";8481.001;4627.425;3155.221;698.355;100429.253;-4778.82;1418.214;6197.034;104131.434;106505.775;104250.715;206.465;0.812
"2019-04";8085.094;4646.323;2356.792;1081.98;101109.583;-4459.443;1052.061;5511.504;104735.235;104772.757;108696.902;164.844;0.992
"2017-12";8724.127;5344.461;3084.339;295.327;118870.359;-939.168;2982.316;3921.484;126655.318;126965.524;106942.423;354.569;1.005
"2016-05";8947.16;6570.149;1480.649;896.362;94016.725;-5265.884;815.106;6080.989;97698.001;97489.167;107096.157;80.834;1.03
"2015-08";5326.434;3458.606;1076.516;791.311;102283.505;-6873.127;319.678;7192.804;100736.812;100836.625;115037.115;0;1
"2014-03";8769.572;7065.438;1239.57;464.564;113702.254;-4565.792;994.589;5560.381;117906.035;119584.648;110230.478;228.332;0.893
"2011-06";5455.233;4381.682;853.154;220.397;103918.029;-6055.09;302.054;6357.144;103318.173;;118781.31;0;1
"2005-10";3849.697;3756.68;93.017;0;113808.334;-5892.06;278.05;6170.11;111765.971;;113441.048;51.592;0.414
"2005-03";5073.231;5007.219;66.012;0;117011.94;-3806.685;1068.192;4874.877;118278.486;;112342.122;278.725;1.09
"2004-11";4424.984;4424.984;0;0;124658.769;-5636.014;513.092;6149.107;123447.739;;116617.579;277.279;1.091
"2004-01";7025.296;7025.296;0;0;132457.141;-6045.088;446.08;6491.168;133437.348;;113826.507;366.599;0.988
"2001-03";8552.27;8552.27;0;0;107391.599;-6251.125;313.056;6564.181;109692.744;;105707.176;216.691;0.847
"2000-10";5663.372;5663.372;0;0;106299.706;-5639.015;397.071;6036.086;106324.063;;104703.68;127.436;1.023
"2000-06";6330.664;6330.664;0;0;94101.395;-6029.085;180.032;6209.117;94402.974;;106784.799;0;1
"2000-01";5810.197;5810.197;0;0;115325.719;-4037.727;695.125;4732.852;117098.189;;98562.318;393.354;1.06
"1999-05";8576.572;8576.572;0;0;85760.232;-5025.904;244.044;5269.948;89310.899;;96622.319;43.377;0.553
"1998-05";6505.841;6505.841;0;0;90436.166;-5741.033;226.041;5967.074;91200.974;;98923.142;59.562;0.759
"1994-02";6949.352;6949.352;0;0;94155.92;-5055.91;358.064;5413.974;96049.362;;91696.078;309.982;0.97
"1993-12";6640.514;6640.514;0;0;111889.88;-5618.011;391.07;6009.081;112912.384;;99412.54;310.997;0.881
"1992-05";6029.927;6029.927;0;0;77342.838;-4408.793;394.071;4802.864;78963.972;;87886.567;59.697;0.761
"1991-06";5849.688;5849.688;0;0;71207.354;-3930.707;387.07;4317.777;73126.334;;85440.08;0;1
"1990-03";5564.139;5564.139;0;0;78233.01;-2755.496;615.111;3370.607;81041.653;;73918.372;232.955;0.911
"1989-01";3620.994;3620.994;0;0;92769.29;-3865.696;712.128;4577.824;92524.588;;;384.477;1.036
"1987-03";6340.79;6340.79;0;0;78632.161;-2534.456;759.137;3293.593;82438.495;;;354.937;1.388
"1986-03";5241.126;5241.126;0;0;71972.455;-1986.357;784.141;2770.499;75227.223;;;319.462;1.249
"1983-03";6531.155;6531.155;0;0;34414.697;-588.106;668.12;1256.226;40357.747;;;289.94;1.134
"1980-04";;;;;;;;;;;;231.595;1.394
"2022-10";7890.988;3140.42;3434.052;1316.516;65057.226;275.665;4114.793;3839.128;73223.878;78569.738;84578.959;37.95;0.305
"2020-05";11135.949;6840.222;2661.759;1633.968;79563.073;-6394.102;555.781;6949.883;84304.921;84587.632;92673.803;58.632;0.747
"2019-09";6590.046;2689.295;2701.034;1199.717;88010.441;-4894.041;1078.312;5972.353;89706.446;89812.144;104101.682;0;1
"2019-02";8609.079;5198.753;2627.523;782.802;114250.763;-5526.15;961.489;6487.639;117333.693;120076.557;108326.161;262.159;0.82
"2018-12";9299.894;5323.568;3611.294;365.033;123406.02;-5243.608;1232.186;6475.793;127462.307;129757.628;109622.68;302.835;0.858
"2017-11";6504.006;3930.395;2172.685;400.926;96864.569;548.251;3651.65;3103.4;103916.826;102696.992;100284.636;273.605;1.076
"2017-05";8174.524;5757.965;1400.762;1015.797;95666.749;-5872.107;668.334;6540.441;97969.166;97758.88;106571.427;65.8;0.839
"2017-01";7513.705;5286.67;1909.142;317.893;128272.379;693.502;3651.175;2957.673;136479.586;133665.383;105234.105;452.737;1.22
"2016-06";9167.383;7231.335;1025.024;911.023;91412.76;-6646.871;369.818;7016.689;93933.272;93688.984;107495.741;0;1
"2014-10";5422.052;3783.423;1209.845;428.784;104464.23;-4307.725;664.57;4972.295;105578.557;108674.7;114196.128;69.506;0.558
"2013-08";5794.415;4547.102;705.577;541.736;95377.112;-6256.686;375.258;6631.944;94914.841;95036.852;109873.4;0;1
"2011-07";5326.124;4260.822;809.146;256.157;106785.193;-6173.111;289.052;6462.163;105938.206;;116119.12;0;1
"2011-04";4966.954;4130.253;668.12;168.581;104735.57;-5115.921;548.099;5664.019;104586.604;;114202.853;83.526;0.503
"2010-05";7299.991;6574.861;725.131;0;93362.235;-2139.385;1377.248;3516.633;98522.841;;108020.322;123.951;1.58
"2007-04";5647.043;5461.009;186.033;0;101333.365;-4643.836;675.122;5318.957;102336.572;;110151.442;82.878;0.499
"2004-09";3962.234;3962.234;0;0;105521.996;-5167.93;395.071;5563.001;104316.301;;113740.473;0;1
"2004-02";6226.368;6226.368;0;0;114899.439;-4322.778;522.094;4844.872;116803.03;;110698.044;329.034;1.029
"2003-11";4470.551;4470.551;0;0;119685.148;-6292.132;330.059;6622.192;117863.566;;112829.351;229.229;0.902
"2003-06";5284.667;5284.667;0;0;99120.846;-5075.914;878.158;5954.072;99329.599;;111511.82;0;1
"1999-01";5307.956;5307.956;0;0;115210.698;-5001.9;609.11;5611.01;115516.754;;99211.121;331.899;0.895
"1995-09";5390.988;5390.988;0;0;84473.687;-6078.094;118.021;6196.115;83786.581;;92110.811;0;1
"1994-04";7996.362;7996.362;0;0;86794.25;-4980.896;324.058;5304.955;89809.716;;89630.039;218.931;1.318
"1991-09";3333.421;3333.421;0;0;77872.474;-4647.836;253.046;4900.882;76558.059;;84486.8;0;1
"1991-07";5218.849;5218.849;0;0;71969.902;-3890.7;476.086;4366.786;73298.051;;82299.679;0;1
"1990-08";3549.101;3549.101;0;0;74244.785;-4263.767;367.066;4630.833;73530.119;;84859.409;0;1
"1989-04";6138.273;6138.273;0;0;80048.45;-3861.695;448.081;4309.776;82325.028;;;234.175;1.41
"1988-09";4336.89;4336.89;0;0;71165.118;-3456.622;530.095;3986.717;72045.386;;;0;1
"1988-03";7414.127;7414.127;0;0;79076.631;-2420.436;704.127;3124.562;84070.323;;;298.589;1.167
"1988-02";7977.123;7977.123;0;0;74309.191;-2752.495;625.113;3377.608;79533.818;;;334.762;1.047
"1986-10";3625.044;3625.044;0;0;68045.06;-2688.484;509.092;3197.575;68981.621;;;104.443;0.839
"1985-12";3304.056;3304.056;0;0;74115.543;-2467.444;623.112;3090.556;74952.154;;;341.453;0.968
"1985-06";7278.441;7278.441;0;0;40949.698;-1351.243;365.066;1716.309;46876.896;;;0;1
"1983-09";4683.193;4683.193;0;0;37681.491;-1476.266;365.066;1841.331;40888.418;;;0;1
"1983-02";6753.923;6753.923;0;0;33146.939;-14.003;1075.194;1089.196;39886.86;;;394.079;1.233
"1982-07";5356.56;5356.56;0;0;25197.237;-559.101;562.101;1121.202;29994.697;;;0;1
"1981-09";4646.74;4646.74;0;0;25554.946;-118.021;996.179;1114.201;30083.665;;;0;1
"1980-05";;;;;;;;;;;;129.032;1.645
"2021-05";12012.751;6429.411;3961.3;1622.041;87953.999;-5919.64;1213.582;7133.223;94047.11;94083.194;102540.671;116.452;1.485
"2020-10";10410.188;5281.027;4320.814;808.347;90211.446;-2838.676;1858.294;4696.97;97782.959;97187.869;103135.12;131.438;1.055
"2017-07";6618.307;3939.341;1619.103;1059.862;90039.041;-4580.895;1365.907;5946.802;92076.452;92428.384;103353.099;0;1
"2017-03";9501.756;6308.38;2514.855;678.52;108798.419;-6375.781;837.279;7213.06;111924.393;114787.896;104389.471;192.829;0.754
"2014-08";6927.682;5334.119;933.67;659.893;99057.198;-7797.753;181.583;7979.336;98187.127;98570.648;113071.556;0;1
"2014-04";7455.32;5905.107;1006.282;543.931;99323.913;-4020.754;655.828;4676.582;102758.479;104909.403;111053.239;126.308;0.76
"2013-04";9097.215;7247.376;1430.078;419.761;100186.098;-3292.172;1061.481;4353.654;105991.14;104663.797;110725.909;194.076;1.168
"2011-09";4288.458;3238.139;821.148;229.171;100278.478;-4265.768;487.088;4752.855;100301.169;;112677.848;0;1
"2010-08";5070.815;4402.695;668.12;0;103451.927;-5908.063;481.087;6389.15;102614.679;;113600.542;0;1
"2009-02";6302.488;5808.399;494.089;0;117351.395;-3328.599;982.177;4310.776;120325.284;;111904.909;342.672;1.072
"2007-01";5897.263;5470.186;427.077;0;129735.439;-4837.871;841.151;5679.022;130794.831;;110731.955;298.495;0.805
"2006-10";5334.152;5097.109;237.043;0;113681.039;-7320.317;227.041;7547.358;111694.873;;113564.956;52.587;0.422
"2006-03";6907.886;6711.851;196.035;0;112414.144;-2590.466;1427.257;4017.723;116731.564;;108640.348;299.017;1.169
"2006-02";4803.969;4666.944;137.025;0;111416.995;-955.172;1824.328;2779.5;115265.792;;108790.164;371.281;1.161
"2005-09";3937.25;3882.24;55.01;0;106446.405;-5734.032;359.065;6093.097;104649.623;;113993.032;0;1
"2005-01";5076.835;4974.817;102.018;0;134618.135;-4865.876;730.131;5596.007;134829.094;;114738.062;367.051;0.989
"2001-04";8695.044;8695.044;0;0;100418.973;-5582.005;238.043;5820.047;103532.012;;103702.392;208.677;1.256
"1996-06";6250.67;6250.67;0;0;83485.104;-5385.969;276.05;5662.019;84349.805;;97868.518;0;1
"1994-11";7241.988;7241.988;0;0;96187.166;-5983.077;275.05;6258.126;97446.078;;94434.864;175.026;0.689
"1993-04";4906.973;4906.973;0;0;92794.194;-5375.968;240.043;5616.011;92325.2;;94034.112;156.559;0.943
"1987-09";4626.488;4626.488;0;0;60724.275;-2125.383;806.145;2931.528;63225.381;;;0;1
"1987-06";6515.967;6515.967;0;0;59626.829;-3072.553;481.087;3553.64;63070.243;;;0;1
"1987-02";5076.075;5076.075;0;0;76830.814;-2401.432;767.138;3168.57;79505.457;;;358.649;1.122
"1986-02";5188.471;5188.471;0;0;69560.505;-1382.249;931.168;2313.416;73366.727;;;492.724;1.541
"1984-08";3838.699;3838.699;0;0;39682.92;-1768.318;411.074;2179.392;41753.301;;;0;1
"1982-04";5139.867;5139.867;0;0;30603.738;-665.12;538.097;1203.217;35078.485;;;211.882;1.276
"1981-08";4854.319;4854.319;0;0;23132.434;-187.034;816.147;1003.181;27799.719;;;0;1
"1981-06";6899.735;6899.735;0;0;25080.698;-670.121;655.118;1325.239;31310.313;;;0;1
"1980-10";;;;;;;;;;;;179.046;1.438
"1980-07";;;;;;;;;;;;0;1
