"Période";"1. Production de gaz naturel (extraction de gaz commercialisé) (en GWh)";"2. Solde importateur (importations - exportations) de gaz naturel (en GWh)";"3. Consommation réelle de gaz naturel (en GWh)";"4. Consommation de gaz naturel CVC-CJO (en GWh)";"5. Consommation de gaz naturel CVS-CVC-CJO (en GWh)";"6. Degrés jours unifiés mensuels en France, pour la période de chauffe (vaut 0 de juin à septembre, en °C)";"7. Indice de rigueur climatique pour la France métropolitaine (ref.1 pour la période de référence) (sans unité)"
"PERIODE";"PROD_GAZ_SYNT";"QSOLI_GAZ_SYNT";"CONSO_GAZ_SYNT";"CONSO_GAZ_SYNT_COR1";"CONSO_GAZ_SYNT_COR2";"DJU";"INDRIG"
"2022-03";520.164;41501.572;42356.71;46152.907;33955.894;222.74;0.871
"2023-02";598.134;8872.294;45224.795;47301.932;28992.14;292.236;0.914
"2022-06";488.93;26155.817;17110.592;17110.592;35458.175;0;1
"2022-09";565.246;19300.424;19683.356;19683.356;36179.013;0;1
"2020-11";232.553;32396.715;43837.822;48389.317;35082.21;206.465;0.812
"2020-02";141.437;18683.351;46768.672;55411.575;36969.218;230.482;0.721
"2019-04";100.943;40006.443;33021.755;33473.298;37035.525;164.844;0.992
"2018-06";57.839;29761.362;16270.406;16270.406;34997.415;0;1
"2021-02";250.553;25427.273;48160.938;53557.814;35212.829;260.675;0.815
"2020-05";166.689;37370.39;19922.374;21624.444;34829.117;58.632;0.747
"2018-12";81.529;34302.275;54317.722;59613.696;36101.838;302.835;0.858
"2022-10";606.98;17861.125;23386.331;30488.587;35313.892;37.95;0.305
"2023-01";637.809;17984.429;49889.24;53401.641;27755.924;336.034;0.906
"2022-11";599.062;25520.423;36358.094;41852.945;29181.879;195.907;0.771
"2022-12";641.921;29461.336;50922.795;52373.84;29186.495;339.35;0.962
"2022-01";472.199;26978.418;61001.307;59412.432;33091.691;385.801;1.04
"2021-08";355.749;33491.043;13969.124;13969.124;33196.576;0;1
"2022-05";523.152;35852.891;20225.371;23926.578;37758.164;37.956;0.484
"2021-01";270.392;28112.15;62809.238;61252.056;34922.827;385.513;1.039
"2020-09";169.381;18210.825;20677.267;20677.267;37171.013;0;1
"2018-04";54.208;31195.198;26947.653;33451.736;36686.464;109.397;0.659
"2018-11";67.587;39373.043;49876.313;51274.158;37068.355;239.74;0.943
"2017-11";46.12;40742.155;53005.214;51088.977;36602.343;273.605;1.076
"2018-01";49.91;27188.962;53227.463;62985.435;36667.507;275.94;0.744
"2019-07";92.323;26721.8;19001.858;19001.858;37490.469;0;1
"2019-03";102.091;36682.021;43754.995;47675.408;35291.709;221.345;0.865
"2018-09";65.033;31583.523;19403.286;19403.286;35671.63;0;1
"2020-04";161.06;39454.494;21388.563;29855.8;32882.613;89.303;0.538
"2018-03";53.86;36069.973;52942.31;49340.449;36853.096;284.173;1.111
"2021-10";410.763;30312.365;29761.621;29410.203;34101.374;125.254;1.006
"2020-01";144.302;16725.431;58305.58;63935.903;37127.883;317.101;0.855
"2019-11";124.2;41533.513;50705.944;50238.36;36367.637;258.921;1.019
"2019-09";114.712;22512.822;20185.009;20185.009;36572.173;0;1
"2019-05";101.793;33641.489;27195.356;24377.561;38141.854;107.094;1.365
"2018-02";47.58;35731.221;62880.025;53700.552;35348.322;397.119;1.242
"2018-08";62.211;34180.882;16345.485;16345.485;37276.337;0;1
"2022-07";532.227;30904.608;17145.132;17145.132;35054.936;0;1
"2022-04";512.769;37054.872;32048.098;32747.266;36050.367;162.673;0.979
"2020-10";214.199;33932.563;34313.529;33430.875;37859.896;131.438;1.055
"2019-01";85.931;28519.675;66486.402;64066.716;37114.64;393.349;1.06
"2020-03";162.004;28657.077;43957.515;44907.905;32695.006;246.202;0.963
"2019-12";141.767;41172.147;53663.806;59887.958;36510.059;293.701;0.832
"2019-10";122.7;24935.564;30182.709;33056.964;37203.521;87.554;0.703
"2019-06";93.822;28742.974;18430.567;18430.567;37647.924;0;1
"2021-09";360.975;23758.901;17650.755;17650.755;33821.877;0;1
"2021-07";342.034;32734.453;16216.033;16216.033;33824.271;0;1
"2021-04";302.405;33670.371;36663.221;31707.378;35083.528;212.419;1.279
"2021-03";305.349;42468.419;47131.239;46344.779;34174.645;260.78;1.02
"2020-08";170.565;21466.845;16497.512;16497.512;36921.14;0;1
"2019-08";101.256;26937.511;16157.965;16157.965;36700.856;0;1
"2020-12";262.677;28692.96;54549.172;58220.497;34850.917;318.167;0.902
"2018-05";56.642;30309.715;19698.188;21563.848;34437.387;56.532;0.721
"2017-12";48.101;41321.805;61771.872;61656.388;37905.282;354.569;1.005
"2022-02";442.74;25501.288;45309.415;51170.058;32898.685;255.808;0.8
"2021-12";464.759;29403.333;55796.278;59433.772;35895.957;318.72;0.903
"2021-05";320.7;41741.706;26323.699;22718.015;35791.437;116.452;1.485
"2022-08";544.087;21824.585;15589.19;15589.19;35502.623;0;1
"2021-11";427.161;25359.711;50894.33;47602.855;34547.217;288.403;1.135
"2021-06";305.448;29710.63;17105.574;17105.574;35430.689;0;1
"2020-07";170.733;18050.188;18530.295;18530.295;36655.707;0;1
"2020-06";162.063;23966.174;19277.864;19277.864;38489.605;0;1
"2019-02";89.601;25056.213;50038.158;55388.981;36868.423;262.159;0.82
"2018-07";57.78;38187.307;17773.32;17773.32;36412.976;0;1
"2018-10";74.697;36010.279;31473.722;32571.981;36390.976;108.323;0.87
"2017-03";46.835;31916.878;43518.961;50971.86;38312.997;192.829;0.754
"2017-07";41.867;26805.315;17412.288;17412.288;36299.834;0;1
"2015-05";24.691;31732.554;20770.28;21000.278;34323.636;74.613;0.951
"2013-12";7.161;37516.482;57072.643;58748.859;34830.943;341.833;0.969
"2016-04";26.57;39195.404;34744.518;32253.65;35245.467;191.505;1.153
"2016-03";28.648;35751.456;51018.624;46549.211;34171.098;292.283;1.143
"2014-07";5.31;31336.491;15523.199;15523.199;34783.447;0;1
"2010-11";537.306;38560.661;53965.224;;37290.955;276.919;1.089
"2009-05";745.96;35854.429;20136.438;;35514.975;59.968;0.764
"2006-10";889.241;26480.231;26380.829;;36480.59;52.587;0.422
"2005-12";1011.926;46810.994;69226.505;;38724.882;420.387;1.191
"2004-11";825.66;39207.219;53770.898;;38005.123;277.279;1.091
"2004-10";1001.18;36521.584;32838.352;;38262.038;106.239;0.853
"2003-10";837.302;36300.393;39914.672;;37953.726;195.283;1.568
"2000-12";1611.314;39931.621;50959.229;;35320.405;279.898;0.793
"1999-02";1543.859;28360.802;48880.518;;31556.048;336.904;1.054
"1998-09";1608.336;27151.863;18331.985;;32811.813;0;1
"1997-10";1782.065;26283.218;29927.944;;30276.968;144.53;1.161
"1997-02";1916.391;28521.994;39474.081;;29535.011;257.864;0.807
"1992-12";2928.318;25683.227;40611.378;;25780.483;353.2;1.001
"1988-05";2641.755;21357.914;14632.633;;;72.67;0.926
"1988-03";2982.048;19396.747;32605.519;;;298.589;1.167
"1985-09";3232.791;12429.679;11928.193;;;0;1
"1985-03";4352.179;23166.844;31351.805;;;341.435;1.335
"1984-05";5373.06;19271.375;19316.151;;;172.552;2.2
"1983-09";4567.101;15053.523;12304.307;;;0;1
"1983-04";4835.754;20901.203;21823.579;;;211.73;1.275
"1983-01";5776.04;19387.791;30232.418;;;340.665;0.918
"1982-08";4567.101;12053.565;8605.851;;;0;1
"1981-12";6313.346;21214.632;30304.058;;;379.855;1.077
"2016-06";30.123;28983.088;18124.372;18124.372;37125.012;0;1
"2016-05";29.785;37680.874;22591.903;22370.015;35544.535;80.834;1.03
"2015-11";22.815;24032.666;41932.408;48600.678;34884.821;184.449;0.726
"2014-12";15.615;27192.122;55532.236;56534.431;32978.65;346.389;0.982
"2014-05";22.369;34945.475;22125.073;21385.309;34788.493;86.091;1.097
"2013-09";260.375;29482.232;18436.76;18436.76;35221.809;0;1
"2009-02";705.662;33089.99;57912.632;;35696.565;342.672;1.072
"2007-01";859.69;33629.087;58260.09;;36547.405;298.495;0.805
"2005-09";550.739;30528.831;20666.58;;39127.201;0;1
"2001-12";882.43;39647.675;67231.174;;37649.557;428.734;1.215
"2001-05";1418.636;31030.653;22468.761;;35071.922;65.332;0.833
"2000-05";1058.97;29543.133;21115.898;;34409.307;50.96;0.65
"1998-04";1585.053;23936.982;33133.87;;30951.647;199.318;1.2
"1997-11";1522.367;31853.291;39545.722;;30555.191;235.509;0.927
"1996-08";1970.122;23811.611;11758.046;;29758.342;0;1
"1994-04";2910.408;28351.847;30993.601;;27234.084;218.931;1.318
"1994-01";2292.506;28584.679;42814.333;;26712.16;342.6;0.924
"1990-11";2776.081;27035.447;34459.225;;23880.094;275.337;1.083
"1989-03";2686.53;18850.485;26748.884;;;209.531;0.819
"1989-02";2050.718;22584.762;32256.27;;;303.151;0.948
"1989-01";2373.102;26399.635;39160.652;;;384.477;1.036
"1987-09";2140.269;17766.918;11964.014;;;0;1
"1986-03";2811.901;23722.06;30527.936;;;319.462;1.249
"1984-11";5283.509;16262.462;24948.909;;;204.416;0.804
"1984-09";4119.346;12187.891;14265.474;;;0;1
"1982-11";5731.264;17256.478;23578.778;;;237.709;0.935
"1980-12";;;;;;423.706;1.201
"1980-05";;;;;;129.032;1.645
"2012-05";462.889;33299.495;22197.902;;36222.458;73.287;0.934
"2011-10";510.262;31610.151;32137.167;;37154.501;108.5;0.871
"2009-09";678.797;28480.8;18368.701;;35907.217;0;1
"2008-11";756.706;39572.587;51540.183;;36330.953;266.518;1.048
"2008-08";782.676;26829.48;14718.602;;37662.007;0;1
"2007-04";428.949;34462.807;25502.334;;37191.835;82.878;0.499
"2006-05";1022.672;40925.703;22488.943;;37521.013;69.934;0.892
"2005-03";914.316;46737.562;54421.038;;37399.173;278.725;1.09
"2003-03";1251.027;39972.88;46393.687;;36307.662;208.185;0.814
"2002-12";1382.667;33151.78;56373.25;;37207.743;300.263;0.851
"2002-08";1334.31;27572.753;13871.45;;36166.405;0;1
"1999-07";1728.334;30393.609;14998.001;;32703.579;0;1
"1999-04";1410.428;33098.05;31611.503;;32252.697;167.62;1.009
"1998-05";1316.4;26265.308;19951.963;;31237.936;59.562;0.759
"1997-07";2113.404;26319.039;15071.433;;31092.894;0;1
"1996-10";2113.404;33447.298;28808.557;;29754.448;134.946;1.084
"1996-06";1325.355;28602.589;14955.017;;28532.795;0;1
"1995-11";3089.51;28539.904;38730.808;;28390.997;266.848;1.05
"1994-09";2194;24528.019;18375.865;;29381.192;0;1
"1994-08";2910.408;20283.302;11355.067;;28478.831;0;1
"1994-05";2677.575;25539.945;17453.49;;27058.985;76.119;0.97
"1993-05";2829.812;26077.251;16432.609;;26010.35;71.011;0.905
"1992-06";1835.795;24787.717;14220.699;;25819.124;0;1
"1991-01";2847.722;27832.451;42268.072;;24172.76;391.33;1.055
"1987-11";3179.061;26319.039;30456.295;;;286.771;1.128
"1987-06";2623.844;19987.783;13772.944;;;0;1
"1985-04";4611.876;21590.746;21080.305;;;181.957;1.095
"1983-07";5104.407;15053.523;10316.275;;;0;1
"2013-05";399.898;39536.694;27441.113;21910.623;35633.575;140.301;1.789
"2012-12";422.86;34771.686;57364.58;;36593.607;325.45;0.922
"2011-09";505.426;24003.698;19466.596;;36860.707;0;1
"2011-08";504.709;27545.467;15606.053;;37852.282;0;1
"2010-01";639.394;36066.665;75376.868;;37918.851;475.215;1.281
"2007-06";880.286;29938.69;18482.431;;38056.106;0;1
"2005-11";632.23;41205.997;55165.207;;38009.786;296.157;1.165
"2004-05";1067.448;41452.262;26536.648;;38253.614;102.921;1.312
"2004-04";1051.329;40200.339;37221.873;;38963.655;175.608;1.057
"2003-08";1208.043;27352.457;12857.733;;35428.878;0;1
"2001-01";1565.817;31109.691;57616.383;;35904.729;343.191;0.925
"2000-07";1334.865;29536.81;16556.788;;35191.757;0;1
"1997-04";2140.269;21250.452;28539.904;;27839.885;185.552;1.117
"1996-03";2838.767;23632.509;41623.305;;28249.936;312.457;1.222
"1995-04";2650.71;22611.628;28933.928;;28156.235;187.29;1.128
"1992-07";2435.787;25190.696;13513.246;;26715.357;0;1
"1990-09";2793.991;22002.681;15098.299;;25525.795;0;1
"1989-12";2632.799;27142.908;37763.657;;;339.945;0.963
"1988-06";2883.542;19289.285;12474.454;;;0;1
"1984-12";5373.06;15787.841;32095.078;;;375.087;1.063
"1984-01";5731.264;23372.811;33948.784;;;372.969;1.005
"1983-12";5955.142;19119.139;32363.731;;;378.676;1.073
"1982-10";5059.632;14104.283;18877.351;;;154.881;1.244
"1982-05";5193.958;16280.372;15357.997;;;98.191;1.252
"1980-04";;;;;;231.595;1.394
"2017-04";45.112;35824.375;31998.796;30620.552;33959.825;181.064;1.09
"2017-10";48.245;33491.691;32625.902;35541.287;38939.601;87.921;0.706
"2016-08";34.42;33870.992;15988.538;15988.538;37142.906;0;1
"2016-07";31.907;34344.37;17082.962;17082.962;36323.343;0;1
"2015-04";30.842;33250.047;29444.826;32298.634;35430.434;141.988;0.855
"2014-01";9.699;37203.439;52592.432;60115.674;34038.952;298.853;0.806
"2013-01";423.264;35940.472;64306.573;61174.521;34701.012;402.257;1.084
"2012-08";449.277;34339.567;14331.742;;35893.886;0;1
"2011-02";500.948;36729.047;54721.93;;37594.261;290.502;0.909
"2010-05";577.604;38640.361;27255.742;;37318.135;123.951;1.58
"2009-07";677.006;35936.816;15881.87;;35832.354;0;1
"2009-04";729.841;37276.499;28656.32;;35266.152;135.179;0.814
"2008-12";833.72;36625.463;63756.73;;35779.825;403.777;1.144
"2007-05";817.601;35464.883;21392.838;;37473.297;60.382;0.77
"2006-12";895.51;39493.782;60946.62;;36576.096;350.907;0.994
"2005-10";587.455;33573.565;28053.642;;38138.576;51.592;0.414
"2005-08";799.69;31739.561;15404.563;;38453.618;0;1
"2005-06";911.629;33694.459;17917.364;;37630.022;0;1
"2005-04";888.346;42477.621;34295.346;;37250.346;168.5;1.014
"2003-07";1131.029;31436.879;15770.827;;36287.746;0;1
"2003-06";1010.135;26437.246;16112.016;;35307.228;0;1
"2002-11";1110.432;34012.365;47068.006;;36677.582;209.229;0.823
"2001-11";930.114;33929.817;55091.813;;37635.064;307.383;1.209
"2001-10";1347.032;31234.931;27259.753;;36630.15;50.908;0.409
"2001-06";1387.073;30310.563;17616.021;;35449.6;0;1
"2001-03";1552.352;24531.139;46702.968;;37357.727;216.691;0.847
"2000-02";1519.671;34712.928;48061.881;;34749.518;276.458;0.865
"1999-12";1573.103;39249.331;55134.17;;34527.096;351.902;0.997
"1999-10";1699.271;33400.146;32507.249;;34430.739;128.865;1.035
"1996-07";1226.849;23417.587;14229.654;;29630;0;1
"1996-05";2489.518;30895.095;23310.125;;29008.003;126.237;1.609
"1994-06";2337.281;23632.509;14596.813;;26786.689;0;1
"1991-12";2874.587;27080.222;44712.814;;25306.759;410.254;1.163
"1991-06";2964.138;22432.525;15062.478;;26411.623;0;1
"1990-03";2793.991;22745.954;28683.185;;23024.879;232.955;0.911
"1985-10";3617.86;13477.426;19611.669;;;151.161;1.214
"1984-07";4656.652;13522.201;11444.618;;;0;1
"1984-03";5417.836;22844.46;31557.772;;;339.404;1.327
"1982-12";5776.04;18134.077;29945.854;;;358.792;1.017
"1982-07";4074.571;12823.703;10575.973;;;0;1
"1981-06";4074.571;14444.576;13441.605;;;0;1
"1980-01";;;;;;449.268;1.211
"2016-12";42.705;39295.217;63213.613;61145.535;36976.205;373.202;1.058
"2015-07";25.981;35325.835;15525.976;15525.976;34646.359;0;1
"2017-08";43.892;27358.882;15694.637;15694.637;36514.67;0;1
"2015-09";26.319;30066.136;19416.457;19416.457;35757.932;0;1
"2014-02";14.038;25839.61;46647.538;52804.833;33850.386;259.738;0.812
"2007-12";805.063;44531.921;66294.605;;38805.954;388.094;1.1
"2013-08";297.004;29440.967;13673.542;13673.542;34720.682;0;1
"2005-07";859.69;34332.958;16838.275;;37964.765;0;1
"2004-08";987.748;29633.321;14524.277;;37525.439;0;1
"2004-07";995.807;34047.29;17128.42;;38048.462;0;1
"2002-09";1262.669;30206.448;20731.057;;37974.002;0;1
"2012-11";392.323;32172.907;48980.815;;35682.452;252.212;0.992
"2011-12";481.963;30649.618;55586.097;;37473.504;296.789;0.841
"2011-04";334.115;38124.87;25382.335;;38330.955;83.526;0.503
"2010-08";710.139;30163.463;14737.408;;36822.969;0;1
"2002-05";1361.175;30595.099;24608.615;;35719.815;95.536;1.218
"2009-12";588.35;35346.675;62783.311;;36506.792;379.273;1.075
"2000-09";1478.92;23619.932;18486.699;;34875.501;0;1
"2000-01";1592.752;36992.949;59170.295;;34287.92;393.354;1.06
"2003-05";1144.462;29684.365;22651.925;;36190.25;73.531;0.937
"2001-04";1445.603;31116.58;36565.558;;33917.531;208.677;1.256
"2000-10";1591.622;32404.882;33423.688;;35922.338;127.436;1.023
"1996-12";2167.134;34727.878;51267.948;;29052.233;413.182;1.171
"1995-10";2785.036;26838.435;22790.73;;29705.378;58.615;0.471
"2000-04";1275.888;35697.396;34891.582;;34828.827;177.03;1.066
"1995-08";2695.485;24456.378;11319.246;;28831.264;0;1
"1992-02";2722.35;25262.337;38856.179;;25553.986;333.546;1.043
"1998-12";1875.198;35489.061;52503.751;;32148.228;364.45;1.033
"1998-07";1764.155;26435.455;15420.682;;32283.397;0;1
"1991-03";2919.363;23766.835;28602.589;;24858.924;210.812;0.824
"1997-06";1602.963;21474.33;15698.29;;30032.214;0;1
"1996-02";2596.979;21035.53;49485.883;;29656.027;388.753;1.216
"1989-09";2265.64;17202.747;13513.246;;;0;1
"1985-12";4549.191;24116.084;32104.034;;;341.453;0.968
"1984-02";5337.24;20605.685;33178.646;;;373.695;1.169
"1995-09";2785.036;26462.321;17569.906;;29196.704;0;1
"1994-07";3026.824;26596.647;12752.062;;27243.559;0;1
"1983-08";5641.713;13549.066;8525.255;;;0;1
"1982-06";4029.795;13575.932;12089.385;;;0;1
"1994-03";3053.689;27536.933;32032.393;;27983.954;208.649;0.816
"1993-10";2426.832;27411.561;30411.52;;27140.614;188.738;1.516
"1993-09";1773.11;20748.967;17874.38;;28553.547;0;1
"1992-01";2946.228;26972.761;46682.936;;24392.733;434.357;1.171
"1991-11";2695.485;27948.867;36545.763;;24821.344;289.47;1.139
"1991-09";1773.11;23086.248;13889.36;;24358.276;0;1
"1989-11";2767.126;22781.774;32838.352;;;288.146;1.134
"1989-08";2292.506;18725.114;9922.251;;;0;1
"1989-06";2014.898;18572.877;13387.875;;;0;1
"1988-12";2731.306;23534.003;34306.988;;;325.026;0.921
"1988-02";2776.081;18286.314;33608.49;;;334.762;1.047
"1986-07";3501.444;19486.298;11802.822;;;0;1
"1985-08";4074.571;14435.621;8919.28;;;0;1
"1984-06";2999.959;16987.825;13772.944;;;0;1
"1981-07";5238.734;14202.789;11811.777;;;0;1
"2016-02";31.778;30790.37;50792.23;52906.681;34523.969;293.966;0.92
"2015-10";24.405;35438.227;35304.721;32774.315;36053.604;153.532;1.233
"2015-08";21.71;31630.343;13255.778;13255.778;33533.922;0;1
"2014-08";23.372;25815.087;14111.088;14111.088;34834.172;0;1
"2013-11";7.857;37118.79;50326.766;48087.187;34664.494;280.871;1.105
"2013-02";364.95;34179.361;61543.925;54677.315;35071.137;383.934;1.201
"2012-02";421.069;35221.089;72136.913;;37891.661;447.752;1.401
"2010-07";692.229;35642.194;16719.172;;37087.092;0;1
"2010-04";503.277;37261.276;32611.788;;36972.28;158.138;0.952
"2008-10";424.472;35706.67;36926.355;;38256.217;156.372;1.256
"2008-05";816.705;35463.987;20163.303;;38255.335;35.014;0.446
"2006-03";1011.926;43264.775;60228.421;;41093.891;299.017;1.169
"2004-06";885.659;37256.798;18331.985;;38009.801;0;1
"2003-12";1143.566;42695.23;62080.335;;38058.502;352.74;1
"2003-09";1141.775;30192.12;19787.189;;37386.87;0;1
"2002-06";1316.4;27841.406;18098.257;;36842.05;0;1
"2000-11";1544.752;39469.531;47803.206;;36387.457;237.709;0.935
"1999-09";1592.439;28900.576;17734.382;;33358.276;0;1
"1999-03";1894.899;32874.172;42230.461;;32394.165;243.719;0.953
"1998-06";1164.163;26766.794;16423.653;;31638.28;0;1
"1997-12";2023.853;33133.87;47999.336;;31381.062;332.154;0.941
"1996-11";2158.179;33286.107;42402.399;;30359.504;283.921;1.117
"1995-05";2955.183;27438.426;19593.759;;28258.941;89.811;1.145
"1995-03";2811.901;24814.582;40486.007;;28498.302;299.294;1.17
"1993-11";2982.048;27339.92;45133.704;;27946.609;362.433;1.426
"1991-02";2614.889;23874.297;42321.803;;23180.116;409.899;1.282
"1990-01";2668.62;26444.41;39133.787;;23832.786;362.584;0.977
"1989-07";2265.64;19522.118;11175.965;;;0;1
"1988-11";2399.967;23238.485;33527.894;;;310.682;1.222
"1986-11";3313.387;22217.603;27151.863;;;251.901;0.991
"1985-07";4289.493;13226.683;11202.83;;;0;1
"1985-05";4531.281;22423.57;16969.915;;;113.163;1.443
"1984-08";5373.06;12662.511;9420.765;;;0;1
"1982-02";5731.264;14453.531;26480.231;;;312.655;0.978
"1981-08";5193.958;11453.573;9268.528;;;0;1
"2017-05";44.877;28026.514;23136.579;24191.894;37745.042;65.8;0.839
"2012-10";428.143;38585.162;31197.777;;35032.073;123.606;0.993
"2011-03";358.473;43173.97;49816.326;;37945.114;240.988;0.942
"2011-01";630.686;42725.023;66059.982;;37864.378;380.373;1.025
"2010-10";545.366;34955.337;36385.467;;37416.697;157.625;1.266
"2008-07";803.272;34070.573;18115.272;;38987.786;0;1
"2007-11";728.945;44534.608;56458.323;;39398.38;297.441;1.17
"2006-02";968.046;36655.015;64140.008;;39349.393;371.281;1.161
"2005-01";940.286;41310.772;65469.841;;37988.337;367.051;0.989
"1997-03";2149.224;27196.639;33420.433;;28573.686;206.567;0.808
"1992-10";2856.677;26686.198;31324.94;;26290.757;209.843;1.685
"1992-08";2274.595;25710.092;10244.634;;26245.16;0;1
"1991-08";2641.755;21895.22;9617.777;;25314.948;0;1
"1989-05";2552.204;22593.717;14793.825;;;48.047;0.612
"1987-05";2722.35;22557.897;17731.098;;;150.16;1.914
"1986-08";3474.579;18528.102;8623.761;;;0;1
"1986-06";2668.62;19862.412;12187.891;;;0;1
"1986-05";3008.914;22235.513;14158.013;;;85.399;1.089
"1983-10";5283.509;16038.584;18492.282;;;156.911;1.26
"1982-04";5596.938;17972.886;20202.706;;;211.882;1.276
"1980-07";;;;;;0;1
"1980-02";;;;;;286.527;0.896
"2014-04";16.897;33586.65;26240.123;31004.636;33713.798;126.308;0.76
"2014-03";14.753;31753.775;41260.082;44480.497;32361.144;228.332;0.893
"2013-04";387.173;39247.894;36200.992;33570.48;36452.222;194.076;1.168
"2012-09";440.86;27282.061;18098.257;;34959.429;0;1
"2010-12";606.26;40587.2;74382.852;;38619.329;468.628;1.328
"2010-02";552.53;36446.361;61905.711;;38770.035;349.36;1.093
"2009-08";682.379;30965.84;14433.83;;37021.115;0;1
"2009-06";676.11;33798.338;16562.457;;35410.857;0;1
"2008-09";488.053;31204.941;21265.676;;38869.482;0;1
"2008-03";863.272;42801.796;55840.422;;38337.593;282.251;1.104
"2007-10";922.375;37421.572;37933.804;;39421.808;157.386;1.264
"2006-04";1032.523;43685.664;34215.646;;37261.341;172.824;1.041
"2000-08";1614.24;28885.376;14172.769;;35362.18;0;1
"1998-08";1880.571;25871.284;12456.544;;31890.156;0;1
"1998-02";1620.873;27733.945;42482.994;;29375.605;291.746;0.913
"1997-01";2077.583;33841.323;57966.362;;29497.507;459.215;1.238
"1996-09";2283.551;26193.668;18644.518;;31064.778;0;1
"1996-04";2516.383;25128.011;28083.194;;28214.841;177.954;1.071
"1996-01";2856.677;28217.52;47345.614;;28538.772;354.81;0.956
"1995-07";1862.661;23336.991;13423.695;;28452.653;0;1
"1995-02";2668.62;23596.689;34593.551;;27378.54;238.149;0.745
"1994-10";2704.44;26095.161;27599.618;;28446.551;135.113;1.085
"1993-02";2704.44;22486.256;41363.607;;24768.43;372.469;1.165
"1991-04";2820.857;24080.264;25996.655;;23241.688;216.122;1.301
"1990-06";1602.963;20265.391;13119.222;;24280.389;0;1
"1987-07";3331.297;19199.734;11972.969;;;0;1
"1987-03";3465.624;21160.901;34351.764;;;354.937;1.388
"1987-02";3098.465;21340.003;33841.323;;;358.649;1.122
"1986-01";4486.505;22011.636;35999.502;;;386.648;1.042
"1985-01";5086.497;24635.48;43423.28;;;558.146;1.505
"1983-11";5552.162;14158.013;26435.455;;;271.731;1.069
"1983-03";5507.387;25754.868;27008.582;;;289.94;1.134
"1981-04";6268.57;17704.233;19540.028;;;183.518;1.105
"1981-01";6492.448;18187.808;31835.38;;;407.494;1.098
"1980-06";;;;;;0;1
"2015-01";16.79;25150.775;59936.296;60027.389;33953.754;369.813;0.997
"2011-07";523.694;29657.599;17388.118;;37669.561;0;1
"2009-10";702.975;34726.982;31745.83;;35082.895;134.189;1.078
"2009-01";922.375;38995.878;71797.514;;36788.323;456.461;1.23
"2007-09";878.495;32238.36;20924.487;;39045.773;0;1
"2007-07";904.465;33824.308;17929.006;;38636.07;0;1
"2006-01";995.807;45794.59;71644.382;;38751.198;425.11;1.146
"2005-02";790.735;37075.01;64506.272;;39288.228;382.496;1.197
"2004-01";1073.716;38601.854;65101.786;;38400.074;366.599;0.988
"2003-01";1318.191;31693.89;68480.545;;37301.629;422.876;1.14
"2002-04";1199.983;29984.361;34253.258;;36113.668;165.079;0.994
"1998-03";1665.649;26650.378;39930.791;;30725.36;248.061;0.97
"1995-12";2919.363;30680.173;47381.434;;27717.273;393.291;1.115
"1994-12";2964.138;23148.934;40539.738;;28629.502;306.323;0.868
"1993-01";3205.926;25960.835;40271.085;;26770.672;322.988;0.871
"1988-09";1952.212;21151.946;13683.393;;;0;1
"1988-07";2561.159;18617.653;10996.863;;;0;1
"1988-04";2041.763;21340.003;21268.363;;;176.234;1.061
"1988-01";3071.599;19190.779;32014.483;;;298.087;0.804
"1987-10";3116.375;22137.007;20319.122;;;123.469;0.991
"1985-11";4199.942;22038.501;33393.568;;;370.703;1.458
"1984-04";5193.958;19396.747;21420.599;;;205.174;1.235
"1983-06";4387.999;16423.653;12393.858;;;0;1
"1983-05";5373.06;22011.636;17614.682;;;141.422;1.803
"1982-09";4432.775;14704.274;11489.393;;;0;1
"2016-10";44.602;39475.272;37075.004;34299.558;37422.064;155.904;1.252
"2016-09";31.933;29861.855;20813.592;20813.592;37542.16;0;1
"2015-03";32.895;35209.614;47458.367;47164.709;34872.708;257.449;1.007
"2012-07";462.083;31429.965;16382.46;;36190.746;0;1
"2011-06";510.799;29447.208;18074.078;;37396.601;0;1
"2010-03";665.364;42622.694;56160.119;;38704.962;286.275;1.119
"2009-11";694.916;43593.427;45896.679;;37050.633;192.601;0.758
"2005-05";925.957;42100.612;24043.548;;37777.901;84.077;1.072
"2004-02";994.016;34131.468;59375.895;;38935.206;329.034;1.029
"2002-03";1352.22;31155.688;47712.773;;36452.999;228.865;0.895
"2002-02";1235.804;29330.639;48662.013;;36541.088;242.195;0.758
"2001-02";1381.708;21983.476;50599.202;;34729.31;297.987;0.932
"1999-05";403.875;33886.098;19908.978;;32950.192;43.377;0.553
"1998-11";1806.244;31262.254;49965.876;;32480.73;345.189;1.358
"1995-06";1388.041;23542.958;16289.327;;29139.235;0;1
"1988-08";2247.73;18411.686;9340.169;;;0;1
"1986-10";3376.073;18975.857;18474.371;;;104.443;0.839
"1984-10";4835.754;17578.861;20417.628;;;136.61;1.097
"1982-03";5999.917;18214.673;26856.345;;;304.089;1.189
"1981-11";5999.917;19656.445;25280.247;;;280.073;1.102
"1981-03";6358.121;16826.633;23650.419;;;205.789;0.805
"1980-11";;;;;;328.812;1.294
"1980-10";;;;;;179.046;1.438
"1980-08";;;;;;0;1
"2017-01";39.741;39090.093;72929.197;64343.454;37444.236;452.737;1.22
"2012-04";425.725;34430.309;36621.881;;35849.697;203.518;1.225
"2017-06";41.568;20098.28;16702.968;16702.968;35853.084;0;1
"2015-12";24.67;26320.355;46192.43;58894.57;35193.941;231.356;0.656
"2015-06";23.646;30842.084;16191.949;16191.949;34678.01;0;1
"2015-02";20.386;26165.472;57029.802;53331.709;34604.166;351.239;1.099
"2013-10";96.555;31950.855;27699.02;31212.883;34712.738;82.676;0.664
"2013-03";377.424;40130.865;56580.113;47942.366;35283.429;328.805;1.286
"2012-01";467.277;38446.958;60512.297;;37029.373;338.038;0.911
"2011-05";500.769;34890.48;20689.863;;37857.16;45.445;0.579
"2009-03";753.124;38550.81;50842.58;;34720.181;276.464;1.081
"2008-01";840.884;42516.128;61210.795;;37338.863;317.75;0.857
"2006-11";903.57;40515.559;46945.321;;36787.669;205.914;0.81
"2006-06";866.854;35693.238;18224.524;;37674.5;0;1
"2004-03";1059.388;38123.652;57468.459;;39221.485;296.857;1.161
"2003-04";1183.864;28453.039;33158.049;;36553.872;152.871;0.92
"2003-02";1147.148;36243.976;62046.306;;39330.953;360.232;1.127
"2002-07";1361.175;31011.511;16629.621;;36759.855;0;1
"2002-01";1388.041;33187.601;62506.598;;38333.282;356.37;0.961
"2000-06";570.384;27565.682;17120.637;;34107.07;0;1
"1999-11";1611.579;37058.044;49631.965;;33849.317;310.278;1.221
"1999-08";1679.234;29488.333;13151.785;;33428.501;0;1
"1999-01";1607.44;33939.829;49509.166;;31202.12;331.899;0.895
"1997-08";2032.808;28289.161;11847.597;;30558.464;0;1
"1995-01";3044.734;27617.528;48438.136;;29453.641;363.155;0.979
"1993-07";2820.857;22826.55;13253.548;;26982.05;0;1
"1992-09";2408.922;23945.937;15868.437;;26400.905;0;1
"1992-04";2793.991;23990.713;26919.031;;25427.349;197.517;1.189
"1990-05";2668.62;22763.864;14355.025;;24976.63;38.771;0.494
"1987-08";3152.195;18501.237;8453.614;;;0;1
"1985-06";4334.268;18743.024;12984.895;;;0;1
"1980-03";;;;;;314.744;1.231
"2008-02";747.751;38811.403;55467.889;;37671.018;283.622;0.887
"2007-08";904.465;32095.078;15126.059;;37956.273;0;1
"2007-03";871.331;31937.469;53033.893;;36970.583;264.952;1.036
"2007-02";817.601;29395.116;50410.049;;36339.59;243.557;0.762
"2006-09";893.719;28657.216;17956.767;;36094.71;0;1
"2003-11";973.419;41420.024;50704.672;;38660.162;229.229;0.902
"2002-10";1182.073;28408.264;33017.454;;36876.291;122.663;0.985
"2001-09";1322.591;29352.112;22011.299;;38871.934;0;1
"1998-10";1799.975;35130.857;31846.127;;32580.934;142.192;1.142
"1997-05";1970.122;23274.305;19996.738;;29824.258;73.993;0.943
"1993-08";3053.689;22772.819;10584.928;;26825.387;0;1
"1993-06";1925.347;21859.399;14453.531;;26319.249;0;1
"1993-04";2910.408;25226.517;25092.19;;26931.87;156.559;0.943
"1992-05";2856.677;26533.961;16011.719;;25831.25;59.697;0.761
"1992-03";2883.542;24895.178;33124.915;;25173.364;259.755;1.016
"1990-04";2704.44;23919.072;26498.141;;24257.158;213.678;1.286
"1988-10";1602.963;24080.264;21429.554;;;113.799;0.914
"1987-04";3277.567;22092.232;19790.771;;;149.017;0.897
"1987-01";3295.477;25271.292;45876.977;;;563.627;1.519
"1986-12";3241.746;19137.049;33832.368;;;351.302;0.996
"1986-04";2641.755;20972.844;26623.512;;;273.481;1.647
"1985-02";4325.313;23569.823;32480.148;;;358.708;1.122
"1981-10";5193.958;18510.192;19172.869;;;161.739;1.299
"2017-02";39.796;35879.834;50123.341;56316.023;37678.573;255.264;0.799
"2016-11";39.03;37256.511;52129.211;52050.074;37470.381;256.744;1.01
"2014-11";9.665;27004.576;39777.812;46085.987;32852.398;188.089;0.74
"2014-10";21.518;25780.137;25759.611;30353.223;33855.161;69.506;0.558
"2013-06";378.401;33353.121;17555.578;17555.578;36203.282;0;1
"2011-11";491.277;35317.123;46615.773;;37478.752;198.874;0.782
"2008-06";771.034;35297.422;18559.445;;38098.828;0;1
"2006-08";936.703;33061.334;14904.868;;37540.454;0;1
"2004-12";862.376;42917.317;66774.599;;38576.114;392.699;1.113
"2004-09";994.016;33164.317;20283.302;;38244.013;0;1
"2001-08";1454.704;33357.309;14344.747;;36255.392;0;1
"2001-07";1475.295;30716.212;16290.564;;35677.669;0;1
"2000-03";1474.157;40137.707;46241.184;;33965.422;260.986;1.02
"1999-06";1078.194;30044.361;16836.484;;32900.154;0;1
"1998-01";1808.93;32426.417;50453.033;;30933.421;352.219;0.949
"1997-09";1755.2;25333.978;16710.217;;30144.413;0;1
"1994-11";2919.363;24169.815;31450.311;;27775.781;175.026;0.689
"1993-03";3107.42;22128.052;35668.163;;25528.035;283.709;1.109
"1991-10";2364.146;27590.663;27778.72;;25434.84;171.849;1.38
"1991-07";2776.081;25423.529;12429.679;;25304.035;0;1
"1990-07";188.057;19307.196;11847.597;;24590.055;0;1
"1986-09";3277.567;19656.445;13826.674;;;0;1
"1986-02";3931.289;22593.717;40494.962;;;492.724;1.541
"1981-09";4656.652;14175.923;12205.801;;;0;1
"1981-02";5686.489;17954.976;29327.953;;;386.52;1.209
"1980-09";;;;;;0;1
"2017-09";41.091;23047.456;22783.977;22783.977;39285.755;0;1
"2016-01";29.326;30001.085;56345.89;61042.03;34742.475;325.637;0.878
"2014-09";9.936;19542.417;17586.829;17586.829;34144.195;0;1
"2014-06";10.028;30267.146;16161.47;16161.47;34679.281;0;1
"2013-07";348.376;33942.768;15186.954;15186.954;34577.508;0;1
"2012-06";468.352;29299.78;17837.664;;36875.48;0;1
"2012-03";388.114;34033.141;44111.032;;36811.932;207.953;0.813
"2010-09";710.139;23272.514;20269.869;;37786.498;0;1
"2010-06";510.441;33898.636;18216.464;;37567.748;0;1
"2008-04";809.541;39069.31;38562.452;;40185.098;193.732;1.166
"2006-07";808.646;34719.818;16600.964;;37628.087;0;1
"1994-02";2731.306;25262.337;39500.946;;27245.828;309.982;0.97
"1993-12";3107.42;28127.969;41515.844;;29624.657;310.997;0.881
"1992-11";2686.53;28226.475;34217.437;;27180.001;220.729;0.868
"1991-05";2991.003;22504.166;22504.166;;25245.046;143.296;1.827
"1990-12";2686.53;28441.398;44220.284;;23939.766;421.383;1.194
"1990-10";2731.306;27859.316;21948.95;;25254.681;96.818;0.777
"1990-08";1629.828;17184.837;9564.047;;25018.958;0;1
"1990-02";2516.383;24259.366;28629.455;;25625.552;204.51;0.64
"1989-10";2355.191;21429.554;21259.407;;;96.957;0.779
"1989-04";2462.653;21554.926;25907.104;;;234.175;1.41
"1987-12";3331.297;25101.145;35721.894;;;362.009;1.026
"1983-02";5104.407;20489.269;31548.817;;;394.079;1.233
"1982-01";6581.999;18725.114;30671.218;;;367.239;0.99
"1981-05";6492.448;17032.6;16387.833;;;113.134;1.442
