"Période";"1. Production de pétrole (en GWh)";"2. Solde importateur (importations - exportations) tous produits pétroliers (en GWh)";"2.1 Importations de tous produits pétroliers (en GWh)";"2.1.1 Importations de pétrole brut, condensats et autres produits à distiller (en GWh)";"2.1.2 Importations de produits pétroliers raffinés (en GWh)";"2.2 Exportations de produits pétroliers raffinés (en GWh)";"3. Solde importateur (importations - exportations) de produits pétroliers raffinés (en GWh)";"4. Marché des soutes maritimes (françaises et étrangères) (en GWh)";"5. Consommation réelle de pétrole (brut et raffiné) (en GWh)";"6. Consommation de pétrole (brut et raffiné) CVC-CJO (en GWh)";"7. Consommation de pétrole (brut et raffiné) CVS-CVC-CJO (en GWh)";"8. Degrés jours unifiés mensuels en France, pour la période de chauffe (vaut 0 de juin à septembre, en °C)";"9. Indice de rigueur climatique pour la France métropolitaine (ref.1 pour la période de référence) (sans unité)"
"PERIODE";"PROD_PETRO_SYNT";"QSOLI_PETRO_SYNT";"QIMP_PETRO_SYNT";"QIMP_BRUT_SYNT";"QIMP_RAFF_SYNT";"QEXP_RAFF_SYNT";"QSOLI_RAFF_SYNT";"SOUTESMAR_SYNT";"CONSO_PETRO_SYNT";"CONSO_PETRO_COR1_SYNT";"CONSO_PETRO_COR2_SYNT";"DJU";"INDRIG"
"2022-07";560.082;73057.618;86313.328;46129.023;40184.305;13255.71;26928.595;1345.591;70144.669;71845.91;66703.586;0;1
"2022-10";557.195;73363.349;82922.651;28482.614;54440.037;9559.303;44880.734;1093.22;64540.395;66978.767;62504.364;37.95;0.305
"2019-11";717.652;69321.18;83638.258;37576.949;46061.309;14317.078;31744.231;908.303;70062.367;70618.518;72395.346;258.921;1.019
"2021-05";662.733;63910.446;72906.983;28836.097;44070.887;8996.537;35074.35;1207.194;60020.086;59594.12;62996.937;116.452;1.485
"2023-02";518.651;;;;;;;930.4;60064.363;60122.358;64901.89;292.236;0.914
"2021-06";639.352;66366.403;75393.179;34639.269;40753.91;9026.776;31727.134;1114.154;68802.859;66305.484;65436.035;0;1
"2023-01";581.14;73138.004;85423.487;47520.18;37903.307;12285.483;25617.824;994.365;64083.231;62595.347;67399.794;336.034;0.906
"2020-11";646.973;53853.299;69286.559;40092.448;29194.111;15433.26;13760.851;1066.471;54919.878;55410.582;56771.073;206.465;0.812
"2022-09";523.092;62975.731;75905.819;44258.628;31647.191;12930.088;18717.103;1269.996;72558.668;71107.595;67570.662;0;1
"2018-11";733.574;67564.722;83584.899;47839.075;35745.824;16020.177;19725.647;1839.866;70143.262;68266.39;73086.368;239.74;0.943
"2022-05";612.834;67801.875;80661.098;40893.569;39767.529;12859.222;26908.307;1149.044;64892.659;62093.355;64524.444;37.956;0.484
"2022-12";574.574;66883.484;84465.251;42682.274;41782.976;17581.767;24201.209;1386.296;65447.054;63658.671;64049.098;339.35;0.962
"2019-08";755.95;79806.941;94212.856;50518.58;43694.276;14405.915;29288.361;2164.343;72320.986;72317.553;72940.285;0;1
"2022-03";634.333;65755.706;79154.504;40600.935;38553.569;13398.798;25154.771;1117.643;68952.721;67153.821;66813.31;222.74;0.871
"2021-10";508.113;68788.216;81022.422;34832.804;46189.619;12234.206;33955.413;1017.625;75978.179;77303.217;72589.911;125.254;1.006
"2020-05";401.085;63016.276;70636.834;33107.191;37529.643;7620.558;29909.085;958.312;51106.998;52770.283;59566.485;58.632;0.747
"2019-10";768.743;81793.901;94494.748;49393.192;45101.556;12700.847;32400.709;1111.828;77481.474;75381.394;71084.55;87.554;0.703
"2022-08";532.486;67655.344;80663.482;45785.926;34877.556;13008.137;21869.418;1550.279;68294.224;66603.34;66587.301;0;1
"2020-04";452.636;42650.455;53409.794;25057.544;28352.25;10759.339;17592.911;848.99;42203.307;42857.351;46035.97;89.303;0.538
"2018-04";762.928;76768.122;93540.086;46288.365;47251.721;16771.964;30479.757;1939.407;70351.084;71727.311;72965.079;109.397;0.659
"2019-07";596.619;77960.339;93614.31;49944.581;43669.729;15653.972;28015.757;2034.087;81580.04;78311.919;73221.358;0;1
"2019-05";584.698;80587.366;95112.43;49437.083;45675.347;14525.064;31150.283;2022.457;72304.593;69726.137;72501.102;107.094;1.365
"2022-02";563.59;60606.791;70245.846;36070.468;34175.378;9639.055;24536.323;700.126;63357.103;64125.371;68642.138;255.808;0.8
"2021-11";601.679;69753.745;83199.171;34728.517;48470.654;13445.426;35025.228;932.726;68746.3;67644.132;69381.667;288.403;1.135
"2021-09";623.321;60381.765;69173.864;32002.69;37171.174;8792.099;28379.075;1097.872;72931.922;71410.003;67953.919;0;1
"2020-08";686.454;66816.292;76893.866;34599.669;42294.197;10077.573;32216.624;1156.022;61584.871;61870.775;61793.411;0;1
"2020-01";708.491;76922.208;88433.753;34949.266;53484.487;11511.545;41972.941;796.655;71328.68;70212.697;74465.455;317.101;0.855
"2019-06";596.619;72447.018;85328.922;40330.979;44997.943;12881.904;32116.039;1911.972;72901.408;75559.921;75078.124;0;1
"2019-02";694.311;69384.204;88864.135;50568.194;38295.941;19479.931;18816.01;1988.73;66723.876;67279.361;71632.332;262.159;0.82
"2018-10";779.617;80576.345;101234.771;61213.528;40021.243;20658.427;19362.817;2072.466;80731.743;78789.385;75905.132;108.323;0.87
"2021-03";657.69;59565.7;71994.425;32219.496;39774.928;12428.725;27346.203;933.889;67841.755;65552.127;65309.822;260.78;1.02
"2020-10";694.017;63522.118;74973.941;29692.251;45281.69;11451.823;33829.867;1046.7;69750.682;68790.895;64593.964;131.438;1.055
"2020-06";597.658;64948.201;75178.992;30969.387;44209.604;10230.791;33978.813;797.818;60673.087;59854.426;60557.862;0;1
"2020-02";684.779;67539.398;79679.696;34328.236;45351.46;12140.298;33211.162;810.611;66761.603;67776.6;71697.11;230.482;0.721
"2019-01";751.659;85437.903;101193.686;57704.397;43489.29;15755.783;27733.507;2046.88;74074.462;72058.359;75829.176;393.349;1.06
"2018-08";763.393;74783.318;93884.716;52247.542;41637.174;19101.398;22535.775;1803.813;74630.33;73099.606;72155.165;0;1
"2018-07";767.01;72753.007;93202.11;54133.289;39068.822;20449.103;18619.719;2112.008;77346.967;76072.31;69944.104;0;1
"2021-08";650.894;69184.413;83394.058;38588.107;44805.951;14209.645;30596.306;990.876;69854.564;67999.245;68238.529;0;1
"2019-04";722.223;70833.951;87310.48;44393.047;42917.433;16476.529;26440.903;2106.193;73675.08;72321.984;73793.99;164.844;0.992
"2017-12";750.135;79155.884;99710.668;60634.028;39076.64;20554.785;18521.855;1538.277;72411.043;74663.341;73933.706;354.569;1.005
"2022-06";589.512;59612.508;73340.528;37769.402;35571.126;13728.02;21843.106;1365.362;67750.393;66645.158;65108.172;0;1
"2021-07";640.627;65614.92;76429.115;39922.336;36506.779;10814.195;25692.584;1173.467;73058.017;73058.974;67958.166;0;1
"2017-11";737.9;76524.804;95463.087;57533.412;37929.674;18938.283;18991.392;1764.131;68809.139;66702.342;71464.718;273.605;1.076
"2020-09";670.598;61759.996;73100.959;38101.229;34999.73;11340.963;23658.767;1158.348;67663.397;65913.207;62813.516;0;1
"2019-03";751.019;82813.673;100560.479;58894.89;41665.589;17746.806;23918.783;1757.293;70373.607;71941.841;71932.908;221.345;0.865
"2019-09";720.839;62761.776;81077.315;40838.14;40239.175;18315.539;21923.636;1878.245;76660.207;77081.293;73391.662;0;1
"2018-09";742.006;73170.344;89878.259;57793.261;32084.997;16707.914;15377.083;1815.443;72292.19;74088.077;71401.727;0;1
"2018-01";731.527;79660.356;98249.072;58090.14;40158.931;18588.715;21570.216;1970.483;68778.615;68175.853;70684.68;275.94;0.744
"2022-04";602.05;59693.289;71689.091;34273.622;37415.47;11995.802;25419.667;1051.352;62062.636;62071.169;62980.73;162.673;0.979
"2021-12";622.434;63863.429;78318.415;34738.182;43580.233;14454.986;29125.247;1174.63;71436.003;68041.002;67984.826;318.72;0.903
"2021-04";644.212;61022.998;72533.216;29609.48;42923.736;11510.218;31413.518;1201.379;58223.056;56632.942;57811.71;212.419;1.279
"2020-07";659.146;62924.601;75416.371;37036.677;38379.693;12491.77;25887.924;1203.705;69495.147;68081.647;62674.813;0;1
"2018-05";762.928;71368.584;87021.258;38755.87;48265.388;15652.674;32612.714;2041.065;73522.893;73464.277;75796.757;56.532;0.721
"2018-02";673.377;68242.005;86499.48;49157.672;37341.808;18257.476;19084.332;1822.363;69652.017;67760.08;72166.127;397.119;1.242
"2021-02";601.002;58780.001;68872.579;25756.135;43116.444;10092.578;33023.866;974.594;59949.256;60488.972;64242.623;260.675;0.815
"2021-01";673.491;70892.984;79627.658;27737.759;51889.899;8734.675;43155.224;1018.788;62260.816;63500.605;66629.352;385.513;1.039
"2018-03";778.047;71784.856;90310.371;51986.868;38323.504;18525.515;19797.989;1981.601;78101.5;76496.264;75651.623;284.173;1.111
"2022-11";550.345;67869.54;77737.519;36169.172;41568.347;9867.978;31700.368;1028.092;64249.292;64298.053;66208.621;195.907;0.771
"2022-01";623.661;70280.728;81230.615;42425.333;38805.282;10949.887;27855.395;933.889;64154.846;63974.177;68044.499;385.801;1.04
"2020-12";658.079;49738.554;62261.007;21584.466;40676.541;12522.453;28154.088;1023.44;64978.359;63442.052;63136.704;318.167;0.902
"2020-03";695.812;69875.801;81875.999;28259.528;53616.471;12000.198;41616.273;848.99;61314.915;61195.533;60532.579;246.202;0.963
"2019-12";711.07;60622.853;74584.457;34571.129;40013.328;13961.604;26051.724;717.571;69780.583;70774.509;70065.339;293.701;0.832
"2018-12";750.275;69706.144;92630.377;50425.354;42205.023;22924.233;19280.79;2213.189;68595.722;71592.5;72127.924;302.835;0.858
"2018-06";757.729;76341.084;91158.779;46172.391;44986.388;14817.695;30168.693;1845.681;76065.633;75549.804;73099.629;0;1
"2017-07";737.342;86330.101;103688.948;60071.869;43617.079;17358.847;26258.232;2020.131;76300.313;79085.956;74055.312;0;1
"2015-09";781.536;85742.776;106513.968;63139.27;43374.698;20771.192;22603.506;1540.975;77593.534;76238.224;73712.463;0;1
"2014-07";721.06;83109.032;100563.249;54814.516;45748.733;17454.217;28294.516;2223.656;78204.377;76546.266;71651.495;0;1
"2012-09";789.677;74100.935;89804.856;49443.782;40361.074;15703.921;24657.153;2038.739;73701.636;;73922.269;0;1
"2011-07";900.162;83002.263;99250.771;60566.714;38684.057;16248.508;22435.549;2970.302;77497.668;;77184.474;0;1
"2011-04";901.325;85332.265;101847.491;54887.785;46959.706;16515.226;30444.48;2838.883;72531.658;;76465.731;83.526;0.503
"2010-10";955.986;60363.53;71533.916;34672.519;36861.397;11170.386;25691.011;1183.934;77277.861;;75164.993;157.625;1.266
"2009-09";883.88;75120.515;95437.027;63413.738;32023.289;20316.512;11706.777;2552.785;78501.5;;75151.071;0;1
"2008-03";1030.418;96964.766;122243.013;76280.007;45963.006;25278.247;20684.759;2310.881;80184.198;;80494.9;282.251;1.104
"2006-05";1072.344;86480.4;111377.197;73327.15;38050.047;24896.797;13153.25;2985.421;78922.541;;83715.811;69.934;0.892
"2006-02";1017.171;83453.197;107689.282;68290.197;39399.085;24236.085;15163;2420.203;83243.481;;83588.684;371.281;1.161
"2005-10";1117.469;97196.382;121036.668;87057.528;33979.14;23840.286;10138.854;2148.061;80900.315;;80910.133;51.592;0.414
"2003-09";1263.123;82498.009;102324.574;80087.669;22236.905;19826.566;2410.34;2634.195;88418.238;;85800.351;0;1
"2000-07";1570.05;78336.474;98602.629;78421.09;20181.539;20266.155;-84.616;3101.721;83534.801;;86876.909;0;1
"2000-05";1474.684;80234.287;99526.051;80102.788;19423.263;19291.764;131.499;3655.309;80178.383;;87815.426;50.96;0.65
"1999-12";1570.05;91020.262;109525.525;81910.09;27615.435;18505.263;9110.172;3140.1;96006.813;;90496.897;351.902;0.997
"1999-02";1631.689;83140.788;98644.497;75849.697;22794.8;15503.709;7291.091;2621.402;87185.458;;90325.083;336.904;1.054
"1997-02";1899.179;91784.712;107408.865;80160.938;27247.927;15624.153;11623.774;2200.396;81089.012;;88351.536;257.864;0.807
"1997-01";2051.532;95593.236;110339.625;86309.719;24029.906;14746.389;9283.517;2536.503;95417.172;;88996.56;459.215;1.238
"1996-07";2279.48;97470.832;112530.717;91815.361;20715.356;15059.885;5655.471;2423.692;87756.491;;89308.022;0;1
"1995-02";2538.829;82837.273;92700.404;68958.922;23741.482;9863.131;13878.351;1816.606;76197.434;;86700.825;238.149;0.745
"1991-02";2895.87;86319.023;98082.768;67926.178;30156.59;11763.745;18392.845;2747.006;78164.067;;88073.808;409.899;1.282
"1990-11";3291.29;72261.842;89698.701;66807.372;22891.329;17436.859;5454.47;3006.355;76680.079;;91355.48;275.337;1.083
"1985-11";3423.872;80538.913;91476.928;72953.827;18523.101;10938.015;7585.086;1808.465;76614.951;;;370.703;1.458
"1984-02";2409.736;84301.218;93409.834;73990.06;19419.774;9108.616;10311.158;2149.224;89200.937;;;373.695;1.169
"1983-05";2273.665;87958.853;94534.455;70248.689;24285.766;6575.602;17710.164;2565.578;73913.302;;;141.422;1.803
"1982-12";2274.828;84840.85;95226.44;69372.95;25853.49;10385.59;15467.9;2776.081;89341.66;;;358.792;1.017
"1980-12";;;;;;;;;;;;423.706;1.201
"1980-04";;;;;;;;;;;;231.595;1.394
"2017-01";737.342;79554.009;97528.29;60587.857;36940.433;17974.281;18966.152;1599.125;73770.369;71547.477;74087.189;452.737;1.22
"2016-06";776.884;67315.166;80577.024;35074.882;45502.142;13261.858;32240.284;735.016;69643.58;68081.01;66595.094;0;1
"2014-12";755.95;82192.025;100442.399;58059.286;42383.113;18250.374;24132.739;1998.034;75551.294;74730.246;74032.607;346.389;0.982
"2014-11";755.95;70996.224;89711.705;50216.014;39495.691;18715.481;20780.21;1717.751;64155.895;67776.703;71750.777;188.089;0.74
"2013-11";732.69;76255.678;93389.188;49514.725;43874.463;17133.51;26740.953;2296.925;68342.532;69228.484;72999.318;280.871;1.105
"2011-01";940.867;98332.86;118364.188;72179.269;46184.919;20031.328;26153.591;1687.513;76873.137;;76992.837;380.373;1.025
"2009-04";908.303;86031.2;101470.944;68005.262;33465.682;15439.744;18025.938;2683.041;76852.901;;79216.641;135.179;0.814
"2009-03";942.03;101519.464;123650.695;74159.858;49490.837;22131.231;27359.606;2472.538;82383.431;;79327.528;276.464;1.081
"2007-01";951.334;89558.896;114987.391;79758.54;35228.851;25428.495;9800.356;3409.916;86312.045;;82396.68;298.495;0.805
"2005-12";1111.351;89866.024;115539.085;86380.662;29158.423;25673.061;3485.362;2819.112;85798.615;;79892.013;420.387;1.191
"2005-04";1119.271;93132.006;115886.363;83020.755;32865.608;22754.357;10111.251;2352.749;79746.712;;81224.215;168.5;1.014
"2003-01";1429.688;91383.5;113091.267;84792.004;28299.263;21707.767;6591.496;2565.578;91146.636;;84028.45;422.876;1.14
"2002-12";1409.161;90462.307;115791.873;83277.778;32514.095;25329.565;7184.529;2766.777;81648.415;;82542.587;300.263;0.851
"2002-01";1529.345;94663.233;111627.422;78108.243;33519.179;16964.189;16554.99;2435.322;94386.754;;89996.743;356.37;0.961
"1999-09";1697.98;73288.359;96169.633;71911.779;24257.854;22881.274;1376.58;2708.627;83585.973;;86833.19;0;1
"1998-07";1904.994;97432.678;115531.257;96099.853;19431.404;18098.579;1332.825;3192.435;91710.691;;94105.242;0;1
"1996-12";2121.312;90303.446;106322.623;80545.891;25776.732;16019.177;9757.555;2438.811;89880.129;;88033.719;413.182;1.171
"1995-12";2655.129;91001.327;103781.468;77857.035;25924.433;12780.141;13144.292;1979.426;89442.841;;91686.187;393.291;1.115
"1995-10";2767.94;83210.71;97939.719;77997.758;19941.961;14729.009;5212.952;2546.97;79717.835;;85164.834;58.615;0.471
"1995-08";2751.658;76733.244;89124.179;68548.383;20575.796;12390.935;8184.861;2506.265;75741.538;;86117.123;0;1
"1990-09";3326.18;75290.294;88404.282;62646.158;25758.124;13113.988;12644.136;2293.436;70572.003;;91675.841;0;1
"1990-04";3384.33;80654.05;93266.785;63935.925;29330.86;12612.735;16718.125;2546.97;74877.429;;96530.525;213.678;1.286
"1990-02";3140.1;82600.912;91466.461;67524.943;23941.518;8865.549;15075.969;2335.304;75077.465;;93760.871;204.51;0.64
"1989-11";3512.26;102209.092;113886.775;85380.482;28506.293;11677.683;16828.61;2306.229;84426.822;;;288.146;1.134
"1988-07";3698.34;82134.549;95160.149;71055.811;24104.338;13025.6;11078.738;2369.031;70040.512;;;0;1
"1988-01";3837.9;83033.548;92495.716;69249.672;23246.044;9462.168;13783.876;2381.824;72511.887;;;298.087;0.804
"1984-06";2395.78;70785.995;87436.666;65564.125;21872.541;16650.671;5221.87;2499.287;69060.103;;;0;1
"1984-01";2509.754;105211.958;113769.312;93590.099;20179.213;8557.354;11621.859;2591.164;92850.431;;;372.969;1.005
"1983-12";2471.375;102828.971;114649.703;86477.191;28172.512;11820.732;16351.78;2887.729;95432.291;;;378.676;1.073
"1983-04";2114.334;72161.824;80557.521;60784.195;19773.326;8395.697;11377.629;2810.971;85297.909;;;211.73;1.275
"1982-08";2337.63;77165.05;85085.08;62476.36;22608.72;7920.03;14688.69;2528.362;62800.837;;;0;1
"1982-06";2207.374;96168.47;102146.29;81514.67;20631.62;5977.82;14653.8;3630.886;70997.661;;;0;1
"1981-12";2486.494;111438.66;123685.05;105960.93;17724.12;12246.39;5477.73;3515.749;109587.164;;;379.855;1.077
"2016-09";748.972;77919.629;95601.077;57089.274;38511.803;17681.448;20830.354;1517.715;74567.931;73438.571;71049.543;0;1
"2017-04";752.461;65320.256;82624.596;47980.274;34644.321;17304.34;17339.982;1771.249;68039.757;70429.504;71438.37;181.064;1.09
"2015-01";755.95;81744.317;101448.08;57667.355;43780.725;19703.763;24076.962;1955.003;70124.388;70806.195;72868.985;369.813;0.997
"2014-04";732.69;79686.414;95811.891;52778.103;43033.788;16125.477;26908.311;1985.241;71018.467;70523.822;71413.265;126.308;0.76
"2013-03";787.351;77516.794;92232.964;50767.276;41465.688;14716.17;26749.518;2080.607;74345.938;74227.411;73027.896;328.805;1.286
"2013-01";800.144;77997.892;95621.077;48431.972;47189.105;17623.185;29565.92;2082.933;72081.577;70388.462;71947.766;402.257;1.084
"2010-12";945.519;76812.075;99891.953;59332.771;40559.182;23079.878;17479.304;2712.116;83451.065;;74749.511;468.628;1.328
"2007-06";1056.004;81279.82;104628.329;76867.322;27761.007;23348.509;4412.498;3279.66;78719.981;;80717.954;0;1
"2006-11";1032.744;91943.831;119556.286;84681.519;34874.767;27612.455;7262.312;2826.09;80081.854;;83140.518;205.914;0.81
"2006-07";1057.167;100720.314;122426.551;86744.681;35681.87;21706.238;13975.633;3071.483;83801.128;;84927.669;0;1
"2006-01";1111.095;99565.748;125765.794;84607.087;41158.707;26200.047;14958.661;2785.385;89251.051;;83175.501;425.11;1.146
"2004-04";1270.554;99987.61;117680.39;86788.875;30891.515;17692.781;13198.735;2857.491;83147.522;;87135.764;175.608;1.057
"2004-01";1310.34;89011.825;109420.815;82007.782;27413.033;20408.99;7004.043;2798.178;85894.179;;83140.655;366.599;0.988
"2003-08";1283.464;100963.586;118181.568;89808.023;28373.545;17217.981;11155.563;2342.282;77152.257;;84158.321;0;1
"2003-05";1424.803;86658.103;108141.021;83697.621;24443.4;21482.919;2960.482;2990.073;75742.701;;85726.172;73.531;0.937
"2003-04";1362.675;89951.962;107384.88;74740.195;32644.685;17432.919;15211.767;2551.622;81018.069;;84120.054;152.871;0.92
"2001-11";1424.675;81803.061;104601.35;82632.313;21969.037;22798.289;-829.252;2184.114;85708.448;;84601.891;307.383;1.209
"2001-10";1561.909;101724.906;122722.023;95453.225;27268.798;20997.117;6271.681;2557.437;91262.936;;86905.777;50.908;0.409
"2001-03";1573.539;91857.491;110374.088;81649.578;28724.51;18516.598;10207.913;2499.287;88877.623;;89324.632;216.691;0.847
"2000-03";1615.407;92327.803;111514.255;86363.217;25151.038;19186.452;5964.586;2740.028;91054.759;;88660.959;260.986;1.02
"2000-01";1594.473;96039.769;114541.544;86102.705;28438.839;18501.775;9937.064;2913.315;92555.029;;90952.53;393.354;1.06
"1998-08";1841.029;89557.164;110063.994;90871.005;19192.989;20506.83;-1313.841;2528.362;78873.497;;88968.035;0;1
"1998-05";1850.333;89220.249;114935.801;96423.167;18512.634;25715.552;-7202.918;3062.179;78011.714;;95529.407;59.562;0.759
"1991-06";3209.88;91516.47;102791.755;78488.544;24303.211;11275.285;13027.926;2841.209;72923.589;;95899.24;0;1
"1988-08";3605.3;77638.391;89988.288;67424.925;22563.363;12349.897;10213.466;2221.33;65835.104;;;0;1
"1987-11";3605.3;83726.696;93070.238;63877.775;29192.463;9343.542;19848.921;2102.704;75748.516;;;286.771;1.128
"1981-05";2432.996;89516.11;100739.06;85422.35;15316.71;11222.95;4093.76;3721.6;82439.255;;;113.134;1.442
"2016-01";814.693;77742.066;95527.674;53242.14;42285.534;17785.608;24499.926;1880.571;66611.453;69538.547;71709.186;325.637;0.878
"2015-07";857.131;79977.413;96820.614;50975.453;45845.161;16843.201;29001.96;1902.668;79910.614;79123.787;74068.533;0;1
"2015-05";862.946;79855.064;96627.744;60287.594;36340.15;16772.68;19567.47;1939.884;65450.256;68662.376;70550.755;74.613;0.951
"2015-04";802.47;71981.883;91261.343;52724.605;38536.738;19279.46;19257.278;1475.847;73427.261;72924.353;74247.336;141.988;0.855
"2014-03";755.95;69844.405;86974.97;49979.925;36995.045;17130.566;19864.48;1882.897;71281.898;73923.604;72878.539;228.332;0.893
"2012-06";805.959;81369.834;98773.41;59338.586;39434.824;17403.576;22031.248;2767.94;74498.291;;74247.979;0;1
"2008-12";967.616;87777.358;117028.109;79814.364;37213.745;29250.751;7962.994;1907.32;86278.318;;80568.57;403.777;1.144
"2008-07";1031.581;96682.551;125197.372;94732.165;30465.207;28514.821;1950.386;2422.529;85257.204;;81902.099;0;1
"2007-05";985.061;82971.174;108793.043;81423.956;27369.087;25821.869;1547.218;3141.263;74454.097;;81035.768;60.382;0.77
"2004-07";1261.483;98362.703;123101.557;88849.711;34251.846;24738.853;9512.992;3151.73;85975.008;;84796.285;0;1
"2002-04";1482.906;84038.711;102274.836;72825.897;29448.939;18236.125;11212.814;2419.04;81441.401;;86344.31;165.079;0.994
"2001-12";1472.358;92465.887;112354.006;86524.874;25829.132;19888.119;5941.013;2414.388;88151.911;;86802.235;428.734;1.215
"2000-11";1500.27;85769.971;109993.051;84622.206;25370.845;24223.08;1147.765;2638.847;85371.178;;88164.941;237.709;0.935
"1999-08";1744.5;87633.198;106699.435;85904.995;20794.44;19066.237;1728.203;3051.712;82317.14;;89038.159;0;1
"1996-11";2072.466;92018.104;107194.873;85483.989;21710.884;15176.769;6534.115;2430.67;78588.562;;85792.72;283.921;1.117
"1996-05";2469.049;80903.339;95867.253;76139.284;19727.969;14963.914;4764.055;2346.934;76383.514;;89544.871;126.237;1.609
"1996-04";2434.159;97483.303;112662.136;87834.412;24827.724;15178.833;9648.891;2209.7;82024.064;;91228.643;177.954;1.071
"1995-09";2658.618;83243.777;98622.4;74605.287;24017.113;15378.623;8638.49;2508.591;79411.966;;88514.408;0;1
"1995-07";2634.195;93879.492;105546.902;84507.069;21039.833;11667.41;9372.423;2671.411;84314.011;;94085.359;0;1
"1995-06";2577.208;87632.956;102119.541;79610.839;22508.702;14486.585;8022.117;2355.075;82314.814;;94171.522;0;1
"1995-04";2676.063;86493.26;97084.914;75256.567;21828.347;10591.654;11236.693;2038.739;77377.879;;90154.164;187.29;1.128
"1994-01";3133.122;98272.402;112298.117;84516.373;27781.744;14025.715;13756.029;2781.896;79948.109;;85908.771;342.6;0.924
"1993-08";2954.02;87262.295;105746.938;82868.402;22878.536;18484.643;4393.893;2591.164;71498.914;;84116.507;0;1
"1989-07";3419.22;84588.479;95067.109;65899.069;29168.04;10478.63;18689.41;2409.736;70184.724;;;0;1
"1989-01";3500.63;90497.682;100940.259;73479.503;27460.756;10442.577;17018.179;2420.203;82634.639;;;384.477;1.036
"1986-10";3465.74;66235.176;79334.045;56231.05;23102.995;13098.869;10004.126;2237.612;72716.575;;;104.443;0.839
"1985-04";3049.386;81418.141;92955.101;73245.74;19709.361;11536.96;8172.401;1965.47;67481.912;;;181.957;1.095
"1982-10";2194.581;87550.64;91911.89;64313.9;27597.99;4361.25;23236.74;2662.107;78545.531;;;154.881;1.244
"1980-11";;;;;;;;;;;;328.812;1.294
"2017-10";751.298;76991.969;98650.137;57448.816;41201.322;21658.168;19543.153;1476.94;71807.725;72692.95;70047.107;87.921;0.706
"2017-08";733.12;74423.474;91134.83;56351.548;34783.281;16711.355;18071.926;1686.35;74549.172;73524.268;72736.096;0;1
"2016-10";782.699;77034.949;94546.921;61918.585;32628.336;17511.972;15116.364;1692.165;75246.205;77178.598;74099.017;155.904;1.252
"2016-08";796.655;76889.747;97683.982;55437.535;42246.447;20794.235;21452.212;1765.434;73970.964;72861.961;71911.159;0;1
"2015-06";829.219;69486.323;87208.937;45132.541;42076.396;17722.614;24353.782;1932.906;74347.113;72850.542;71592.058;0;1
"2013-12";767.58;76157.368;93541.293;49507.747;44033.546;17383.925;26649.621;2273.665;71245.38;72448.43;72280.06;341.833;0.969
"2012-03";855.968;82798.016;99625.344;48996.027;50629.317;16827.328;33801.989;2928.434;74211.03;;73788.453;207.953;0.813
"2011-08";911.792;79412.652;100267.648;62983.428;37284.22;20854.996;16429.224;3257.563;77815.167;;78166.735;0;1
"2011-05";945.519;79970.135;102168.905;63925.458;38243.447;22198.769;16044.677;2665.596;73794.676;;73307.541;45.445;0.579
"2010-11";922.259;104487.766;125446.156;69716.035;55730.121;20958.39;34771.731;2071.303;74928.601;;76220.396;276.919;1.089
"2007-08";1014.136;92718.65;116434.42;79832.972;36601.448;23715.769;12885.678;3294.779;81091.338;;83387.426;0;1
"2003-12";1414.161;94248.366;122489.155;92884.158;29604.997;28240.788;1364.208;2900.522;88793.887;;85073.441;352.74;1
"2002-11";1370.491;80119.704;95601.316;72495.605;23105.711;15481.612;7624.099;2601.631;81177.4;;88765.015;209.229;0.823
"2002-06";1401.299;77479.744;97998.225;72472.345;25525.88;20518.481;5007.399;2728.398;80252.815;;86569.092;0;1
"2000-06";1393.274;75807.548;96548.771;75358.911;21189.86;20741.223;448.637;3371.537;80353.996;;87660.472;0;1
"1999-10";1777.064;77967.799;98642.171;78609.496;20032.675;20674.372;-641.697;2934.249;88892.742;;92222.037;128.865;1.035
"1998-02";1778.227;87061.314;106872.722;85481.663;21391.059;19811.408;1579.651;2606.283;83333.602;;89230.449;291.746;0.913
"1996-08";2308.555;81322.972;97416.369;77127.834;20288.535;16093.397;4195.138;2569.067;78030.322;;89357.3;0;1
"1994-05";3115.677;80725.872;94778.685;73288.771;21489.914;14052.813;7437.101;2061.999;74226.149;;88730.817;76.119;0.97
"1992-07";3186.62;84777.476;97932.741;63282.319;34650.422;13155.265;21495.157;2753.984;83720.881;;100193.643;0;1
"1991-11";3186.62;95226.44;109447.604;76152.077;33295.527;14221.164;19074.363;2243.427;80831.989;;98324.617;289.47;1.139
"1990-05";3407.59;95739.323;108703.284;84619.88;24083.404;12963.961;11119.443;2309.718;68891.468;;96033.918;38.771;0.494
"1989-03";3582.04;78511.804;90201.117;62406.58;27794.537;11689.313;16105.224;2165.506;83772.053;;;209.531;0.819
"1988-11";3454.11;89431.211;102288.176;76168.359;26119.817;12856.965;13262.852;2327.163;86757.474;;;310.682;1.222
"1988-09";3419.22;78310.605;90740.749;66223.546;24517.203;12430.144;12087.059;2172.484;74554.115;;;0;1
"1987-06";3337.81;70819.722;83433.62;61008.654;22424.966;12613.898;9811.068;2314.37;70856.938;;;0;1
"1987-05";3523.89;79917.871;89022.998;59542.111;29480.887;9105.127;20375.76;2014.316;61772.745;;;150.16;1.914
"1986-05";3466.903;77412.769;91913.053;61077.271;30835.782;14500.284;16335.498;2690.019;61613.414;;;85.399;1.089
"1985-02";2734.213;77556.981;88222.854;69525.303;18697.551;10665.873;8031.678;2205.048;76252.095;;;358.708;1.122
"1982-11";2275.991;84445.43;89353.29;63243.94;26109.35;4907.86;21201.49;2189.929;81265.788;;;237.709;0.935
"1982-03";2322.511;80677.31;92260.79;75246.1;17014.69;11583.48;5431.21;2973.791;95128.748;;;304.089;1.189
"1981-10";2348.097;98540.99;108566.05;91074.53;17491.52;10025.06;7466.46;3804.173;81649.578;;;161.739;1.299
"1980-09";;;;;;;;;;;;0;1
"2017-03";740.831;81520.457;99826.537;55470.169;44356.368;18306.079;26050.288;1889.875;74423.184;73800.4;72458.393;192.829;0.754
"2016-05";811.774;62395.303;79187.703;33242.169;45945.534;16792.4;29153.135;1226.965;74992.543;73430.005;76061.371;80.834;1.03
"2015-03";814.1;86236.358;109596.001;64277.847;45318.154;23359.643;21958.511;2146.898;72514.19;72541.957;71384.766;257.449;1.007
"2014-05";767.58;78248.5;92985.569;50580.033;42405.536;14737.069;27668.467;2581.86;68661.02;68927.004;70873.005;86.091;1.097
"2011-10";888.532;86906.921;105520.058;64146.428;41373.63;18613.137;22760.493;2686.53;76068.341;;74994.704;108.5;0.871
"2009-12";895.51;81997.893;103398.788;59757.266;43641.522;21400.894;22240.627;2545.807;84365.183;;78696.75;379.273;1.075
"2007-10";1024.603;90998.291;113497.069;73243.414;40253.655;22498.778;17754.877;3114.514;92222.411;;84227.039;157.386;1.264
"2007-07";1022.277;92126.24;117437.14;86243.428;31193.712;25310.899;5882.812;3270.356;82853.283;;80113.492;0;1
"2006-10";1107.176;89857.409;117399.485;86572.557;30826.928;27542.076;3284.852;3112.188;88130.977;;85831.1;52.587;0.422
"2005-05";1191.842;95421.844;118755.36;86424.856;32330.504;23333.517;8996.988;3006.355;80509.78;;86373.303;84.077;1.072
"2004-02";1240.188;77364.555;97926.591;79465.464;18461.127;20562.037;-2100.909;3069.157;83367.329;;84820.12;329.034;1.029
"2002-10";1460.379;85666.407;104497.935;76878.952;27618.983;18831.529;8787.455;2577.208;88790.398;;84385.773;122.663;0.985
"1999-05";1415.371;89799.404;105867.89;86478.354;19389.536;16068.486;3321.05;2858.654;74352.916;;88394.004;43.377;0.553
"1996-03";2578.371;92322.756;108545.116;84514.047;24031.069;16222.36;7808.709;2546.97;84822.242;;89008.888;312.457;1.222
"1994-12";2907.5;76241.719;94276.269;73834.218;20442.051;18034.55;2407.501;2225.982;88196.105;;90082.842;306.323;0.868
"1994-02";2851.676;72391.932;85287.442;62619.409;22668.033;12895.51;9772.523;1745.663;79195.648;;87653.359;309.982;0.97
"1990-07";2512.08;94806.597;109225.471;83861.604;25363.867;14418.874;10944.993;3016.822;80909.91;;98135.933;0;1
"1987-01";3221.51;117359.493;127058.913;86052.696;41006.217;9699.42;31306.797;2250.405;86306.23;;;563.627;1.519
"1985-03";3020.311;91668.823;102209.092;84787.352;17421.74;10540.269;6881.471;2144.572;77437.192;;;341.435;1.335
"1983-09";2151.55;67608.679;81925.209;64403.451;17521.758;14316.53;3205.228;2016.642;67545.877;;;0;1
"1981-04";2408.573;98494.47;107868.25;97947.86;9920.39;9373.78;546.61;3748.349;71637.311;;;183.518;1.105
"1980-03";;;;;;;;;;;;314.744;1.231
"1980-01";;;;;;;;;;;;449.268;1.211
"2016-03";830.382;71870.589;92500.479;53193.294;39307.185;20629.889;18677.295;1666.579;75262.359;73705.359;72545.915;292.283;1.143
"2015-12";818.752;87112.425;109058.621;61758.789;47299.832;21946.196;25353.636;1771.249;74648.097;75107.265;73894.316;231.356;0.656
"2015-11";821.078;67923.998;88368.43;50500.949;37867.481;20444.432;17423.049;1494.455;63131.745;64773.803;69352.276;184.449;0.726
"2014-02";662.91;64367.429;80393.753;43550.861;36842.892;16026.324;20816.568;1767.76;65506.673;67361.725;71058.975;259.738;0.812
"2013-09";803.075;72115.685;88017.849;46952.636;41065.213;15902.164;25163.049;1985.241;73155.026;74270.807;72125.409;0;1
"2013-07";843.175;87949.769;105119.859;61954.173;43165.686;17170.089;25995.596;2323.674;80283.053;77311.641;72500.925;0;1
"2013-05";789.677;86369.49;105157.124;65359.437;39797.687;18787.634;21010.053;2392.291;74709.957;73509.836;77456.599;140.301;1.789
"2013-04";764.091;78474.43;97995.591;57829.012;40166.579;19521.161;20645.418;2749.332;74462.238;73482.33;74553.663;194.076;1.168
"2012-11";787.351;75797.227;95823.607;56760.215;39063.392;20026.379;19037.012;2061.999;72678.196;;74287.189;252.212;0.992
"2012-08";826.893;92127.631;112608.01;68758.886;43849.124;20480.379;23368.745;2545.807;72187.41;;70871.748;0;1
"2011-11";851.316;79979.745;99779.805;61159.844;38619.961;19800.06;18819.901;2685.367;68708.877;;73730.436;198.874;0.782
"2010-02";755.95;66968.814;86425.811;50667.258;35758.553;19456.997;16301.556;2369.031;74991.403;;76305.89;349.36;1.093
"2007-09";981.572;84742.482;107804.018;76153.24;31650.778;23061.535;8589.242;2806.319;80089.995;;81083.795;0;1
"2007-02";815.263;89828.362;112291.741;78003.573;34288.168;22463.38;11824.789;2709.79;75712.463;;82281.41;243.557;0.762
"2006-04";1032.256;84427.052;105154.051;69980.036;35174.015;20726.999;14447.016;2507.428;79326.486;;84340.575;172.824;1.041
"2002-03";1557.862;80620.711;100757.245;68136.681;32620.564;20136.533;12484.03;2142.246;84636.162;;86903.561;228.865;0.895
"2001-02";1428.164;86123.465;107238.225;79763.192;27475.033;21114.76;6360.273;2395.78;82980.05;;86429.274;297.987;0.932
"1999-07";1750.315;84035.315;98187.438;76816.15;21371.288;14152.123;7219.165;2973.791;87598.323;;90322.26;0;1
"1998-10";1888.712;89240.55;107551.914;84364.02;23187.894;18311.364;4876.53;3049.386;87350.604;;89010.407;142.192;1.142
"1993-09";2779.57;72707.869;92220.085;71558.227;20661.858;19512.216;1149.642;2610.935;73933.073;;83965.734;0;1
"1993-07";2988.91;90200.387;103644.234;78653.69;24990.544;13443.847;11546.697;2765.614;80927.355;;90230.583;0;1
"1992-06";3000.54;82699.9;96444.101;71070.93;25373.171;13744.201;11628.97;2430.67;75187.95;;96229.53;0;1
"1991-01";3291.29;100772.787;112352.778;78938.625;33414.153;11579.991;21834.162;3277.334;97429.162;;101851.262;391.33;1.055
"1989-05";3616.93;76348.624;87054.039;59257.176;27796.863;10705.415;17091.448;2592.327;68200.646;;;48.047;0.612
"1988-03";3837.9;75019.315;87609.953;63980.119;23629.834;12590.638;11039.196;2319.022;84761.766;;;298.589;1.167
"1984-04";2562.089;80966.897;89833.609;72311.851;17521.758;8866.712;8655.046;2420.203;71172.111;;;205.174;1.235
"1983-01";2280.643;98607.281;106590.113;83182.412;23407.701;7982.832;15424.869;2759.799;83385.937;;;340.665;0.918
"1981-07";2379.498;88364.74;100739.06;85771.25;14967.81;12374.32;2593.49;3825.107;71681.505;;;0;1
"1980-06";;;;;;;;;;;;0;1
"2017-06";721.386;71680.104;89078.761;53374.908;35703.853;17398.657;18305.196;1480.499;74267.959;74002.392;73216.673;0;1
"2016-11";737.342;72786.49;91984.511;55508.815;36475.696;19198.021;17277.674;1791.02;67231.914;67271.808;71922.829;256.744;1.01
"2015-02";709.43;65053.726;81423.673;53158.404;28265.269;16369.948;11895.322;1839.866;68558.234;68044.089;72461.83;351.239;1.099
"2014-06";721.06;70226.277;86730.361;47310.84;39419.521;16504.084;22915.437;1853.822;72485.824;74414.16;73545.006;0;1
"2014-01";744.32;82225.403;101702.27;49205.367;52496.903;19476.868;33020.036;1759.619;69147.828;69171.423;71120.778;298.853;0.806
"2012-05";846.664;75609.439;92131.473;50043.89;42087.583;16522.034;25565.549;2870.284;71621.029;;74787.09;73.287;0.934
"2012-01";793.166;85539.826;106041.364;62066.984;43974.38;20501.538;23472.842;3069.157;74457.586;;76078.654;338.038;0.911
"2010-08";932.726;88390.804;111504.518;72560.733;38943.785;23113.714;15830.071;2373.683;74578.538;;76075.703;0;1
"2009-05";931.563;93576.484;110951.44;79965.554;30985.886;17374.956;13610.93;2663.27;70166.116;;80674.927;59.968;0.764
"2005-03";1213.416;111544.706;134439.276;84833.872;49605.404;22894.57;26710.834;3108.699;92590.28;;88747.037;278.725;1.09
"2004-08";1239.037;90865.48;109690.321;82998.658;26691.663;18824.841;7866.822;3129.633;79503.68;;82856.142;0;1
"2003-10";1277.462;94601.858;115862.261;89357.942;26504.319;21260.403;5243.916;2391.128;89766.155;;84523.355;195.283;1.568
"2001-08";1533.997;102061.727;121662.646;90978.001;30684.645;19600.919;11083.726;2381.824;86038.74;;90321.473;0;1
"2000-02";1518.878;85556.367;103818.684;85635.179;18183.505;18262.317;-78.812;2766.777;86587.676;;89565.811;276.458;0.865
"1999-06";1602.614;84312.982;98664.268;78216.402;20447.866;14351.286;6096.58;3088.928;84619.88;;90200.938;0;1
"2013-10";789.677;82954.054;99172.872;51330.168;47842.704;16218.817;31623.886;2120.149;79831.809;78486.518;74326.826;82.676;0.664
"1997-07";2022.457;90835.026;107875.228;90447.673;17427.555;17040.202;387.353;2752.821;89946.42;;93351.114;0;1
"1995-01";2836.557;91371.516;103030.17;77318.566;25711.604;11658.654;14052.95;2064.325;86914.479;;88653.617;363.155;0.979
"1994-08";3044.734;81437.384;95346.229;71319.812;24026.417;13908.845;10117.572;2173.647;78558.324;;90737.901;0;1
"1993-04";3081.95;82641.426;98101.376;72538.636;25562.74;15459.95;10102.79;2417.877;80700.57;;91138.986;156.559;0.943
"1991-03";3268.03;86653.967;100493.667;77256.927;23236.74;13839.7;9397.04;2955.183;74158.695;;92862.889;210.812;0.824
"1990-03";3593.67;77996.595;89243.968;62929.93;26314.038;11247.373;15066.665;2712.116;81540.256;;98114.874;232.955;0.911
"1985-05";3137.774;57973.224;71253.521;56340.372;14913.149;13280.297;1632.852;2251.568;63770.779;;;113.163;1.443
"1982-09";2116.66;85875.92;91667.66;69465.99;22201.67;5791.74;16409.93;2336.467;71025.573;;;0;1
"1982-05";2309.718;65976.99;74548.3;56370.61;18177.69;8571.31;9606.38;2987.747;76718.458;;;98.191;1.252
"1981-09";2223.656;100599.5;111310.73;88574.08;22736.65;10711.23;12025.42;4087.945;68359.977;;;0;1
"2017-09";730.364;70750.284;92592.034;54191.299;38400.734;21841.75;16558.985;1890.41;77657.08;78331.456;75534.258;0;1
"2015-08";817.589;71505.829;88451.206;45982.694;42468.512;16945.377;25523.135;1525.856;74819.64;75957.4;76446.625;0;1
"2012-04";836.197;73728.61;87783.069;45038.338;42744.731;14054.459;28690.272;2776.081;70298.698;;72211.185;203.518;1.225
"2011-02";840.849;72650.583;94202.807;56313.623;37889.184;21552.224;16336.96;1680.535;75483.352;;79579.911;290.502;0.909
"2009-11";879.228;87559.618;104097.642;62524.043;41573.599;16538.024;25035.575;2546.97;71204.675;;76069.636;192.601;0.758
"2008-11";903.651;84793.314;111856.425;78435.046;33421.379;27063.111;6358.268;2432.996;73674.887;;77954.539;266.518;1.048
"2007-03";996.691;67150.809;88972.503;59746.799;29225.704;21821.693;7404.01;2005.012;83544.105;;80371.622;264.952;1.036
"2006-12";1102.524;99246.466;124113.754;87796.033;36317.721;24867.288;11450.433;3151.73;80769.187;;81041.723;350.907;0.994
"2006-09";1073.449;73410.018;101073.807;70337.077;30736.73;27663.789;3072.941;2892.381;83534.801;;82656.541;0;1
"2006-06";1037.431;82787.244;107892.337;73876.086;34016.251;25105.093;8911.158;3106.373;81957.773;;84935.356;0;1
"2005-09";1070.844;87513.151;111091.577;77612.805;33478.772;23578.426;9900.346;2469.049;86406.062;;82671.549;0;1
"2005-06";1144.171;66956.781;93420.484;61501.766;31918.718;26463.702;5455.015;3164.523;81140.184;;83053.792;0;1
"2005-01";1261.611;90973.198;111645.921;81020.395;30625.526;20672.723;9952.803;2773.755;84671.052;;82659.78;367.051;0.989
"2004-03";1320.168;95680.718;118921.043;91817.687;27103.356;23240.324;3863.031;2978.443;89555.652;;83990.045;296.857;1.161
"2003-07";1323.192;96191.795;115466.7;88986.945;26479.755;19274.905;7204.85;3086.602;88949.729;;85971.317;0;1
"2003-06";1305.956;72033.834;90496.078;69345.038;21151.04;18462.245;2688.796;2648.151;80199.317;;87259.599;0;1
"2003-03";1414.929;100094.233;118048.761;85914.299;32134.462;17954.528;14179.934;2923.782;81333.242;;84130.123;208.185;0.814
"2003-02";1263.82;77678.811;97465.666;69058.94;28406.726;19786.855;8619.871;2545.807;87123.819;;87066.295;360.232;1.127
"2001-04";1490.966;78703.158;99499.269;74716.935;24782.334;20796.111;3986.223;2687.693;79106.097;;87236.168;208.677;1.256
"2000-09";1568.887;81335.766;101789.249;83738.326;18050.923;20453.483;-2402.56;3050.549;73331.802;;76691.05;0;1
"1999-01";1795.672;102481.605;115598.711;89100.919;26497.792;13117.106;13380.686;2657.455;88303.101;;91715.462;331.899;0.895
"1997-10";2010.827;95455.404;111538.678;92636.439;18902.239;16083.274;2818.965;2693.508;96354.55;;96240.766;144.53;1.161
"1997-08";1938.721;88696.104;105596.911;85524.694;20072.217;16900.807;3171.41;2793.526;78330.376;;91080.76;0;1
"1997-06";1842.192;72269.853;93031.859;75183.298;17848.561;20762.006;-2913.445;2607.446;78802.554;;88603.64;0;1
"1996-09";2214.352;82927.238;97571.048;74818.116;22752.932;14643.81;8109.122;1909.646;84083.737;;92279.808;0;1
"1996-06";2259.709;73882.688;89790.578;72372.327;17418.251;15907.89;1510.361;2831.905;75890.402;;87010.997;0;1
"1995-05";2817.949;93683.897;103796.587;80997.135;22799.452;10112.69;12686.762;2089.911;78046.604;;91565.963;89.811;1.145
"1994-10";2999.377;86191.702;97887.384;76389.329;21498.055;11695.682;9802.373;1991.056;81486.758;;89231.893;135.113;1.085
"1993-10";3047.06;86664.451;102234.678;83299.875;18934.803;15570.227;3364.576;2552.785;79424.759;;87883.124;188.738;1.516
"1993-03";3058.69;80733.508;95695.129;69155.469;26539.66;14961.621;11578.039;2255.057;84924.586;;90261.541;283.709;1.109
"1992-09";3000.54;86258.326;97237.267;64787.241;32450.026;10978.941;21471.085;2717.931;81520.485;;99381.918;0;1
"1992-08";3081.95;86258.003;100616.945;66520.111;34096.834;14358.942;19737.892;2835.394;74490.15;;98792.851;0;1
"1991-12";3268.03;93932.021;109579.023;78132.666;31446.357;15647.002;15799.355;2275.991;93290.045;;100253.321;410.254;1.163
"1990-08";3140.1;83554.572;99452.782;69692.775;29760.007;15898.21;13861.797;2274.828;77108.063;;102710.568;0;1
"1990-01";3593.67;86940.065;99092.252;72292.08;26800.172;12152.187;14647.985;2592.327;88361.251;;97262.911;362.584;0.977
"1987-10";3523.89;80506.349;91602.532;62100.711;29501.821;11096.183;18405.638;2191.092;77206.918;;;123.469;0.991
"1987-09";3419.22;78478.077;89826.631;67400.502;22426.129;11348.554;11077.575;2145.735;69355.505;;;0;1
"1987-02";3233.14;83127.751;93387.737;65150.097;28237.64;10259.986;17977.654;2160.854;77379.042;;;358.649;1.122
"1986-12";3430.85;73634.182;86394.618;60902.821;25491.797;12760.436;12731.361;1564.235;86345.772;;;351.302;0.996
"1986-04";3119.166;98223.491;107565.87;75995.072;31570.798;9342.379;22228.419;2483.005;81475.128;;;273.481;1.647
"1985-12";3629.723;96360.365;109390.617;83451.065;25939.552;13030.252;12909.3;2362.053;77215.059;;;341.453;0.968
"1985-07";3326.18;72467.693;84304.707;67002.756;17301.951;11837.014;5464.937;2740.028;64586.042;;;0;1
"1984-08";2702.812;74794.856;85390.949;62917.137;22473.812;10596.093;11877.719;2178.299;60324.81;;;0;1
"1983-08";2317.859;79220.071;89116.038;73481.829;15634.209;9895.967;5738.242;2907.5;66507.318;;;0;1
"1982-07";2293.436;84398.91;92912.07;74571.56;18340.51;8513.16;9827.35;2900.522;70518.505;;;0;1
"1982-02";2160.854;85329.31;97819.93;83189.39;14630.54;12490.62;2139.92;3591.344;80705.222;;;312.655;0.978
"1981-01";2428.344;107786.84;114625.28;100343.64;14281.64;6838.44;7443.2;3634.375;113755.356;;;407.494;1.098
"2017-02";651.28;72119.516;87964.37;41974.228;45990.142;15844.854;30145.288;1672.394;67404.491;68875.376;73738.293;255.264;0.799
"2016-12";767.58;75320.374;98137.152;56481.095;41656.057;22816.778;18839.279;1578.191;73916.744;72275.332;71712.143;373.202;1.058
"2016-04";822.241;81454.927;101543.644;64300.118;37243.525;20088.716;17154.809;1380.481;71017.909;70180.788;71326.926;191.505;1.153
"2015-10";824.567;82398.478;104081.204;58623.341;45457.863;21682.726;23775.137;1345.591;73690.122;73496.842;70348.501;153.532;1.233
"2012-12";798.981;82720.39;101030.014;54495.854;46534.16;18309.624;28224.536;2113.171;69660.211;;73037.606;325.45;0.922
"2011-12";852.479;78617.875;97895.634;64422.059;33473.575;19277.759;14195.816;2737.702;70312.654;;70089.328;296.789;0.841
"2011-06";888.532;80953.331;102881.23;65590.874;37290.356;21927.9;15362.457;2717.931;74054.025;;76044.981;0;1
"2008-04";983.898;81010.656;104475.189;75167.016;29308.173;23464.533;5843.64;2414.388;81391.392;;80167.369;193.732;1.166
"2006-08";1075.775;99780.389;124334.744;90967.534;33367.21;24554.355;8812.855;3105.21;79623.632;;81998.317;0;1
"2005-08";1184.946;97044.403;122479.744;84882.718;37597.026;25435.34;12161.685;2752.821;85725.312;;88881.706;0;1
"2005-07";1173.479;98081.283;121870.202;87944.897;33925.305;23788.92;10136.386;2887.729;82489.241;;83086.73;0;1
"2002-02";1373.503;90209.027;110337.192;79635.262;30701.93;20128.165;10573.765;2281.806;80629.627;;86358.312;242.195;0.758
"2001-05";1564.235;85412.809;106953.953;84524.514;22429.439;21541.144;888.295;2765.614;78901.409;;90105.857;65.332;0.833
"1997-11";1902.668;91058.279;109088.237;85357.222;23731.015;18029.958;5701.057;2165.506;72540.962;;80864.2;235.509;0.927
"1996-10";2217.841;91843.607;105659.713;83933.71;21726.003;13816.106;7909.897;2229.471;87079.625;;88181.608;134.946;1.084
"1995-03";2881.914;77362.955;91964.225;67558.67;24405.555;14601.27;9804.285;2519.058;88555.472;;90021.27;299.294;1.17
"1994-11";2895.87;85288.136;98400.267;76657.982;21742.285;13112.131;8630.154;1967.796;77825.634;;90116.282;175.026;0.689
"1993-12";3308.735;98088.032;115853.408;87219.185;28634.223;17765.376;10868.847;2469.049;87594.834;;88355.567;310.997;0.881
"1993-02";2791.2;78998.41;90951.252;65418.75;25532.502;11952.842;13579.66;2457.419;81891.482;;89040.941;372.469;1.165
"1993-01";3070.32;94677.096;104824.679;74573.886;30250.793;10147.583;20103.21;2376.009;80870.368;;89756.99;322.988;0.871
"1992-11";2954.02;87418.357;100763.483;67110.915;33652.568;13345.126;20307.442;2173.647;76620.766;;95159.041;220.729;0.868
"1989-08";3419.22;77048.75;92022.375;68292.523;23729.852;14973.625;8756.227;2657.455;69674.167;;;0;1
"1988-05";3663.45;83648.775;95881.209;72887.536;22993.673;12232.434;10761.239;2036.413;65504.812;;;72.67;0.926
"1988-02";3651.82;66285.185;77912.859;59182.744;18730.115;11627.674;7102.441;1968.959;80384.234;;;334.762;1.047
"1987-08";3686.71;79374.75;90362.774;62072.799;28289.975;10988.024;17301.951;2167.832;65096.599;;;0;1
"1986-09";3337.81;103812.869;116555.86;87355.256;29200.604;12742.991;16457.613;2388.802;69390.395;;;0;1
"1986-08";3430.85;81939.165;97464.052;74550.626;22913.426;15524.887;7388.539;2831.905;69432.263;;;0;1
"1986-02";3186.62;67724.979;80067.898;63606.796;16461.102;12342.919;4118.183;2715.605;89717.309;;;492.724;1.541
"2014-08";755.95;82289.433;98347.084;55679.788;42667.296;16057.651;26609.645;2241.101;69717.431;72018.104;71768.087;0;1
"2011-03";940.867;81139.205;101468.174;59743.31;41724.864;20328.969;21395.895;2715.605;79435.226;;75984.255;240.988;0.942
"2010-09";923.422;81830.611;100688.239;63382.337;37305.902;18857.629;18448.274;2294.599;81546.071;;77797.455;0;1
"2010-01";869.924;91308.007;106060.648;64896.563;41164.085;14752.641;26411.444;2933.086;72280.45;;70855.564;475.215;1.281
"2008-01";1017.625;103159.033;129907.277;87248.26;42659.017;26748.244;15910.773;2885.403;87392.472;;83015.886;317.75;0.857
"2006-03";1077.485;97670.646;120353.691;76503.303;43850.388;22683.045;21167.343;2224.819;90977.757;;83807.036;299.017;1.169
"2004-12";1241.735;92228.561;119195.875;79064.229;40131.646;26967.314;13164.332;2992.399;88663.631;;81359.504;392.699;1.113
"2004-11";1179.596;94497.079;114599.202;84916.445;29682.757;20102.124;9580.634;2786.548;82447.396;;83645.451;277.279;1.091
"2004-09";1187.679;95605.543;117507.059;78833.955;38673.104;21901.516;16771.588;3238.955;88718.245;;85379.48;0;1
"2003-11";1269.228;88227.97;107327.395;85166.49;22160.905;19099.424;3061.48;2346.934;77762.832;;83714.378;229.229;0.902
"2002-09";1412.801;89351.219;105581.099;77011.534;28569.565;16229.88;12339.685;2263.198;84177.94;;85469.712;0;1
"1997-09";1935.232;79645.741;98911.987;81582.124;17329.863;19266.246;-1936.383;2727.235;85485.152;;89692.262;0;1
"1994-07";3057.527;85349.939;97944.371;69283.399;28660.972;12594.432;16066.54;2266.687;79964.391;;89942.66;0;1
"1994-06";3037.756;86699.031;98439.809;72011.797;26428.012;11740.778;14687.234;2324.837;81078.545;;91667.327;0;1
"1992-04";3174.99;95093.465;106851.788;78621.126;28230.662;11758.323;16472.339;2507.428;82638.128;;101181.011;197.517;1.189
"1991-08";3221.51;89225.36;102734.768;74017.972;28716.796;13509.408;15207.388;2749.332;75613.608;;101503.443;0;1
"1990-10";3454.11;81592.591;100803.025;72918.937;27884.088;19210.434;8673.654;2444.626;73667.909;;86162.347;96.818;0.777
"1989-06";3407.59;69003.116;83398.73;61388.955;22009.775;14395.614;7614.161;2522.547;73905.161;;;0;1
"1988-06";3663.45;73657.442;87154.057;68220.417;18933.64;13496.615;5437.025;2286.458;71420.993;;;0;1
"1987-07";3663.45;80280.727;92628.298;66848.077;25780.221;12347.571;13432.65;2285.295;75153.06;;;0;1
"1985-01";2288.784;85709.611;96548.771;77783.766;18765.005;10839.16;7925.845;2688.856;99330.667;;;558.146;1.505
"1984-07";2685.367;73945.866;85292.094;64472.068;20820.026;11346.228;9473.798;2222.493;60598.115;;;0;1
"1983-02";2041.065;67202.792;74472.705;58072.079;16400.626;7269.913;9130.713;2224.819;88556.635;;;394.079;1.233
"1981-03";2496.961;90237.17;106298.2;96366.18;9932.02;16061.03;-6129.01;3880.931;88412.423;;;205.789;0.805
"1981-02";2245.753;112438.84;121998.7;110380.33;11618.37;9559.86;2058.51;3948.385;96952.332;;;386.52;1.209
"1980-05";;;;;;;;;;;;129.032;1.645
"1980-02";;;;;;;;;;;;286.527;0.896
"2016-07";809.343;80625.717;101615.895;60792.906;40822.99;20990.178;19832.811;1766.597;74996.253;77465.719;71500.134;0;1
"2016-02";793.282;72877.516;91115.068;52385.009;38730.059;18237.552;20492.507;1784.042;69066.779;68229.342;72951.858;293.966;0.92
"2014-09";755.95;78189.89;97958.514;56296.178;41662.336;19768.624;21893.712;1871.267;74306.536;73387.675;71251.082;0;1
"2013-06";780.373;73056.501;88885.931;54558.656;34327.275;15829.43;18497.845;2581.86;70853.449;72650.942;72082.23;0;1
"2013-02";725.712;69775.408;90093.656;52508.287;37585.369;20318.248;17267.121;2041.065;69018.235;67447.715;71038.375;383.934;1.201
"2012-02";766.417;69365.928;90009.09;49008.82;41000.27;20643.162;20357.108;2412.062;77645.369;;75177.246;447.752;1.401
"2010-07";946.682;79590.184;100813.989;66853.892;33960.097;21223.804;12736.292;2463.234;79188.67;;78403.63;0;1
"2010-05";843.175;80418.606;99471.07;63309.068;36162.002;19052.464;17109.538;2820.275;71639.637;;76782.141;123.951;1.58
"2009-07";830.382;86733.071;109876.859;78159.415;31717.444;23143.788;8573.656;3026.126;78401.319;;75539.443;0;1
"2007-11";957.149;94657.977;116929.262;81198.334;35730.928;22271.285;13459.643;2631.869;87173.828;;85235.708;297.441;1.17
"2002-08";1439.875;91576.018;108043.747;76887.093;31156.654;16467.729;14688.925;2474.864;79743.421;;84654.052;0;1
"2000-08";1653.786;81009.412;103287.193;84239.579;19047.614;22277.781;-3230.167;3030.778;84472.179;;89888.584;0;1
"1998-12";1864.289;100660.588;116153.462;92346.852;23806.61;15492.874;8313.736;2695.834;95987.042;;91957.119;364.45;1.033
"1998-09";1829.399;87024.815;106117.935;88874.134;17243.801;19093.12;-1849.319;2493.472;86596.98;;90069.61;0;1
"1993-06";2814.46;79832.902;92498.042;70905.784;21592.258;12665.14;8927.118;2680.715;82239.219;;95682.203;0;1
"1992-03";3302.92;92293.605;103777.979;72718.901;31059.078;11484.374;19574.704;2565.578;83653.427;;98915.348;259.755;1.016
"1991-04";3198.25;73635.345;91251.306;69296.192;21955.114;17615.961;4339.153;2527.199;75154.223;;93719.012;216.122;1.301
"1990-12";3326.18;88436.846;101419.415;74077.285;27342.13;12982.569;14359.561;2350.423;84326.804;;93288.432;421.383;1.194
"1988-12";3640.19;109626.706;121419.526;91883.978;29535.548;11792.82;17742.728;2664.433;85703.796;;;325.026;0.921
"1988-04";3454.11;72737.509;85252.552;63152.063;22100.489;12515.043;9585.446;1981.752;69927.701;;;176.234;1.061
"1987-04";3535.52;75767.124;85832.889;54071.359;31761.53;10065.765;21695.765;2339.956;70641.783;;;149.017;0.897
"1984-12";2836.557;84283.773;97209.355;79040.969;18168.386;12925.582;5242.804;2252.731;74863.473;;;375.087;1.063
"1983-07";2174.81;84480.32;94306.507;78009.388;16297.119;9826.187;6470.932;2488.82;59882.87;;;0;1
"1983-03";2259.709;70033.534;83435.946;59965.443;23470.503;13402.412;10068.091;2522.547;83310.342;;;289.94;1.134
"1982-04";2309.718;85329.31;92295.68;75036.76;17258.92;6966.37;10292.55;3533.194;82419.484;;;211.882;1.276
"1980-10";;;;;;;;;;;;179.046;1.438
"1980-08";;;;;;;;;;;;0;1
"2017-05";768.743;79203.382;96318.32;53659.436;42658.884;17114.938;25543.946;1894.527;72527.518;70908.416;73620.968;65.8;0.839
"2012-07";811.774;83302.894;100710.284;62376.342;38333.942;17407.389;20926.552;2500.45;78744.404;;74456.644;0;1
"2010-04";860.62;79904.335;104006.346;69543.911;34462.435;24102.011;10360.424;2662.107;74383.154;;75957.673;158.138;0.952
"2010-03";886.206;93318.899;115896.051;70052.142;45843.909;22577.152;23266.757;2817.949;80113.255;;75189.598;286.275;1.119
"2009-10";921.096;87005.793;106661.014;70242.874;36418.14;19655.221;16762.919;2376.009;81400.696;;76323.863;134.189;1.078
"2009-02";910.629;80936.521;106099.436;68041.315;38058.121;25162.916;12895.206;2214.352;75479.282;;77391.359;342.672;1.072
"2009-01";883.88;88242.69;110192.481;69678.819;40513.662;21949.791;18563.871;2107.356;87886.747;;81352.912;456.461;1.23
"2008-10";952.497;94910.117;123383.904;90408.131;32975.773;28473.787;4501.986;3094.743;84928.075;;77919.207;156.372;1.256
"2008-02";946.682;77936.899;103278.771;69132.209;34146.562;25341.871;8804.69;2786.548;78381.548;;80964.015;283.622;0.887
"2004-10";1179.375;97013.393;118754.915;85747.99;33006.925;21741.522;11265.403;3066.831;86499.788;;84921.63;106.239;0.853
"2002-07";1438.201;96229.798;112102.583;82610.216;29492.367;15872.784;13619.582;2338.793;93013.251;;88738.129;0;1
"2000-12";1615.407;87745.916;108930.069;89999.918;18930.151;21184.153;-2254.002;2670.248;84301.218;;88100.376;279.898;0.793
"1999-03";1781.716;89564.354;108783.531;81006.439;27777.092;19219.177;8557.915;3185.457;91872.348;;91297.415;243.719;0.953
"1998-03";1913.135;72967.081;95681.173;76769.63;18911.543;22714.092;-3802.549;2920.293;86274.829;;89666.814;248.061;0.97
"1997-03";2032.924;81879.027;99338.808;75693.855;23644.953;17459.781;6185.172;2841.209;78435.046;;88378.344;206.567;0.808
"1994-09";2945.879;83577.902;93761.06;72186.247;21574.813;10183.158;11391.655;2551.622;83044.015;;91808.75;0;1
"1993-11";3140.1;80492.174;98095.561;77109.226;20986.335;17603.387;3382.948;2330.652;85008.322;;88857.948;362.433;1.426
"1989-10";3733.23;85931.744;100687.888;72402.565;28285.323;14756.144;13529.179;2212.026;84146.539;;;96.957;0.779
"1988-10";3430.85;85388.623;98195.579;73337.617;24857.962;12806.956;12051.006;2310.881;75274.012;;;113.799;0.914
"1985-08";3435.502;72982.902;85045.538;72948.012;12097.526;12062.636;34.89;3020.311;58778.02;;;0;1
"1984-11";2749.332;77443.007;86705.139;64622.095;22083.044;9262.132;12820.912;2058.51;74342.449;;;204.416;0.804
"1984-09";2559.763;67330.722;78086.146;57882.51;20203.636;10755.424;9448.212;1932.906;67964.557;;;0;1
"1984-03";2563.252;89899.9;100862.338;79174.714;21687.624;10962.438;10725.186;2902.848;83776.705;;;339.404;1.327
"1983-06";2125.964;83034.711;94159.969;73006.162;21153.807;11125.258;10028.549;2730.724;66863.196;;;0;1
"1981-06";2242.264;84154.68;94703.09;78502.5;16200.59;10548.41;5652.18;4119.346;76811.498;;;0;1
"2014-10";755.95;75835.47;94900.169;55450.677;39449.492;19064.698;20384.793;1907.32;75658.779;74807.527;71205.562;69.506;0.558
"2013-08";878.926;76564.511;93176.718;57388.235;35788.483;16612.207;19176.276;2501.613;72283.567;72946.244;72456.221;0;1
"2012-10";805.959;74750.315;96766.778;54487.713;42279.065;22016.463;20262.602;1987.567;79663.174;;74083.578;123.606;0.993
"2011-09";894.347;83608.555;102681.843;63164.856;39516.987;19073.288;20443.699;3140.1;80490.067;;76313.301;0;1
"2008-05";988.55;86641.453;115641.112;81849.614;33791.498;28999.659;4791.839;2164.343;77957.053;;87418.791;35.014;0.446
"2001-07";1518.878;82813.543;97650.673;74413.392;23237.281;14837.13;8400.151;2528.362;89290.488;;87913.692;0;1
"2001-06";1479.336;91761.269;109083.245;82576.489;26506.756;17321.977;9184.78;2854.002;81813.561;;88484.493;0;1
"1998-11";1880.571;83154.302;101390.34;79345.675;22044.665;18236.038;3808.627;3070.32;88193.779;;89669.554;345.189;1.358
"1998-06";1758.456;75636.53;97009.319;78542.042;18467.277;21372.789;-2905.512;2909.826;86885.404;;96425.822;0;1
"1998-01";1975.937;83677.058;102400.987;83330.113;19070.874;18723.929;346.945;2854.002;88389.163;;89631.877;352.219;0.949
"1995-11";2884.24;81062.375;95040.36;74115.664;20924.696;13977.985;6946.711;2127.127;81607.71;;87094.502;266.848;1.05
"1994-04";3022.637;83674.817;103248.814;86020.132;17228.682;19573.997;-2345.315;2335.304;79493.376;;91468.537;218.931;1.318
"1991-09";3105.21;77919.837;92715.523;69390.395;23325.128;14795.686;8529.442;2369.031;76864.996;;96763.217;0;1
"1991-07";3221.51;83477.814;100573.914;71225.609;29348.305;17096.1;12252.205;2860.98;86215.516;;101522.594;0;1
"1990-06";3093.58;76580.061;94891.496;72678.196;22213.3;18311.435;3901.865;2523.71;74101.708;;98520.605;0;1
"1989-12";3709.97;95559.058;105716.7;77199.94;28516.76;10157.642;18359.118;2343.445;90433.717;;;339.945;0.963
"1987-12";3896.05;88692.706;100655.324;73081.757;27573.567;11962.618;15610.949;2562.089;89499.828;;;362.009;1.026
"1986-11";3337.81;73667.909;87737.883;60842.345;26895.538;14069.974;12825.564;2015.479;70440.584;;;251.901;0.991
"1986-07";3392.471;67459.815;84276.795;62513.576;21763.219;16816.98;4946.239;2670.248;70898.806;;;0;1
"1986-06";3124.981;80142.33;92323.592;69513.673;22809.919;12181.262;10628.657;2384.15;66365.432;;;0;1
"1984-10";2724.909;91112.909;100540.187;71867.585;28672.602;9427.278;19245.324;2180.625;81478.617;;;136.61;1.097
"1981-08";2419.04;79444.53;91167.57;79560.83;11606.74;11723.04;-116.3;3535.52;57255.653;;;0;1
"2009-06";937.378;81282.258;105293.137;70725.519;34567.618;24010.878;10556.739;2645.825;77684.911;;80481.286;0;1
"2008-09";930.4;81549.163;111517.119;82702.093;28815.026;29967.956;-1152.93;3219.184;85406.068;;81925.779;0;1
"2008-06";994.365;84251.885;109241.484;74094.73;35146.754;24989.6;10157.155;1921.276;78179.186;;80743.249;0;1
"2005-02";1066.727;97004.889;121044.17;82613.705;38430.465;24039.281;14391.184;2798.178;84451.245;;83548.07;382.496;1.197
"2001-09";1508.411;84479.197;103499.042;79867.862;23631.18;19019.845;4611.335;2813.297;89538.207;;94087.613;0;1
"2000-04";1389.785;76387.767;97452.422;76561.453;20890.969;21064.655;-173.686;2848.187;80979.69;;90118.587;177.03;1.066
"1999-11";1672.394;80732.585;98967.811;75201.906;23765.905;18235.226;5530.679;2851.676;89975.495;;92043.916;310.278;1.221
"1998-04";1842.192;94980.434;116762.874;99167.847;17595.027;21782.44;-4187.413;2972.628;81315.797;;89021.561;199.318;1.2
"1997-05";1975.937;87744.952;106808.757;89966.191;16842.566;19063.805;-2221.239;2780.733;74312.211;;87096.876;73.993;0.943
"1996-02";2332.978;87698.431;104325.752;81101.805;23223.947;16627.321;6596.626;2416.714;89239.316;;88643.177;388.753;1.216
"1993-05";3047.06;87368.639;102202.114;77078.988;25123.126;14833.475;10289.651;2175.973;72421.173;;91642.642;71.011;0.905
"1992-05";3268.03;95588.609;108232.269;78133.829;30098.44;12643.66;17454.78;2193.418;69207.804;;96933.15;59.697;0.761
"1989-09";3535.52;81632.133;93099.313;70345.218;22754.095;11467.18;11286.915;2117.823;76548.66;;;0;1
"1987-03";3663.45;60180.598;73153.863;50704.474;22449.389;12973.265;9476.124;2466.723;82634.639;;;354.937;1.388
"1985-09";3184.294;73684.191;84851.317;69084.526;15766.791;11167.126;4599.665;2677.226;69636.951;;;0;1
"1982-01";2385.313;103169.73;113415.76;97191.91;16223.85;10246.03;5977.82;2583.023;86914.479;;;367.239;0.99
"1980-07";;;;;;;;;;;;0;1
"2010-06";917.607;76857.198;95725.631;60729.534;34996.097;18868.433;16127.664;2942.39;76132.306;;75663.782;0;1
"2009-08";912.955;87684.808;105819.166;69058.94;36760.226;18134.358;18625.868;2728.398;69693.077;;73473.36;0;1
"2008-08";1001.343;87198.751;110595.077;79489.887;31105.19;23396.326;7708.864;3083.113;75472.885;;81155.092;0;1
"2007-12";1042.048;94477.121;117989.077;80500.534;37488.543;23511.956;13976.587;2587.675;82471.819;;82366.502;388.094;1.1
"2007-04";938.541;112490.65;135218.228;90815.181;44403.047;22727.577;21675.469;2813.297;77126.671;;81372.192;82.878;0.499
"2005-11";1061.633;87823.397;117578.95;75503.123;42075.827;29755.553;12320.274;2713.279;83089.267;;83680.214;296.157;1.165
"2004-06";1228.884;92540.996;113014.481;73595.803;39418.678;20473.485;18945.193;3193.598;82914.154;;83456.439;0;1
"2004-05";1316.539;85857.525;103627.272;75955.53;27671.742;17769.747;9901.995;2821.438;74825.78;;82724.132;102.921;1.312
"2002-05";1503.212;97776.827;116476.313;90297.646;26178.667;18699.486;7479.181;2452.767;77611.642;;86698.204;95.536;1.218
"2001-01";1584.006;92936.956;113831.899;91499.025;22332.874;20894.943;1437.931;2352.749;94803.108;;90050.628;343.191;0.925
"2000-10";1599.125;86179.13;107472.83;84694.312;22778.518;21293.7;1484.818;3097.069;98832.903;;98242.049;127.436;1.023
"1999-04";1642.156;79728.624;93290.045;73938.888;19351.157;13561.421;5789.736;2648.151;85725.893;;92158.185;167.62;1.009
"1997-12";2015.479;92929.556;109404.573;89527.74;19876.833;16475.017;3401.816;2410.899;90294.157;;88931.7;332.154;0.941
"1997-04";1956.166;84390.679;101905.549;84555.915;17349.634;17514.87;-165.236;2748.169;82547.414;;88385.526;185.552;1.117
"1996-01";2645.825;82971.108;97034.905;77983.802;19051.103;14063.797;4987.306;2215.515;84901.326;;86437.947;354.81;0.956
"1994-03";3204.065;74270.877;92970.22;72065.295;20904.925;18699.343;2205.582;2027.109;82029.879;;89180.495;208.649;0.816
"1992-12";3047.06;90429.602;103669.82;78214.076;25455.744;13240.218;12215.526;2537.666;87021.475;;96180.297;353.2;1.001
"1992-10";3070.32;96824.038;109927.923;72994.532;36933.391;13103.885;23829.506;2435.322;84657.096;;97943.466;209.843;1.685
"1992-02";3035.43;87101.013;98950.366;67336.537;31613.829;11849.353;19764.476;2635.358;85235.107;;99291.362;333.546;1.043
"1992-01";3233.14;103103.112;116484.917;84037.217;32447.7;13381.805;19065.895;2733.05;96880.226;;100731.048;434.357;1.171
"1991-10";3326.18;99735.391;108862.615;72736.346;36126.269;9127.224;26999.045;2514.406;90398.827;;101509.313;171.849;1.38
"1991-05";3326.18;78808.369;91397.844;66910.879;24486.965;12589.475;11897.49;2230.634;77237.156;;103080.474;143.296;1.827
"1989-04";3477.37;87392.472;97968.794;72495.605;25473.189;10576.322;14896.867;2029.435;70961.608;;;234.175;1.41
"1989-02";3256.4;67790.107;76924.309;55904.247;21020.062;9134.202;11885.86;1977.1;81533.278;;;303.151;0.948
"1986-03";3247.096;84567.545;93835.492;64536.033;29299.459;9267.947;20031.512;2755.147;75419.387;;;319.462;1.249
"1986-01";3643.679;75421.713;87508.772;70804.603;16704.169;12087.059;4617.11;2141.083;80362.137;;;386.648;1.042
"1985-10";3371.537;87104.048;99678.404;76484.695;23193.709;12574.356;10619.353;2423.692;77891.925;;;151.161;1.214
"1985-06";3057.527;57918.563;68157.615;55803.066;12354.549;10239.052;2115.497;2424.855;64554.641;;;0;1
"1984-05";2664.433;77767.484;88003.047;70576.655;17426.392;10235.563;7190.829;2646.988;70030.045;;;172.552;2.2
"1983-11";2307.392;73990.06;83811.595;63027.622;20783.973;9821.535;10962.438;2205.048;85509.575;;;271.731;1.069
"1983-10";2408.573;75767.124;90923.34;72176.943;18746.397;15156.216;3590.181;2602.794;73870.271;;;156.911;1.26
"1981-11";2215.515;87783.24;97773.41;81851.94;15921.47;9990.17;5931.3;3086.602;96411.537;;;280.073;1.102
