"Période";"1. Production de combustibles minéraux solides (en GWh)";"2. Solde importateur (importations - exportations) de combustibles minéraux solides (en GWh)";"2.1 Importations de combustibles minéraux solides (en GWh)";"2.2 Exportation de combustibles minéraux solides (en GWh)";"3. Variation de stocks de combustibles minéraux solides (en GWh)";"4. Consommation réelle de combustibles minéraux solides (en GWh)";"5. Consommation de combustibles minéraux solides CVC-CJO (en GWh)";"6. Consommation de combustibles minéraux solides CVS-CVC-CJO (en GWh)";"7. Degrés jours unifiés mensuels en France, pour la période de chauffe (vaut 0 de juin à septembre, en °C)";"8. Indice de rigueur climatique pour la France métropolitaine (ref.1 pour la période de référence) (sans unité)"
"PERIODE";"PROD_CMS_SYNT";"QSOLI_CMS_SYNT";"QIMP_CMS_SYNT";"QEXP_CMS_SYNT";"VSTO_CMS_SYNT";"CI_CMS_SYNT";"CI_CMS_SYNT_COR1";"CI_CMS_SYNT_COR2";"DJU";"INDRIG"
"2022-06";0;6104.896;6116.022;11.126;541.601;5313.739;5313.958;6078.007;0;1
"2022-08";0;5595.452;5606.485;11.033;437.088;5340.031;5339.802;5983.497;0;1
"2022-12";0;4789.362;4801.955;12.593;-903.354;6808.308;6975.21;6027.773;339.35;0.962
"2022-09";0;4534.44;4562.34;27.9;1089.12;4774.243;4745.679;4968.237;0;1
"2021-06";0;6484.848;6572.998;88.15;-137.656;5789.674;5719.987;6360.864;0;1
"2020-03";0;4443.637;4449.06;5.424;1069.597;5403.932;5618.798;5644.527;246.202;0.963
"2023-01";0;5033.791;5415.183;381.392;927.853;5507.267;6116.795;5244.642;336.034;0.906
"2021-04";0;6240.837;6563.766;322.929;91.49;5870.033;5811.106;6397.33;212.419;1.279
"2021-08";0;6397.206;6403.68;6.473;-744.586;5892.024;5801.381;6444.915;0;1
"2022-02";0;4350.765;4489.192;138.427;-2258.884;6967.811;8005.37;7075.835;255.808;0.8
"2020-12";0;5301.538;5926.677;625.14;-255.649;7112.599;7663.001;6809.496;318.167;0.902
"2020-01";0;3924.63;3972.86;48.23;-2720.163;6829.447;7817.845;7033.188;317.101;0.855
"2022-11";0;3929.428;3936.295;6.867;1130.975;5362.011;5993.651;5549.195;195.907;0.771
"2020-10";0;3867.772;3967.071;99.298;-122.546;5286;5209.868;5161.252;131.438;1.055
"2022-05";0;4853.309;4879.832;26.523;-0.944;5456.505;5384.081;5896.336;37.956;0.484
"2021-01";0;6141.272;6149.346;8.074;-1820.586;7818.308;7740.086;6945.761;385.513;1.039
"2020-11";0;5965.154;6055.69;90.537;468.626;5715.486;6222.83;5743.417;206.465;0.812
"2020-07";0;6252.194;6292.669;40.476;-1052.293;4697.799;4608.177;5119.256;0;1
"2021-10";0;6227.883;6381.466;153.583;-190.364;7048.153;7188.666;6802.958;125.254;1.006
"2019-02";0;7052.627;7064.296;11.669;-10.942;6606.937;7542.617;6649.976;262.159;0.82
"2018-02";0;8695.581;8709.616;14.035;-1964.469;9425.025;8010.472;7120.263;397.119;1.242
"2020-06";0;3137.788;3265.56;127.772;-385.315;3649.544;3649.76;4416.211;0;1
"2019-11";0;6201.597;6212.911;11.314;-1350.291;6786.145;6891.922;6274.066;258.921;1.019
"2018-10";0;9552.567;9711.252;158.685;541.753;8514.343;8501.101;7795.703;108.323;0.87
"2021-12";0;3392.304;4902.408;1510.103;638.094;7046.758;7433.477;6514.809;318.72;0.903
"2020-09";0;6883.888;6927.155;43.266;970.171;5521.937;5431.657;5750.3;0;1
"2019-12";0;6153.895;6166.419;12.524;-1104.474;6347.978;7493.026;6660.949;293.701;0.832
"2020-05";0;4302.447;4305.493;3.046;348.455;4394.053;4572.907;5377.45;58.632;0.747
"2018-12";0;8614.544;8618.02;3.476;1174.104;7406.162;8546.354;7759.926;302.835;0.858
"2018-05";0;8986.368;8999.224;12.856;-538.363;7235.729;7258.659;8175.539;56.532;0.721
"2019-09";0;5882.133;6169.394;287.261;446.232;5870.663;5938.225;6268.282;0;1
"2019-07";0;7599.672;7742.155;142.483;-121.736;6358.63;6190.863;6589.034;0;1
"2018-09";0;7538.225;7574.533;36.308;771.583;7498.479;7721.326;8028.988;0;1
"2022-07";0;5311.193;5339.82;28.627;1500.004;5081.176;5308.106;5890.435;0;1
"2022-03";0;7241.083;7464.131;223.047;1190.749;7094.197;7817.345;7753.175;222.74;0.871
"2022-01";0;8210.175;8934.08;723.906;-487.182;7483.448;7242.948;6415.484;385.801;1.04
"2020-04";0;3640.786;4081.657;440.871;-727.125;4122.118;4122.118;4694.267;89.303;0.538
"2018-08";0;9709.315;9724.055;14.74;-157.764;7172.327;7082.805;7902.993;0;1
"2021-11";0;5722.085;5731.998;9.913;-799.876;7086.631;6718.132;6299.44;288.403;1.135
"2021-05";0;4542.325;4584.759;42.434;-875.331;5407.811;5430.783;6159.106;116.452;1.485
"2019-04";0;7063.743;7071.707;7.965;532.78;6129.909;6081.646;6722.89;164.844;0.992
"2018-07";0;8049.92;8062.776;12.856;-938.647;8566.714;8477.32;9036.897;0;1
"2018-01";0;9006.153;9026.066;19.914;-8348.281;8411.849;10316.236;9168.557;275.94;0.744
"2020-08";0;1804.81;1941.761;136.951;-205.605;4574.662;4642.305;5286.944;0;1
"2019-03";0;7510.953;7520.194;9.241;534.43;6368.365;7442.132;7500.835;221.345;0.865
"2021-03";0;6722.56;7509.419;786.859;1741.303;6639.143;6285.512;6249.446;260.78;1.02
"2019-08";0;6547.77;6994.358;446.588;-16.365;6147.836;6214.736;6883.03;0;1
"2017-11";0;11093.69;11142.824;49.134;3113.889;9179.317;8819.882;7808.721;273.605;1.076
"2023-02";0;6177.968;6258.4;80.431;929.022;5248.944;5640.55;4703.653;292.236;0.914
"2022-10";0;6064.057;6153.5;89.443;802.373;4713.012;5684.411;5280.126;37.95;0.305
"2022-04";0;6527.165;6535.333;8.169;1869.925;4891.613;4990.806;5527.056;162.673;0.979
"2021-09";0;5357.852;5790.263;432.412;-1249.581;6909.38;6819.138;7157.489;0;1
"2021-07";0;4814.431;4872.358;57.927;95.373;5741.681;5809.275;6342.747;0;1
"2021-02";0;4119.119;4412.698;293.579;-2624.092;6437.118;7409.342;6462.274;260.675;0.815
"2019-10";0;7826.223;8114.793;288.571;1549.585;5924.778;6108.458;6001.273;87.554;0.703
"2019-06";0;5116.518;5129.864;13.346;-600.875;6342.957;6658.342;7526.626;0;1
"2019-05";0;6254.488;6274.344;19.855;662.843;6212.809;6212.809;6894.161;107.094;1.365
"2018-04";0;6479.091;6489.45;10.359;-786.368;7487.074;7585.284;8264.403;109.397;0.659
"2017-12";0;8060.91;8075.396;14.486;-1777.697;8233.02;8438.088;7662.886;354.569;1.005
"2020-02";0;5795.407;5855.863;60.456;28.679;6175.219;7521.906;6610.37;230.482;0.721
"2018-06";0;8978.58;8992.167;13.587;390.984;7520.518;7520.734;8552.09;0;1
"2018-03";0;7425.904;7442.413;16.51;1175.358;9016.82;8168.91;8170.646;284.173;1.111
"2019-01";0;6147.823;6153.903;6.08;-700.251;7552.786;7003.216;6156.347;393.349;1.06
"2018-11";0;8705.218;8894.963;189.745;208.977;8211.779;8208.078;7378.986;239.74;0.943
"2017-03";0;9089.241;9103.991;14.75;3724.018;7720.911;9270.435;9162.843;192.829;0.754
"2017-05";0;9987.97;10041.597;53.627;-1808.874;8456.327;8322.106;9389.835;65.8;0.839
"2016-01";0;7275.995;7359.65;83.655;-1566.487;8947.624;10068.743;8539.83;325.637;0.878
"2013-07";98.913;9618.312;9791.088;172.775;-375.48;8260.47;7950.531;9537.488;0;1
"2013-03";155.435;10283.944;10435.122;151.178;-2491.041;13782.897;11883.419;10728.667;328.805;1.286
"2013-02";117.754;12291.014;12312.611;21.597;-3000.342;12943.653;11797.243;10961.707;383.934;1.201
"2012-04";113.044;11366.569;11589.737;223.168;-2077.444;10976.125;;11328.478;203.518;1.225
"2012-02";113.044;12320.648;12493.981;173.334;-5721.879;12635.247;;9051.335;447.752;1.401
"2011-11";164.855;10994.165;11102.707;108.543;-4867.632;11505.388;;11012.898;198.874;0.782
"2009-10";32.971;10616.271;10956.472;340.201;-5255.167;12809.05;;11152.811;134.189;1.078
"2008-12";75.362;13095.578;13573.175;477.598;-2595.444;10297.734;;8042.219;403.777;1.144
"2007-04";4.71;12324.241;13041.684;717.443;-2236.484;13846.51;;13452.429;82.878;0.499
"2005-03";348.551;14036.875;14524.463;487.588;-384.941;14392.554;;12840.343;278.725;1.09
"2003-06";1319.447;8196.533;8645.835;449.302;309.23;11089.463;;12862.061;0;1
"2003-01";1519.332;12916.708;13171.58;254.871;-910.478;15202.958;;11591.056;422.876;1.14
"2001-11";1472.846;8882.04;9411.682;529.642;-4453.964;15177.831;;13523.443;307.383;1.209
"2001-10";1715.925;9804.695;10427.388;622.693;4999.818;10536.138;;10428.588;50.908;0.409
"1997-09";5219.742;9526.749;10010.906;484.157;-1462.705;16209.196;;14643.735;0;1
"1997-01";4377.218;8569.984;8990.409;420.425;-8253.416;21200.618;;15962.478;459.215;1.238
"1993-07";4937.558;8700.198;9216.106;515.908;;;;;0;1
"1993-04";6304.986;6835.806;7471.345;635.539;;;;;156.559;0.943
"2015-12";0;10102.075;10256.788;154.712;4566.876;8387.233;10464.879;9638.551;231.356;0.656
"2014-02";174.276;8884.087;9198.725;314.638;1091.569;7629.462;8800.46;7865.631;259.738;0.812
"2010-06";94.203;10241.273;10442.403;201.129;2136.866;8376.088;;9711.849;0;1
"2008-05";4.71;13112.86;13755.034;642.174;5218.451;9902.728;;11847.332;35.014;0.446
"2006-03";343.841;12688.086;13270.365;582.279;-582.593;15349.493;;13142.288;299.017;1.169
"2002-09";1719.298;9819.802;10049.169;229.367;2698.16;12838.707;;13409.786;0;1
"2002-07";1286.557;8138.395;8336.733;198.338;-1293.744;11152.853;;12464.719;0;1
"2000-10";2686.854;10492.947;11042.01;549.064;-50.673;15194.89;;15193.289;127.436;1.023
"1998-07";1636.446;8714.08;9057.049;342.969;-2679.005;15655.041;;17083.566;0;1
"1996-07";3524.797;10574.636;10900.369;325.733;5.303;14094.13;;14962.381;0;1
"1996-06";4909.488;10047.669;10394.999;347.33;-1118.492;16075.649;;15717.164;0;1
"1994-04";4553.601;8752.163;9394.079;641.916;;;;;218.931;1.318
"1992-05";5759.362;11323.324;11871.856;548.532;;;;;59.697;0.761
"1991-07";5739.154;9118.548;9768.231;649.683;;;;;0;1
"2015-10";0;8867.468;9069.039;201.571;19.783;8968.412;8677.303;7606.065;153.532;1.233
"2015-06";0;5903.121;5903.121;0;-1540.894;6485.032;6329.726;7938.227;0;1
"2014-12";0;7100.487;7561.221;460.734;-2030.714;9462.199;9543.234;8752.607;346.389;0.982
"2013-12";80.073;13736.146;13822.534;86.388;-378.34;9971.23;10365.11;9509.98;341.833;0.969
"2013-09";160.145;11228.73;11365.511;136.78;-1597.462;10934.513;11018.599;11320.027;0;1
"2012-09";89.493;11932.159;12016.372;84.213;39.216;9309.32;;9863.609;0;1
"2011-10";98.913;8008.36;8143.524;135.164;-2196.395;10573.324;;9327.309;108.5;0.871
"2010-07";75.362;13294.695;13354.508;59.813;2025.399;9227.47;;10899.319;0;1
"2009-03";65.942;11909.504;12118.948;209.445;2222.493;10254.595;;9127.727;276.464;1.081
"2008-10";178.986;14370.389;15016.97;646.581;2942.297;14364.838;;12596.175;156.372;1.256
"2006-10";150.725;12283.187;12904.822;621.635;1776.273;11609.597;;11714.551;52.587;0.422
"2005-10";216.667;11680.998;12089.897;408.899;1208.392;12892.514;;13413.215;51.592;0.414
"2003-10";1738.22;11183.234;11646.991;463.758;919.677;13812.298;;13808.996;195.283;1.568
"2002-10";1339.439;12431.237;12811.875;380.638;-1744.128;14468.142;;14427.435;122.663;0.985
"2002-04";652.966;13317.083;13502.139;185.057;-504.091;12879.47;;12930.528;165.079;0.994
"2002-02";1361.571;9642.142;10123.473;481.331;1211.718;14852.865;;15308.067;242.195;0.758
"2000-08";1069.146;10211.663;10695.902;484.238;497.338;11392.724;;14403.695;0;1
"2000-04";2348.097;9538.426;10022.664;484.238;-397.002;15336.489;;15650.971;177.03;1.066
"1997-02";4330.012;7658.809;8074.279;415.47;-3652.878;15641.699;;16078.669;257.864;0.807
"1996-05";5048.49;19787.27;20167.862;380.592;1142.554;23693.206;;15410.331;126.237;1.609
"1994-12";5287.835;7962.138;8596.589;634.451;;;;;306.323;0.868
"1992-09";6971.859;12540.144;13201.389;661.245;;;;;0;1
"1992-02";7328.872;12909.809;13540.997;631.188;;;;;333.546;1.043
"2013-08";9.891;9606.892;9729.274;122.382;-2159.429;9425.957;9510.01;11066.364;0;1
"2013-04";150.725;12278.279;12362.492;84.213;535.434;9972.027;9898.67;10207.367;194.076;1.168
"2010-03";94.439;13489.37;13608.461;119.091;403.594;12538.807;;10626.516;286.275;1.119
"2009-08";14.13;6623.052;7416.463;793.41;536.05;8048.891;;10704.012;0;1
"2006-02";320.29;14219.443;14634.983;415.54;1404.997;15248.619;;12948.882;371.281;1.161
"2005-07";169.565;11428.72;12293.387;864.667;-987.736;11632.752;;12931.339;0;1
"2005-04";259.058;13039.219;14143.685;1104.466;751.345;13698.481;;13063.799;168.5;1.014
"2005-02";287.319;13589.318;14101.794;512.476;-2921.293;14754.456;;12156.268;382.496;1.197
"2004-11";273.189;13539.948;14133.904;593.956;-1689.804;12337.907;;11451.487;277.279;1.091
"2004-02";490.228;10886.994;11440.431;553.437;-1783.728;13211.128;;11516.447;329.034;1.029
"2002-01";1651.297;8534.792;8832.857;298.065;-5077.96;16703.516;;14725.574;356.37;0.961
"2001-03";2245.334;10317.857;10818.168;500.311;2079.584;11935.513;;12686.36;216.691;0.847
"2000-01";3102.547;9940.58;10464.709;524.129;-3836.597;20775.587;;16994.926;393.354;1.06
"1996-10";6057.497;13365.266;13898.687;533.422;2067.523;17355.24;;15645.746;134.946;1.084
"1995-10";5153.079;9093.683;9623.22;529.537;-2503.741;16750.503;;14755.955;58.615;0.471
"1995-02";4591.582;9388.445;9935.172;546.726;920.294;13059.734;;10742.693;238.149;0.745
"1994-07";4007.977;8583.003;9075.636;492.633;;;;;0;1
"1994-05";4890.406;4930.843;5572.759;641.916;;;;;76.119;0.97
"1991-05";6992.068;11168.652;11922.882;754.23;;;;;143.296;1.827
"2015-09";0;5734.102;5788.402;54.3;13.363;7733.517;7644.707;7777.105;0;1
"2017-08";0;9434.595;9441.779;7.184;487.12;7243.646;7153.654;8160.875;0;1
"2015-03";0;6950.832;7037.22;86.388;-3574.248;9770.788;9689.819;9025.745;257.449;1.007
"2011-01";18.841;9095.09;9231.871;136.78;-2199.163;9132.779;;7308.309;380.373;1.025
"2008-11";131.884;14639.635;15564.127;924.492;3611.731;9875.413;;8855.886;266.518;1.048
"2008-07";89.493;15913.492;16878.119;964.627;2510.44;11308.655;;12498.084;0;1
"2008-04";75.362;14759.203;15806.426;1047.223;3270.984;14159.634;;13556.883;193.732;1.166
"2007-02";174.276;12426.027;12978.906;552.879;-1309.829;12300.99;;12614.918;243.557;0.762
"2001-07";633.405;8811.283;9128.213;316.929;-312.498;11319.208;;12781.007;0;1
"2001-05";1820.432;11455.027;11908.794;453.768;1607.51;11682.434;;13991.01;65.332;0.833
"2000-11";2577.268;12786.045;13328.457;542.412;1712.841;14853.615;;12984.999;237.709;0.935
"1999-10";3976.297;8082.466;8613.783;531.317;-1751.873;15121.238;;15010.646;128.865;1.035
"1998-08";3188.585;10736.967;11015.099;278.131;5064.423;12772.994;;16157.906;0;1
"1996-12";3666.392;9931.171;10397.057;465.886;-5194.923;18792.487;;15117.703;413.182;1.171
"1995-07";3514.202;7007.901;7383.468;375.568;-2148.945;12671.048;;15495.926;0;1
"1994-11";5523.599;9279.583;9951.355;671.772;;;;;175.026;0.689
"1994-08";3597.075;5934.133;6426.766;492.633;;;;;0;1
"1993-08";3617.284;5373.391;6008.93;635.539;;;;;0;1
"1992-12";6992.068;11180.828;11676.762;495.933;;;;;353.2;1.001
"1992-10";7719.566;11892.44;12673.911;781.471;;;;;209.843;1.685
"1992-04";6897.762;13315.315;13923.961;608.646;;;;;197.517;1.189
"2014-06";122.464;6702.509;6824.891;122.382;-1529.554;6868.799;7030.24;8724.501;0;1
"2012-12";108.333;12603.675;12610.874;7.199;1233.78;9970.192;;9929.355;325.45;0.922
"2011-07";18.841;10833.136;10968.858;135.722;3012.949;6848.301;;8716.707;0;1
"2010-12";117.754;11856.087;12238.191;382.104;-3247.898;13337.896;;10048.005;468.628;1.328
"2010-01";117.754;11817.441;12018.57;201.129;-1834.798;14092.639;;10474.511;475.215;1.281
"2009-02";113.044;10653.033;11126.223;473.19;-5423.464;12163.392;;10784.868;342.672;1.072
"2007-07";183.696;10238.808;10917.977;679.169;829.51;11865.773;;12914.991;0;1
"2007-05";155.435;9521.76;10087.467;565.706;76.653;12783.992;;14835.307;60.382;0.77
"2005-08";131.884;12435.843;12838.101;402.258;3293.872;8735.512;;11133.624;0;1
"2005-01";249.638;14288.955;14783.184;494.228;-681.948;14054.744;;12450.613;367.051;0.989
"2003-09";1352.232;12051.25;12280.617;229.367;-2739.458;13026.269;;13253.365;0;1
"2003-04";1348.778;11179.047;11318.118;139.072;-3144.438;13189.032;;13080.381;152.871;0.92
"2003-03";1440.945;8549.097;8859.385;310.288;-1153.44;12595.73;;13867.404;208.185;0.814
"2002-03";591.199;12364.785;12608.55;243.765;-1263.634;12935.756;;13266.293;228.865;0.895
"2001-04";1977.472;13077.644;13570.198;492.554;233.763;12428.022;;12302.963;208.677;1.256
"1999-11";3351.673;10563.61;11134.271;570.661;-644.453;17215.028;;15383.88;310.278;1.221
"1998-02";3919.322;8799.967;9170.057;370.09;612.075;15470.705;;14005.269;291.746;0.913
"1998-01";3271.6;8212.524;8474.002;261.477;-3683.605;15752.587;;13331.167;352.219;0.949
"1995-09";5927.253;7786.145;8238.704;452.558;-2691.577;16404.976;;18579.073;0;1
"1994-02";5355.196;7430.223;7990.033;559.81;;;;;309.982;0.97
"2016-02";0;9859.042;10667.676;808.634;1338.747;8136.547;8238.166;7218.158;293.966;0.92
"2013-11";122.464;13140.376;13269.958;129.581;-587.257;11710.476;11642.576;10484.362;280.871;1.105
"2011-02";51.812;10271.244;10364.83;93.587;-1936.93;9812.308;;9653.542;290.502;0.909
"2010-09";108.333;11357.276;11388.294;31.017;1587.96;8920.82;;8955.65;0;1
"2009-04";9.42;10244.553;10441.228;196.675;3826.41;6983.451;;6820.638;135.179;0.814
"2008-08";37.681;10426.656;11071.562;644.907;3422.523;9314.53;;12297.502;0;1
"2007-10";103.623;12199.521;12784.045;584.524;-1000.866;12925.528;;11413.887;157.386;1.264
"2004-06";315.58;9797.054;10373.82;576.767;-838.43;11014.898;;12607.248;0;1
"2002-06";798.632;10828.298;11175.697;347.4;-371.846;10424.341;;12368.201;0;1
"2000-03";3272.67;12468.825;13046.708;577.883;5221.533;14469.437;;13120.362;260.986;1.02
"1999-05";3000.261;10181.274;10412.304;231.03;5602.95;10558.514;;13477.68;43.377;0.553
"1997-07";2800.539;7681.115;8020.723;339.608;1328.844;9152.81;;11144.626;0;1
"1996-04";5152.567;9066.376;9456.888;390.512;1578.435;12640.507;;13912.353;177.954;1.071
"1995-04";4556.553;6886.414;7496.814;610.401;-2368.415;13811.381;;13668.372;187.29;1.128
"1993-03";7456.858;12411.067;13024.175;613.108;;;;;283.709;1.109
"1992-03";6877.554;17117.485;17688.56;571.075;;;;;259.755;1.016
"2016-08";0;5008.464;5128.277;119.813;-511.184;6915.672;6828.781;8019.558;0;1
"2013-10";141.305;12349.06;12521.835;172.775;-195.384;11331.168;11618.054;10306.166;82.676;0.664
"2013-06";150.725;8278.49;8508.857;230.367;-177.637;6820.049;7018.238;8766.727;0;1
"2012-10";98.913;14268.359;14333.708;65.349;2219.446;11422.69;;9759.75;123.606;0.993
"2012-07";141.305;8798.479;9138.563;340.084;-999.203;9649.852;;11193.37;0;1
"2011-12";117.754;9609.916;9982.203;372.288;4023.026;8349.653;;8454.331;296.789;0.841
"2011-06";23.551;8022.711;8133.487;110.776;1814.42;7195.604;;9064.052;0;1
"2011-04";37.681;9319.701;9465.343;145.642;-188.15;8455.233;;8672.533;83.526;0.503
"2011-03";80.073;8544.27;8595.221;50.951;-2896.928;10055.058;;9264.544;240.988;0.942
"2010-11";103.623;12895.123;13276.668;381.545;-1966.261;11387.514;;10087.057;276.919;1.089
"2009-05";9.42;6071.232;6412.549;341.317;-347.609;6218.315;;8311.635;59.968;0.764
"2005-12";287.319;9634.978;10113.076;478.098;-6447.463;16398.02;;13759.728;420.387;1.191
"2003-11";746.716;9503.024;10027.107;524.083;-1701.725;13333.752;;12320.686;229.229;0.902
"2001-12";957.893;11009.667;11491.103;481.435;-4019.037;16227.211;;13382.321;428.734;1.215
"2001-02";1914.903;10605.269;11044.639;439.37;1761.375;11629.047;;10326.42;297.987;0.932
"2000-02";3186.446;14211.674;14729.709;518.035;-2385.29;17466.37;;16469.077;276.458;0.865
"1999-04";3711.086;11303.709;11581.282;277.573;3272.194;11792.661;;12087.205;167.62;1.009
"1999-01";3590.821;9747.58;9947.023;199.443;-1696.887;17828.459;;15804.292;331.899;0.895
"1996-09";5181.177;6095.074;6524.93;429.856;-1802.371;13078.621;;14831.357;0;1
"1995-11";5237.35;9686.464;10165.597;479.133;-3205.065;18128.879;;14455.742;266.848;1.05
"1993-12";5806.515;6783.827;7688.535;904.708;;;;;310.997;0.881
"1993-02";6581.166;15503.595;16079.318;575.723;;;;;372.469;1.165
"1993-01";6446.444;8604.422;9172.668;568.246;;;;;322.988;0.871
"2017-02";0;10531.834;10819.242;287.408;2969.176;9173.024;10226.992;9302.441;255.264;0.799
"2017-10";0;9741.057;9761.702;20.645;-291.263;8793.431;9134.142;8300.733;87.921;0.706
"2015-08";0;8556.133;8556.133;0;1326.913;6814.515;6881.366;8201.844;0;1
"2013-01";146.015;10702.589;10724.186;21.597;464.374;13109.372;12371.028;10689.367;402.257;1.084
"2012-11";122.464;14830.378;14851.975;21.597;646.326;10765.725;;9466.494;252.212;0.992
"2012-08";160.145;11582.491;11627.36;44.869;868.889;8786.217;;10447.344;0;1
"2012-05";122.464;9010.122;9267.668;257.546;-2757.415;8702.102;;10323.629;73.287;0.934
"2010-08";103.623;9806.032;9875.289;69.257;2865.027;5944.804;;8163.952;0;1
"2009-01";113.044;8613.306;9206.087;592.781;-1476.812;12173.206;;8610.129;456.461;1.23
"2007-09";113.044;9904.05;10635.902;731.853;7.676;12385.498;;12845.741;0;1
"2006-12";113.044;13002.352;13611.764;609.412;-1779.913;13192.781;;12181.494;350.907;0.994
"2006-07";80.073;10610.433;11082.506;472.073;-1138.821;11306.918;;12670.396;0;1
"2006-06";146.015;9670.333;10173.994;503.66;1537.416;10903.089;;12338.224;0;1
"2005-05";273.189;11944.475;12631.401;686.926;5395.541;11827.83;;13485.773;84.077;1.072
"2004-01";564.706;14690.795;15403.342;712.547;-1128.459;13038.694;;11446.466;366.599;0.988
"2001-06";1514.784;11157.147;11487.905;330.757;-1240.63;11560.833;;13763.878;0;1
"1999-06";3309.363;10574.88;10920.593;345.713;1315.551;11694.855;;13884.049;0;1
"1998-11";3344.904;10716.475;11063.852;347.376;-3868.801;17626.98;;15795.673;345.189;1.358
"1997-12";2473.666;8837.358;9214.623;377.266;-5987.089;17298.113;;14197.543;332.154;0.941
"1997-06";4799.445;6863.293;7228.906;365.612;2074.699;9588.039;;12994.906;0;1
"1995-03";6742.527;7720.971;8462.081;741.11;-701.149;15164.648;;12329.576;299.294;1.17
"1991-09";8042.899;15384.195;16130.958;746.762;;;;;0;1
"2016-12";0;10668.934;10851.21;182.276;7.321;9699.731;9276.527;8512.539;373.202;1.058
"2016-04";0;4997.278;5074.356;77.077;-2073.514;6586.462;6530.417;7157.447;191.505;1.153
"2014-03";174.276;13559.44;13782.666;223.226;-1601.998;9084.9;10022.985;9043.13;228.332;0.893
"2013-05";141.305;13181.814;13363.463;181.649;2388.942;7664.008;7693.017;9276.448;140.301;1.789
"2009-09";14.13;9734.88;10270.127;535.247;-3157.661;11420.579;;11425.768;0;1
"2004-12";310.87;13551.136;14074.161;523.024;4.594;13135.296;;11674.101;392.699;1.113
"2000-12";1625.517;11232.905;11727.122;494.217;-3038.014;14961.438;;13130.563;279.898;0.793
"1999-03";3389.436;12251.251;12535.465;284.214;4861.747;16111.679;;15601.766;243.719;0.953
"1995-12";4206.315;8161.911;8508.113;346.202;-146.189;12514.415;;12341.297;393.291;1.115
"1993-05";6015.334;10586.195;11214.257;628.062;;;;;71.011;0.905
"2017-01";0;11317.554;11436.187;118.633;-1426.937;11825.576;10123.015;8787.67;452.737;1.22
"2016-11";0;8569.923;8646.82;76.896;-433.332;9789.51;9781.476;8657.942;256.744;1.01
"2014-08";103.623;7703.642;7746.836;43.194;1384.214;6473.175;6702.946;8096.495;0;1
"2014-05";103.623;5519.342;5591.332;71.99;-11.537;7012.623;7036.212;8642.637;86.091;1.097
"2014-04";136.594;7483.603;7851.308;367.706;-909.268;8255.947;8195.627;8609.336;126.308;0.76
"2011-09";18.841;10991.85;11088.786;96.936;846.617;8157.246;;8320.823;0;1
"2011-08";42.391;9750.592;9931.183;180.591;2676.551;6902.297;;8863.067;0;1
"2011-05";28.261;12032.572;12090.164;57.592;1837.61;9395.286;;10468.702;45.445;0.579
"2009-06";0;7717.994;8359.609;641.615;-118.045;7635.226;;9052.024;0;1
"2008-03";103.623;9936.184;10637.065;700.882;827.184;12900.52;;11972.994;282.251;1.104
"2008-02";117.754;11976.783;12593.953;617.169;-108.822;12758.057;;12246.505;283.622;0.887
"2005-06";226.087;10114.983;10967.485;852.502;2082.049;10952.798;;12311.543;0;1
"2004-03";754.717;11705.083;12399.825;694.741;-4223.248;14588.733;;11775.899;296.857;1.161
"2003-12";638.196;11847.679;12134.137;286.459;554.484;13356.791;;12240.721;352.74;1
"2003-08";946.252;10670.141;10907.207;237.066;789.596;12063.125;;14398.965;0;1
"2003-07";914.083;8688.517;8988.815;300.298;-2497.24;11078.332;;12288.782;0;1
"1999-08";2004.768;10501.169;10737.735;236.566;330.571;10337.167;;13611.765;0;1
"1998-09";3607.01;9130.097;9565.024;434.927;2005.768;13333.761;;14881.201;0;1
"1997-04";4483.842;9873.998;10222.444;348.446;5376.828;8981.012;;12371.382;185.552;1.117
"1996-08";2668.038;8906.37;9278.077;371.706;5011.181;6563.228;;11094.5;0;1
"1995-06";5291.01;10377.088;10951.494;574.406;-348.947;16017.045;;16035.293;0;1
"1995-01";5869.335;5978.564;6456.022;477.458;-633.509;12481.409;;12748.348;363.155;0.979
"1992-11";7396.233;12075.952;12594.428;518.476;;;;;220.729;0.868
"1991-06";6850.61;11129.066;11763.814;634.748;;;;;0;1
"2016-10";0;7827.826;8036.458;208.632;-1827.933;9385.873;9221.723;8225.171;155.904;1.252
"2014-09";122.464;11315.222;11387.77;72.548;1948.083;8006.403;7913.989;8086.491;0;1
"2010-10";160.145;9044.581;9073.935;29.354;-476.167;11375.407;;9558.112;157.625;1.266
"2010-04";84.783;12316.786;12361.655;44.869;1701.481;10884.946;;10779.844;158.138;0.952
"2008-09";141.305;14793.476;15575.222;781.745;131.78;12053.462;;12144.564;0;1
"2007-11";141.305;10284.595;10885.192;600.596;-6765.183;14306.817;;12747.077;297.441;1.17
"2007-03";160.145;11999.066;12763.623;764.556;-31.773;13602.045;;12686.776;264.952;1.036
"2007-01";169.565;11024.333;11606.065;581.733;-3030.092;13295.251;;12753.558;298.495;0.805
"2006-11";141.305;11614.579;12535.837;921.259;218.435;12401.518;;11931.555;205.914;0.81
"2006-09";141.305;11946.557;12387.601;441.044;290.959;11473.994;;11831.695;0;1
"2006-08";84.783;10881.319;11449.154;567.835;2039.181;9739.767;;12214.006;0;1
"2002-11";984.119;12179.971;12794.872;614.901;3374.107;10872.184;;9614.541;209.229;0.823
"2000-07";1019.928;8828.659;9238.116;409.457;369.276;12565.266;;14188.977;0;1
"1999-02";3301.629;10215.594;10508.682;293.088;-2545.144;17630.461;;14930.811;336.904;1.054
"1998-06";4386.987;9921.937;10232.214;310.277;2946.472;13728.449;;15680.979;0;1
"1996-01";6612.969;8239.808;8717.836;478.028;3297.547;11555.231;;12195.754;354.81;0.956
"1995-08";3458.483;9901.77;10255.183;353.412;838.918;12521.335;;15845.07;0;1
"1994-10";5907.556;6929.712;7526.843;597.131;;;;;135.113;1.085
"1993-11";5570.751;5567.799;6465.03;897.231;;;;;362.433;1.426
"1991-12";6385.819;14499.368;15104.245;604.877;;;;;410.254;1.163
"1991-04";8696.3;11685.33;12335.013;649.683;;;;;216.122;1.301
"1991-03";8177.621;10460.075;11214.305;754.23;;;;;210.812;0.824
"2016-07";0;7880.262;8090.26;209.998;433.569;6373.375;6590.385;7581.802;0;1
"2008-06";113.044;9481.823;10411.455;929.632;-3249.922;11832.992;;13124.688;0;1
"2006-05";131.884;14617.235;15127.536;510.301;2984.014;8996.423;;10826.47;69.934;0.892
"2004-08";310.87;9612.172;10170.133;557.961;294.006;10994.452;;13152.683;0;1
"2002-12";947.857;10833.81;11179.535;345.725;-51.521;12278.639;;11326.582;300.263;0.851
"2001-09";704.429;8722.081;9108.814;386.732;-2069.111;9345.723;;10218.235;0;1
"2001-08";367.363;9249.118;9541.101;291.983;5.624;8090.983;;10832.538;0;1
"2001-01";2165.767;14614.037;15138.166;524.129;2377.501;13781.239;;11742.789;343.191;0.925
"1999-09";4231.634;8800.444;9365.581;565.137;-1584.401;13507.096;;15052.198;0;1
"1998-12";2892.09;10482.212;10860.059;377.847;-885.404;17902.023;;15246.749;364.45;1.033
"1997-08";2792.91;8308.077;8588.929;280.853;2905.628;8195.359;;12680.717;0;1
"1997-05";3868.289;6942.063;7307.676;365.612;-90.063;10900.415;;12854.07;73.993;0.943
"1997-03";3803.685;12912.114;13221.217;309.102;6461.977;10253.822;;13045.923;206.567;0.808
"1996-11";5053.654;8912.592;9423.894;511.301;-2947.67;16913.916;;14329.505;283.921;1.117
"1996-03";4954.822;6151.084;6558.797;407.713;-2665.98;13771.885;;13633.903;312.457;1.222
"1994-09";5907.556;7811.762;8438.749;626.987;;;;;0;1
"1994-01";5894.084;7600.064;8286.765;686.7;;;;;342.6;0.924
"1992-07";4149.435;15662.793;16106.128;443.334;;;;;0;1
"1991-08";4519.92;17018.146;17540.88;522.734;;;;;0;1
"2017-07";0;8529.505;8588.656;59.152;-75.375;9219.516;9443.011;10145.797;0;1
"2016-09";0;8805.686;8965.328;159.642;-696.632;8781.085;8694.404;8898.625;0;1
"2017-04";0;10051.674;10193.307;141.634;318.255;8500.201;8755.608;9437.972;181.064;1.09
"2016-05";0;6909.743;7194.487;284.744;650.844;6587.646;6458.312;7767.272;80.834;1.03
"2016-03";0;9949.349;10055.717;106.368;-516.271;8354.707;7262.749;6878.004;292.283;1.143
"2015-11";0;9748.394;9817.092;68.698;-264.71;8439.279;9184.316;7955.287;184.449;0.726
"2015-01";0;9891.92;9891.92;0;-1582.052;10840.01;10924.341;9286.942;369.813;0.997
"2014-10";155.435;8773.195;9056.246;283.051;-3476.637;9208.553;9696.176;8511.063;69.506;0.558
"2009-07";9.42;7757.001;8455.15;698.149;-604.888;8354.566;;9760.312;0;1
"2007-08";207.247;12384.985;13043.673;658.688;1807.709;10327.732;;12850.64;0;1
"2006-04";174.276;12773.055;13244.57;471.515;5932.242;10350.01;;10070.075;172.824;1.041
"2004-10";216.667;19992.226;20617.769;625.543;8009;12121.689;;12266.062;106.239;0.853
"2004-09";306.16;13656.446;14207.208;550.762;-2407.457;12792.024;;13035.665;0;1
"2002-05";1332.647;13582.968;13836.711;253.743;5213.682;11387.004;;13290.842;95.536;1.218
"2000-05";2204.653;12723.057;13430.58;707.523;8129.847;9843.19;;12446.616;50.96;0.65
"1998-10";3685.477;8871.399;9264.202;392.803;6177.67;15857.956;;15565.96;142.192;1.142
"1996-02";5654.273;4831.218;5317.55;486.332;-3219.231;13704.722;;12970.359;388.753;1.216
"1995-05";4914.012;7963.573;8475.921;512.348;655.188;12222.397;;14703.951;89.811;1.145
"1993-09";5840.195;7525.358;8332.866;807.508;;;;;0;1
"1992-01";8831.022;12541.586;13165.26;623.674;;;;;434.357;1.171
"2016-06";0;6493.676;6865.395;371.72;-1230.3;6425.861;6273.461;7710.332;0;1
"2014-11";80.073;9940.952;10005.743;64.791;37.891;8932.278;9804.148;8580.403;188.089;0.74
"2014-07";103.623;7770.27;7827.862;57.592;1372.259;7136.645;7044.025;8533.322;0;1
"2012-01";84.783;10341.547;10677.166;335.619;6316.695;7779.205;;6693.703;338.038;0.911
"2010-05";71.594;12017.814;12087.629;69.815;-180.444;9748.183;;11406.04;123.951;1.58
"2010-02";98.913;13216.192;13565.255;349.063;-0.344;11035.633;;9642.627;349.36;1.093
"2009-12";211.957;13412.926;13749.719;336.793;2111.694;12528.813;;11026.648;379.273;1.075
"2009-11";98.913;11565.36;11919.285;353.924;-1887.572;11700.025;;11289.721;192.601;0.758
"2007-12";362.682;14513.135;14907.636;394.501;1063.11;15259.138;;13673.639;388.094;1.1
"2006-01";301.45;14770.705;15108.673;337.968;-1951.247;16054.939;;12976.665;425.11;1.146
"2005-09";230.797;12035.212;12467.942;432.729;185.522;12493.618;;12744.979;0;1
"2004-05";282.609;12920.407;13470.052;549.645;1744.384;11947.15;;13383.633;102.921;1.312
"2004-04";401.968;10708.439;11583.213;874.774;-1352.953;12627.257;;12104.675;175.608;1.057
"2003-05";1228.081;12665.175;13008.108;342.934;354.948;11020.054;;12568.228;73.531;0.937
"2003-02";1678.244;13417.357;13719.33;301.973;-4418.516;14554.248;;11894.613;360.232;1.127
"2002-08";765.929;10302.017;10431.656;129.64;827.521;9140.393;;11684.578;0;1
"2000-09";2207.156;10851.72;11347.03;495.31;-706.188;12615.044;;13923.52;0;1
"1999-12";3094.813;9156.846;9611.16;454.314;-3469.369;19278.979;;16465.215;351.902;0.997
"1998-05";3062.563;8727.199;9044.674;317.476;-553.018;13794.871;;16604.027;59.562;0.759
"1998-04";3583.459;9494.534;9882.383;387.849;-4380.474;18626.613;;18722.664;199.318;1.2
"1998-03";4310.636;9360.382;9737.136;376.754;-6261.383;19117.532;;18568.777;248.061;0.97
"1994-03";6177;5679.219;6462.953;783.734;;;;;208.649;0.816
"1993-06";7429.914;7199.572;8007.081;807.508;;;;;0;1
"1992-06";6466.652;14241.072;14827.175;586.103;;;;;0;1
"1991-11";6534.013;15196.443;15935.738;739.295;;;;;289.47;1.139
"2017-09";0;9553.252;9564.979;11.727;-759.661;8954.208;9021.743;9301.455;0;1
"2017-06";0;4901.727;4952.006;50.279;-1933.599;7343.429;7343.646;8565.618;0;1
"2015-07";0;7380.293;7812.232;431.938;-298.717;7454.586;7365.568;8610.734;0;1
"2015-05";0;9916.285;10067.463;151.178;1504.026;6975.116;7310.668;8765.588;74.613;0.951
"2015-04";0;9599.995;9599.995;0;1345.114;7866.784;7808.55;8329.805;141.988;0.855
"2015-02";0;9089.799;9132.992;43.194;-2745.715;10805.322;10253.715;9215.235;351.239;1.099
"2014-01";136.594;12224.979;12332.964;107.985;3724.605;9106.101;10444.833;8695.688;298.853;0.806
"2012-06";103.623;7958.421;8085.827;127.407;-2325.86;8424.555;;10184.675;0;1
"2012-03";108.333;7047.338;7214.089;166.751;-1703.074;10225.482;;10427.828;207.953;0.813
"2008-01";235.508;13585.829;14251.274;665.445;624.81;14481.017;;13529.009;317.75;0.857
"2007-06";211.957;12020.233;12907.23;886.997;1495.048;10852.75;;12199.664;0;1
"2005-11";226.087;12422.143;12808.887;386.744;-5931.498;14948.3;;13839.097;296.157;1.165
"2004-07";277.899;9953.617;10534.849;581.233;994.446;11377.453;;12423.265;0;1
"2000-06";1889.317;6880.703;7434.198;553.495;-213.69;11231.427;;13447.432;0;1
"1999-07";1118.306;8591.697;8863.2;271.502;-980.607;11937.017;;13518.094;0;1
"1997-11";4311.171;10478.595;10876.888;398.293;-1824.852;16614.618;;14417.839;235.509;0.927
"1997-10";5581.83;7273.262;7818.919;545.656;-3072.611;15927.704;;16705.703;144.53;1.161
"1994-06";6406.027;7748.44;8315.714;567.274;;;;;0;1
"1993-10";5860.404;5198.101;6110.286;912.185;;;;;188.738;1.516
"1992-08";4277.421;12406.028;12984.617;578.589;;;;;0;1
"1991-10";7733.038;19724.666;20628.248;903.582;;;;;171.849;1.38
"1990-09";7605.052;8887.089;9593.64;706.552;;;;;0;1
"1990-10";8453.8;10529.642;11228.756;699.114;;;;;96.818;0.777
"1990-07";5227.21;10818.283;11279.401;461.118;;;;;0;1
"1989-08";5604.432;11669.009;12219.032;550.022;;;;;0;1
"1988-11";8393.176;6921.249;8712.142;1790.893;;;;;310.682;1.222
"1988-01";9767.339;8182.039;9221.199;1039.16;;;;;298.087;0.804
"1985-07";9282.34;13162.472;13959.89;797.418;;;;;0;1
"1984-09";11592.821;13523.6;14746.297;1222.697;;;;;0;1
"1980-12";;;;;;;;;423.706;1.201
"1988-03";10575.671;7897.738;8988.487;1090.75;;;;;298.589;1.167
"1988-02";8945.535;6889.534;7781.296;891.762;;;;;334.762;1.047
"1985-01";12569.555;15756.268;16993.384;1237.116;;;;;558.146;1.505
"1983-12";13357.678;9927.936;11197.736;1269.801;;;;;378.676;1.073
"1983-01";13640.594;15210.706;15762.465;551.759;;;;;340.665;0.918
"1981-08";6560.958;19262.082;20319.936;1057.854;;;;;0;1
"1980-07";;;;;;;;;0;1
"1980-06";;;;;;;;;0;1
"1991-02";8211.301;8904.247;9471.786;567.539;;;;;409.899;1.282
"1991-01";8851.23;11727.413;12190.406;462.993;;;;;391.33;1.055
"1987-11";8810.814;6870.375;7795.396;925.021;;;;;286.771;1.128
"1986-02";11067.406;9067.143;9841.599;774.456;;;;;492.724;1.541
"1985-09";10211.922;13295.529;14309.069;1013.541;;;;;0;1
"1985-06";10515.046;12688.024;13552.515;864.49;;;;;0;1
"1985-04";11936.362;11573.058;12519.526;946.468;;;;;181.957;1.095
"1984-11";12670.597;11177.257;12756.89;1579.633;;;;;204.416;0.804
"1982-02";12993.929;12467.875;13697.715;1229.84;;;;;312.655;0.978
"1981-11";14192.954;15407.955;16705.89;1297.935;;;;;280.073;1.102
"1990-08";5476.446;10016.967;10678.894;661.927;;;;;0;1
"1988-05";7153.734;5862.195;6901.355;1039.16;;;;;72.67;0.926
"1987-01";9632.617;10898.438;11838.26;939.821;;;;;563.627;1.519
"1986-03";10838.378;10053.74;11096.276;1042.536;;;;;319.462;1.249
"1986-01";12219.278;12071.025;12793.354;722.329;;;;;386.648;1.042
"1985-11";11040.461;10803.357;11995.758;1192.401;;;;;370.703;1.458
"1985-03";11855.529;13339.354;14345.442;1006.088;;;;;341.435;1.335
"1984-05";11417.683;9590.101;10607.75;1017.648;;;;;172.552;2.2
"1983-03";14947.397;13661.052;14492.469;831.417;;;;;289.94;1.134
"1990-03";9012.896;13469.287;14086.59;617.303;;;;;232.955;0.911
"1989-02";8837.758;9707.611;10659.001;951.39;;;;;303.151;0.948
"1990-12";6129.847;12783.781;13334.147;550.366;;;;;421.383;1.194
"1989-06";9080.257;9545.32;10303.459;758.139;;;;;0;1
"1989-11";8871.438;10983.414;11682.091;698.677;;;;;288.146;1.134
"1989-07";5153.113;6868.049;7618.755;750.706;;;;;0;1
"1987-06";10609.351;8581.321;9232.536;651.215;;;;;0;1
"1985-10";11559.141;9743.228;10853.651;1110.423;;;;;151.161;1.214
"1982-11";13182.54;15725.625;16678.002;952.376;;;;;237.709;0.935
"1981-04";14192.954;19467.349;20240.108;772.759;;;;;183.518;1.105
"1981-03";14886.772;20073.266;20958.563;885.297;;;;;205.789;0.805
"1980-02";;;;;;;;;286.527;0.896
"1984-07";8628.939;9506.98;10433.495;926.516;;;;;0;1
"1982-03";15863.506;13373.297;14633.133;1259.836;;;;;304.089;1.189
"1990-06";7274.984;9441.2;9991.567;550.366;;;;;0;1
"1987-05";9423.798;10551.012;11061.623;510.612;;;;;150.16;1.914
"1986-11";10420.741;12269.56;12887.636;618.075;;;;;251.901;0.991
"1984-08";8581.786;17417.289;18594.42;1177.13;;;;;0;1
"1980-11";;;;;;;;;328.812;1.294
"1980-08";;;;;;;;;0;1
"1989-12";7355.817;10011.646;10688.025;676.379;;;;;339.945;0.963
"1989-03";9154.354;7775.574;8503.982;728.408;;;;;209.531;0.819
"1988-12";8905.119;5645.829;7097.705;1451.876;;;;;325.026;0.921
"1987-12";8871.438;6844.321;7613.939;769.618;;;;;362.009;1.026
"1987-07";7146.998;6778.997;7548.614;769.618;;;;;0;1
"1984-01";13970.663;16777.936;17469.025;691.089;;;;;372.969;1.005
"1983-08";6500.333;8577.754;9492.313;914.559;;;;;0;1
"1983-04";12711.013;12016.725;12953.959;937.234;;;;;211.73;1.275
"1982-04";13539.553;15951.97;17076.823;1124.854;;;;;211.882;1.276
"1980-09";;;;;;;;;0;1
"1986-09";10407.268;8657.703;9558.753;901.049;;;;;0;1
"1984-03";13357.678;15071.276;15937.037;865.76;;;;;339.404;1.327
"1982-07";7638.733;15643.564;16445.96;802.396;;;;;0;1
"1989-01";9821.228;8452.676;9084.458;631.782;;;;;384.477;1.036
"1989-10";8386.44;12883.414;13626.687;743.273;;;;;96.957;0.779
"1990-04";7887.968;13758.688;14375.991;617.303;;;;;213.678;1.286
"1988-08";5287.835;7179.685;8675.781;1496.096;;;;;0;1
"1987-03";11141.503;10781.716;11373.729;592.014;;;;;354.937;1.388
"1985-05";10245.602;13162.472;13959.89;797.418;;;;;113.163;1.443
"1984-10";14058.232;14623.293;16430.758;1807.465;;;;;136.61;1.097
"1984-04";12044.14;13960.988;14978.636;1017.648;;;;;205.174;1.235
"1982-09";13115.179;11878.718;12943.579;1064.861;;;;;0;1
"1982-08";7692.622;12815.308;13625.202;809.895;;;;;0;1
"1982-01";12717.749;11281.499;11986.407;704.908;;;;;367.239;0.99
"1981-12";13270.109;17525.562;18868.512;1342.95;;;;;379.855;1.077
"1981-09";14105.385;15168.225;16473.662;1305.437;;;;;0;1
"1981-06";12966.985;17203.163;18418.571;1215.407;;;;;0;1
"1981-02";14421.982;17058.23;17823.487;765.256;;;;;386.52;1.209
"1980-05";;;;;;;;;129.032;1.645
"1989-09";8036.163;10553.906;11616.787;1062.881;;;;;0;1
"1989-05";8224.773;12194.452;12922.859;728.408;;;;;48.047;0.612
"1988-07";5227.21;8139.718;9628.444;1488.726;;;;;0;1
"1987-10";10407.268;9727.606;11163.239;1435.633;;;;;123.469;0.991
"1987-08";6601.374;6715.539;7766.363;1050.824;;;;;0;1
"1986-05";9895.325;11983.867;12989.17;1005.303;;;;;85.399;1.089
"1983-05";11875.737;13805.29;14659.382;854.092;;;;;141.422;1.803
"1990-01";9854.908;14700.86;15258.664;557.804;;;;;362.584;0.977
"1986-06";10939.42;11328.165;12169.641;841.476;;;;;0;1
"1985-08";6534.013;10050.895;11071.888;1020.993;;;;;0;1
"1984-02";12226.014;13205.382;13904.066;698.684;;;;;373.695;1.169
"1983-09";12879.416;8291.112;9296.371;1005.259;;;;;0;1
"1982-12";13108.443;16348.427;17105.828;757.401;;;;;358.792;1.017
"1981-01";15398.715;15256.256;16089.035;832.779;;;;;407.494;1.098
"1980-03";;;;;;;;;314.744;1.231
"1988-09";9753.867;7010.372;8661.237;1650.865;;;;;0;1
"1988-04";8453.8;7367.841;8384.892;1017.05;;;;;176.234;1.061
"1987-02";10319.699;5634.458;6285.673;651.215;;;;;358.649;1.122
"1984-12";9713.45;11714.542;13294.175;1579.633;;;;;375.087;1.063
"1984-06";11202.128;12494.848;13831.46;1336.613;;;;;0;1
"1983-02";12872.679;11544.957;12119.39;574.434;;;;;394.079;1.233
"1981-10";14603.856;12964.515;14194.927;1230.412;;;;;161.739;1.299
"1990-11";8063.107;9002.04;9738.341;736.301;;;;;275.337;1.083
"1988-06";7746.51;4807.568;6406.843;1599.275;;;;;0;1
"1990-02";7935.121;16576.957;17052.949;475.993;;;;;204.51;0.64
"1987-09";9363.173;6925.745;7991.37;1065.624;;;;;0;1
"1985-02";11357.058;8117.064;9696.995;1579.931;;;;;358.708;1.122
"1983-07";7551.164;10768.774;11517.049;748.275;;;;;0;1
"1980-10";;;;;;;;;179.046;1.438
"1980-04";;;;;;;;;231.595;1.394
"1990-05";8231.509;12802.248;13471.613;669.365;;;;;38.771;0.494
"1987-04";10211.922;7140.47;7606.681;466.211;;;;;149.017;0.897
"1986-08";6944.915;8334.061;9130.857;796.796;;;;;0;1
"1986-04";12987.193;15551.821;16289.043;737.222;;;;;273.481;1.647
"1983-11";11855.529;13618.167;14797.268;1179.101;;;;;271.731;1.069
"1983-10";12428.097;8249.432;9572.141;1322.709;;;;;156.911;1.26
"1982-06";12596.5;13013.953;14176.301;1162.349;;;;;0;1
"1981-07";8891.647;16020.112;17017.946;997.834;;;;;0;1
"1981-05";13108.443;20728.511;21771.36;1042.849;;;;;113.134;1.442
"1980-01";;;;;;;;;449.268;1.211
"1989-04";8905.119;8929.978;9628.655;698.677;;;;;234.175;1.41
"1988-10";7544.428;8730.235;10108.412;1378.177;;;;;113.799;0.914
"1986-12";9450.743;7604.603;8006.725;402.121;;;;;351.302;0.996
"1986-10";12333.792;10294.559;11001.994;707.435;;;;;104.443;0.839
"1986-07";7005.54;8598.064;9283.159;685.095;;;;;0;1
"1985-12";10488.101;10442.12;11530.186;1088.066;;;;;341.453;0.968
"1983-06";12556.083;10021.648;11125.165;1103.517;;;;;0;1
"1982-10";12583.027;13793.806;14836.17;1042.364;;;;;154.881;1.244
"1982-05";11956.57;15532.137;16634.494;1102.357;;;;;98.191;1.252
