"Période";"1. Importations toutes énergies (en millions d'euros CAF)";"1.1 Importations de combustibles minéraux solides (en millions d'euros CAF)";"1.2 Importations de produits pétroliers (en millions d'euros CAF)";"1.2.1 Importations de pétrole brut (en millions d'euros CAF)";"1.2.2 Importations de produits pétroliers raffinés (en millions d'euros CAF)";"1.3 Importations de gaz (en millions d'euros CAF)";"1.4 Importations d'électricité (en millions d'euros CAF)";"2. Exportations toutes énergies (en millions d'euros FAB)";"2.1 Exportations de combustibles minéraux solides (en millions d'euros FAB)";"2.2 Exportations de produits pétroliers (en millions d'euros FAB)";"2.2.1 Exportations de pétrole brut (en millions d'euros FAB)";"2.2.2 Exportations de produits pétroliers raffinés (en millions d'euros FAB)";"2.3 Exportations de gaz (en millions d'euros FAB)";"2.4 Exportations d'électricité (en millions d'euros FAB)";"3. Facture énergétique totale (en millions d'euros CAF-FAB)";"3.1 Solde importateur (importations - exportations) de combustibles minéraux solides  (en millions d'euros CAF-FAB)";"3.2 Solde importateur (importations - exportations) de produits pétroliers (en millions d'euros CAF-FAB)";"3.2.1 Solde importateur (importations - exportations) de pétrole brut (en millions d'euros CAF-FAB)";"3.2.2 Solde importateur (importations - exportations) de produits pétroliers raffinés (en millions d'euros CAF-FAB)";"3.3 Solde importateur (importations - exportations) de gaz (en millions d'euros CAF-FAB)";"3.4 Solde importateur (importations - exportations) d'électricité (en millions d'euros CAF-FAB)";"3.5 Solde importateur (valeurs CAF - FAB) en biocarburants (en millions d'euros)";"3.6 Solde importateur (valeurs CAF - FAB) en bois-énergie (en millions d'euros)"
"PERIODE";"VIMP_ENER";"VIMP_CMS";"VIMP_PETRO";"VIMP_BRUT";"VIMP_RAFF";"VIMP_GAZ";"VIMP_ELE";"VEXP_ENER";"VEXP_CMS";"VEXP_PETRO";"VEXP_BRUT";"VEXP_RAFF";"VEXP_GAZ";"VEXP_ELE";"VSOLI_ENER";"VSOLI_CMS";"VSOLI_PETRO";"VSOLI_BRUT";"VSOLI_RAFF";"VSOLI_GAZ";"VSOLI_ELE";"VSOLI_BIOC";"VSOLI_BOIS"
"2022-02";9052.95;166.912;4339.207;2157.231;2181.975;3860.327;449.823;1923.422;6.343;623.808;0.232;623.576;480.877;747.826;7129.528;160.568;3715.399;2156.999;1558.399;3379.45;-298.003;163.833;8.282
"2022-05";12182.419;265.907;6457.66;3013.998;3443.662;4410.309;612.547;2509.121;1.741;1074.6;0.251;1074.349;607.829;731.807;9673.298;264.166;5383.06;3013.747;2369.313;3802.48;-119.26;336.155;6.697
"2022-10";12099.367;285.448;6589.437;1911.721;4677.716;4132.247;809.087;2968.095;5.812;724.918;0.222;724.696;1569.295;583.779;9131.272;279.636;5864.519;1911.499;3953.02;2562.953;225.308;170.735;28.121
"2022-07";14671.76;299.781;7179.417;3501.105;3678.312;4557.269;2288.069;2641.885;1.459;1105.534;0.222;1105.312;642.415;836.573;12029.875;298.322;6073.883;3500.883;2573;3914.855;1451.496;276.509;14.81
"2023-02";;;;;;;;;;;;;;;;;;;;;;;
"2023-01";12168.605;253.378;5663.487;2980.493;2682.993;5300.072;588.728;3633.858;20.575;783.208;0.169;783.039;2108.757;627.882;8534.747;232.803;4880.279;2980.324;1899.955;3191.315;-39.153;241.173;28.33
"2017-11";5204.465;216.412;3765.286;2173.511;1591.775;970.615;252.152;1138.798;1;798.063;0.136;797.926;158.366;181.369;4065.667;215.412;2967.223;2173.375;793.848;812.249;70.784;;
"2022-11";12251.946;185.305;5718.654;2347.145;3371.509;5036.135;973.633;2517.706;0.653;728.55;0.181;728.369;1058.353;667.276;9734.24;184.652;4990.104;2346.965;2643.14;3977.783;306.357;243.156;32.188
"2021-08";5395.088;125.65;3792.455;1726.48;2065.975;1252.613;38.283;1511.194;0.26;715.423;0.975;714.449;103.348;619.786;3883.894;125.389;3077.031;1725.505;1351.526;1149.265;-581.503;104.124;9.587
"2019-02";4507.867;167.811;3299.248;1558.311;1740.937;863.392;49.306;1412.366;0.332;817.752;0.117;817.635;253.965;295.793;3095.501;167.479;2481.496;1558.194;923.301;609.427;-246.487;78.623;4.963
"2022-04";12321.05;355.646;5408.981;2489.84;2919.142;5328.943;965.03;2419.676;0.45;907.006;0.589;906.417;852.796;582.783;9901.374;355.196;4501.975;2489.251;2012.725;4476.148;382.247;174.957;10.85
"2021-09";5137.731;125.4;3309.327;1448.584;1860.743;1381.982;93.702;1642.452;11.412;498.567;0.137;498.43;236.479;849.051;3495.279;113.988;2810.76;1448.447;1362.313;1145.503;-755.349;172.368;8.009
"2022-06";12159.542;377.202;6924.284;3400.334;3523.95;3562.989;993.036;2384.477;0.7;1325.945;0.221;1325.723;309.489;641.069;9775.065;376.502;5598.339;3400.113;2198.226;3253.5;351.967;176.418;18.339
"2022-12";15100.446;218.255;5650.036;2787.001;2863.034;7139.195;1797.052;3917.605;0.67;1124.361;0.17;1124.192;1959.987;744.848;11182.841;217.585;4525.674;2786.832;1738.842;5179.208;1052.204;177.605;30.565
"2021-01";3957.546;92.773;2643.233;854.267;1788.967;884.923;203.694;924.784;0.285;351.5;2.428;349.072;194.952;310.666;3032.763;92.488;2291.734;851.839;1439.895;689.972;-106.971;57.925;7.616
"2020-09";2609.727;86.664;1946.526;951.926;994.6;317.168;161.012;616.623;0.489;381.914;0.07;381.844;65.791;117.129;1993.105;86.175;1564.612;951.856;612.757;251.378;43.884;39.57;7.486
"2021-07";4831.125;88.836;3296.232;1569.457;1726.775;1198.154;63.598;1398.9;1.429;587.657;0.144;587.513;120.138;621.568;3432.225;87.408;2708.574;1569.313;1139.261;1078.016;-557.97;109.507;6.69
"2021-05";4075.757;75.15;2850.727;1017.968;1832.759;942.191;72.866;935.189;0.525;444.445;0.08;444.365;31.959;389.735;3140.568;74.626;2406.282;1017.888;1388.394;910.231;-316.868;61.883;4.414
"2019-05";5543.468;135.2;4197.254;1995.618;2201.636;1075.819;10.014;1284.543;0.46;689.618;0.118;689.5;244.728;290.754;4258.925;134.74;3507.636;1995.499;1512.136;831.091;-280.74;62.51;3.689
"2020-07";2776.889;96.343;2165.55;996.127;1169.424;364.795;80.513;672.822;0.389;410.995;0.077;410.917;94.403;115.838;2104.067;95.955;1754.556;996.049;758.507;270.392;-35.324;12.751;5.738
"2019-08";4911.31;144.999;3788.518;1896.334;1892.184;790.383;28.191;1014.614;11.348;593.861;0.149;593.712;139.295;211.107;3896.696;133.652;3194.657;1896.185;1298.473;651.088;-182.916;92.502;7.713
"2019-06";4903.073;100.146;3840.739;1820.315;2020.425;768.274;9.107;1075.733;0.342;594.1;0.149;593.951;188.276;224.195;3827.339;99.803;3246.639;1820.166;1426.473;579.999;-215.088;113.037;2.949
"2018-02";4663.098;158.892;3302.209;1794.439;1507.77;1002.589;115.053;1275.877;0.367;759.448;0.106;759.342;236.585;243.352;3387.221;158.525;2542.76;1794.333;748.427;766.004;-128.299;48.998;-0.767
"2022-09";15759.913;240.437;5636.775;2908.417;2728.358;7293.249;2250.736;3000.974;1.755;962.476;0.938;961.538;1176.833;769.181;12758.939;238.682;4674.299;2907.479;1766.82;6116.416;1481.554;227.836;20.152
"2021-04";4195.178;111.479;2884.261;1146.687;1737.574;828.784;190.957;966.627;1.943;554.621;0.088;554.533;97.937;247.163;3228.551;109.536;2329.64;1146.599;1183.041;730.848;-56.206;107.79;6.945
"2020-12";2820.61;91.489;1977.981;652.817;1325.164;557.662;132.311;776.339;6.616;422.597;0.804;421.792;79.915;226.914;2044.271;84.873;1555.384;652.012;903.372;477.747;-94.604;14.249;6.621
"2018-05";5045.156;152.02;3850.69;1590.696;2259.995;941.46;13.237;1216.535;0.409;731.539;0.147;731.392;144.477;296.043;3828.621;151.611;3119.151;1590.549;1528.603;796.983;-282.806;44.775;-1.093
"2020-01";4559.969;63.618;3610.444;1249.451;2360.993;689.445;60.309;1055.428;0.511;566.526;34.245;532.282;175.975;224.572;3504.54;63.107;3043.917;1215.207;1828.711;513.469;-164.263;40.102;8.208
"2019-10";4865.945;156.67;3824.917;1767.919;2056.999;688.711;55.215;999.318;5.963;540.944;0.145;540.8;180.941;205.335;3866.627;150.708;3283.973;1767.774;1516.199;507.77;-150.12;62.478;11.817
"2018-08";5561.683;173.505;4160.32;2062.069;2098.251;1028.766;73.573;1338.965;0.376;907.283;0.125;907.158;62.557;316.422;4222.718;173.129;3253.037;2061.944;1191.093;966.21;-242.849;69.527;3.664
"2022-01";9165.218;366.499;4376.647;2104.409;2272.238;3234.422;925.692;2092.784;27.851;665.288;0.183;665.105;712.798;589.61;7072.434;338.648;3711.358;2104.226;1607.133;2521.624;336.082;155.145;9.577
"2021-12";9257.223;130.783;4265.923;1986.02;2279.903;3163.641;1400.055;2116.19;66.341;805.917;0.143;805.774;580.448;564.973;7141.034;64.442;3460.006;1985.877;1474.129;2583.193;835.082;190.096;8.215
"2022-03";12359.637;319.768;5971.062;2992.513;2978.549;4562.446;1163.064;2358.986;3.764;1023.246;0.266;1022.98;339.145;917.612;10000.651;316.004;4947.816;2992.246;1955.569;4223.301;245.452;258.862;9.217
"2021-03";4018.512;128.763;2696.587;1125.395;1571.192;946.648;118.79;973.665;8.485;559.74;0.089;559.651;55.84;278.004;3044.847;120.278;2136.846;1125.306;1011.541;890.808;-159.214;50.181;5.948
"2020-03";3282.87;72.248;2399.455;707.097;1692.358;695.543;23.554;721.49;0.149;376.086;0.056;376.03;128.317;172.804;2561.38;72.1;2023.369;707.041;1316.328;567.227;-149.251;41.416;6.519
"2018-12";4759.623;160.835;3432.915;1632.905;1800.01;1006.268;76.216;1563.03;0.213;942.405;0.132;942.273;203.012;346.806;3196.593;160.622;2490.51;1632.773;857.737;803.256;-270.59;10.201;2.593
"2018-01";5444.864;167.806;3989.252;2244.948;1744.304;1171.128;19.251;1382.244;0.374;807.45;0.147;807.303;235.947;279.146;4062.62;167.432;3181.802;2244.801;937.001;935.182;-259.895;37.999;0.1
"2020-11";2611.892;77.578;1811.47;939.597;871.873;562.021;61.881;785.116;0.764;467.899;0.061;467.838;34.026;245.176;1826.776;76.814;1343.571;939.535;404.035;527.995;-183.295;56.878;4.814
"2020-10";2724.823;47.843;2002.179;728.463;1273.717;478.94;75.689;617.297;1.434;367.061;0.07;366.991;31.835;173.535;2107.526;46.409;1635.119;728.393;906.726;447.105;-97.846;68.3;8.438
"2020-08";2783.941;24.514;2191.289;924.934;1266.355;394.711;83.549;615.522;0.767;326.972;0.057;326.915;103.186;137.148;2168.419;23.747;1864.317;924.878;939.44;291.525;-53.599;35.36;7.069
"2019-09";4064.588;132.773;3283.136;1463.19;1819.946;479.554;40.699;1194.477;6.59;783.367;0.141;783.225;136.645;208.643;2870.112;126.183;2499.769;1463.048;1036.721;342.909;-167.944;59.29;9.904
"2019-01";5593.381;119.596;4058.993;2227.816;1831.177;1139.31;177.047;1227.325;0.37;646.241;0.116;646.125;281.981;240.404;4366.056;119.226;3412.752;2227.701;1185.052;857.329;-63.356;32.485;7.621
"2018-04";4962.877;156.294;3769.375;1714.998;2054.378;878.564;23.403;1084.818;0.298;698.276;0.175;698.101;121.135;213.081;3878.059;155.996;3071.1;1714.823;1356.277;757.429;-189.678;82.793;0.42
"2021-10";7000.266;180.435;4140.989;1628.135;2512.854;2285.232;188.219;1952.671;6.939;704.994;2.389;702.605;296.71;882.044;5047.595;173.496;3435.995;1625.746;1810.249;1988.523;-693.825;133.942;9.464
"2020-05";2187.738;82.807;1473.461;550.36;923.101;577.295;5.156;492.872;0.088;219.126;0.051;219.075;112.004;113.459;1694.866;82.719;1254.335;550.309;704.026;465.291;-108.303;-4.099;4.922
"2020-02";3841.1;110.925;3145.901;1317.196;1828.705;470.527;12.83;921.236;2.005;531.415;0.099;531.316;152.168;192.503;2919.863;108.92;2614.486;1317.097;1297.389;318.359;-179.673;48.861;8.911
"2019-12";4605.384;108.255;3368.65;1492.271;1876.378;937.069;80.869;944.287;0.23;631.743;32.93;598.813;84.315;176.293;3661.097;108.026;2736.907;1459.342;1277.565;852.755;-95.425;49.343;9.491
"2019-11";4805.425;108.474;3663.144;1600.457;2062.687;779.48;141.458;941.222;0.264;621.865;0.147;621.719;83.644;179.617;3864.203;108.21;3041.279;1600.31;1440.969;695.836;-38.159;48.812;8.225
"2018-06";5493.539;190.036;4226.851;1993.505;2233.346;934.916;10.345;1219.024;0.375;701.694;0.137;701.557;141.073;326.821;4274.515;189.662;3525.157;1993.368;1531.789;793.843;-316.476;85.401;-3.071
"2022-08";15388.206;303.398;6621.806;3585.906;3035.9;5440.132;2695.369;3257.549;0.49;1079.625;0.222;1079.403;1206.38;835.523;12130.657;302.908;5542.181;3585.684;1956.497;4233.752;1859.846;175.01;16.96
"2021-11";8252.857;176.224;4470.176;1875.117;2595.06;2567.322;833.979;1792.022;0.356;717.902;0.487;717.415;438.887;559.545;6460.834;175.868;3752.274;1874.629;1877.645;2128.435;274.434;117.089;12.734
"2021-06";4426.575;119.917;3179.288;1375.403;1803.884;883.647;51.738;1158.512;0.667;480.65;0.45;480.201;41.532;553.93;3268.063;119.25;2698.637;1374.954;1323.684;842.114;-502.191;103.527;6.725
"2021-02";3559.682;85.764;2686.139;1005.9;1680.24;524.444;118.465;835.428;6.806;441.318;7.556;433.762;58.379;269.762;2724.254;78.958;2244.822;998.343;1246.478;466.065;-151.297;76.757;8.95
"2020-06";2626.565;45.857;2032.509;735.199;1297.31;437.765;35.205;529.088;1.273;299.075;0.115;298.96;79.354;112.7;2097.477;44.584;1733.434;735.084;998.35;358.411;-77.495;34.559;3.983
"2018-11";5273.884;157.046;3541.428;1824.003;1717.425;1319.651;159.801;1172.606;7.943;722.903;0.439;722.464;141.44;248.378;4101.279;149.103;2818.526;1823.564;994.961;1178.211;-88.577;40.042;3.974
"2018-09";5513.542;144.338;4153.329;2427.264;1726.065;1039.896;45.397;1499.462;0.738;822.407;0.106;822.301;226.821;387.157;4014.079;143.6;3330.922;2427.158;903.764;813.074;-341.76;65.195;3.049
"2018-03";4694.684;158.002;3415.509;1824.59;1590.918;914.512;99.764;1145.66;0.393;760.838;0.261;760.577;92.216;246.282;3549.024;157.609;2654.671;1824.329;830.341;822.296;-146.517;61.851;-0.886
"2020-04";1877.69;71.955;1009.611;364.851;644.76;727.581;6.15;519.584;8.185;275.738;0.034;275.704;107.382;94.721;1358.106;63.769;733.873;364.817;369.056;620.199;-88.571;25.351;3.484
"2019-03";5721.964;165.306;4189.998;2232.782;1957.216;1249.038;20.972;1366.719;0.25;785.137;0.116;785.021;258.434;258.615;4355.246;165.056;3404.861;2232.667;1172.195;990.604;-237.643;27.013;5.353
"2018-07";5478.804;140.46;4109.146;2201.523;1907.622;1080.191;39.376;1486.743;0.464;964.666;0.118;964.548;132.801;359.466;3992.061;139.996;3144.48;2201.406;943.074;947.39;-320.091;80.775;-0.49
"2017-12";5075.542;119.449;3769.891;2099.942;1669.95;995.005;191.196;1241.871;0.486;849.34;0.265;849.075;187.963;204.081;3833.671;118.963;2920.551;2099.677;820.875;807.042;-12.886;;
"2018-10";6417.281;159.347;4825.356;2781.661;2043.695;1231.648;75.273;1637.386;6.719;1059.367;0.168;1059.199;129.84;362.894;4779.895;152.629;3765.989;2781.492;984.496;1101.808;-287.621;44.796;2.295
"2019-07";5119.904;149.761;3995.339;2070.611;1924.727;822.425;38.393;1213.709;3.814;718.089;0.544;717.546;200.252;238.599;3906.194;145.947;3277.249;2070.068;1207.182;622.173;-200.206;54.387;6.643
"2019-04";5494.78;160.372;3907.036;1843.309;2063.727;1271.437;42.197;1252.158;0.224;779.601;0.454;779.147;220.635;206.875;4242.621;160.148;3127.435;1842.855;1284.58;1050.802;-164.677;64.619;4.295
"2015-09";4103.523;70.169;3344.866;1754.354;1590.512;662.526;25.961;952.98;1.397;664.899;0.093;664.805;71.154;215.531;3150.543;68.772;2679.968;1754.261;925.707;591.372;-189.569;;
"2016-05";3280.139;80.094;2453.143;970.65;1482.493;727.922;18.98;718.144;2.391;539.94;0.278;539.662;25.707;150.106;2561.995;77.703;1913.203;970.372;942.831;702.214;-131.125;;
"2014-09";5732.106;149.216;4592.029;2339.214;2252.816;965.21;25.651;1547.046;0.812;1079.464;0.209;1079.256;253.347;213.423;4185.06;148.403;3512.565;2339.005;1173.56;711.863;-187.772;;
"2014-06";5669.78;96.543;4499.356;2307.118;2192.238;1064.055;9.826;1288.172;1.156;947.51;0.2;947.31;143.809;195.697;4381.608;95.387;3551.846;2306.918;1244.928;920.246;-185.871;;
"2013-05";7155.609;184.529;5357.419;3148.526;2208.893;1596.127;17.534;1353.381;1.9;1057.354;12.353;1045.001;107.253;186.874;5802.228;182.629;4300.064;3136.173;1163.892;1488.874;-169.339;;
"2012-08";8362.992;208.996;6717.78;3832.867;2884.913;1389.748;46.468;1751.086;0.859;1392.975;64.089;1328.886;151.598;205.655;6611.906;208.137;5324.805;3768.778;1556.027;1238.15;-159.187;;
"2011-10";7435.544;159.653;5837.326;3430.549;2406.777;1389.435;49.13;1457.89;4.144;1032.532;0.683;1031.849;184.061;237.153;5977.654;155.509;4804.794;3429.866;1374.928;1205.374;-188.023;;
"2011-09";6618.185;222.167;5282.125;3130.426;2151.699;1085.949;27.944;1538.327;2.803;1063.629;1.199;1062.43;242.677;229.218;5079.857;219.364;4218.496;3129.227;1089.269;843.272;-201.275;;
"2010-01";4530.91;143.159;3260.823;1741.532;1519.291;953.573;173.355;867.45;7.961;591.724;0.122;591.602;139.912;127.853;3663.46;135.198;2669.099;1741.41;927.689;813.661;45.502;;
"2009-07";4400.039;127.287;3368.466;2335.043;1033.423;820.606;83.68;980.215;26.2;769.652;0.216;769.436;73.155;111.208;3419.824;101.087;2598.814;2334.827;263.987;747.451;-27.528;;
"2009-01";4339.881;147.561;2574.377;1343.392;1230.985;1506.718;111.225;1044.699;17.135;528.77;0.596;528.174;244.786;254.008;3295.182;130.426;2045.607;1342.796;702.811;1261.932;-142.783;;
"2008-03";6093.855;139.495;4735.553;2604.763;2130.79;1158.065;60.742;1566.37;18.817;1101.228;0.001;1101.227;203.562;242.763;4527.485;120.678;3634.325;2604.762;1029.563;954.503;-182.021;;
"2007-03";4155.489;145.764;3115.35;2024.371;1090.979;878.059;16.316;1084.875;18.163;725.546;0.001;725.545;177.76;163.406;3070.614;127.601;2389.804;2024.37;365.434;700.299;-147.09;;
"2006-08";5600.481;130.559;4594.99;3283.63;1311.36;868.915;6.017;1336.571;11.895;972.152;0.001;972.151;115.362;237.162;4263.91;118.664;3622.838;3283.629;339.209;753.553;-231.145;;
"2006-06";4973.946;121.168;3931.32;2659.45;1271.87;908.748;12.71;1337.526;14.659;984.806;0.001;984.805;92.76;245.301;3636.42;106.509;2946.514;2659.449;287.065;815.988;-232.591;;
"2005-12";5043.387;117.946;3689.201;2708.294;980.907;1151.414;84.826;1278.445;12.677;869.032;0.184;868.848;147.828;248.908;3764.942;105.269;2820.169;2708.11;112.059;1003.586;-164.082;;
"2005-03";4591.015;149.258;3543.144;2143.345;1399.799;827.347;71.266;948.345;13.395;613.92;0.002;613.918;128.726;192.304;3642.671;135.863;2929.224;2143.343;785.881;698.621;-121.037;;
"2004-11";3458.546;132.501;2720.966;1874.959;846.007;587.693;17.386;740.992;14.375;468.52;0.003;468.517;42.295;215.802;2717.554;118.126;2252.446;1874.956;377.49;545.398;-198.416;;
"2004-07";3004.149;118.298;2408.273;1638.384;769.889;457.389;20.189;764.437;12.061;557.195;0;557.195;23.365;171.816;2239.712;106.237;1851.078;1638.384;212.694;434.024;-151.627;;
"2003-05";2136.872;95.916;1585.334;1120.803;464.531;446.928;8.694;663.524;5.344;403.831;0.024;403.807;45.651;208.698;1473.349;90.572;1181.503;1120.779;60.724;401.277;-200.003;;
"2001-08";2700.766;65.881;2171.63;1539.341;632.289;460.183;3.072;659.325;5.67;414.685;0.019;414.666;8.707;230.263;2041.441;60.211;1756.945;1539.322;217.623;451.476;-227.191;;
"2000-09";2819.131;88.818;2291.694;1688.693;603.001;424.786;13.833;754.668;7.411;518.789;0;518.789;5.796;222.672;2064.463;81.407;1772.905;1688.693;84.212;418.99;-208.839;;
"2000-06";2582.631;61.528;2155.77;1423.828;731.942;359.466;5.867;725.756;8.604;481.816;0.005;481.811;6.072;229.264;1856.875;52.924;1673.954;1423.823;250.131;353.394;-223.397;;
"1998-11";1088.468;81.789;710.428;498.537;211.891;283.205;13.046;394.308;4.99;192.757;4.756;188.001;4.127;192.434;694.16;76.799;517.671;493.781;23.89;279.078;-179.388;;
"1997-01";1817.718;65.901;1426.915;1009.748;417.168;307.897;17.004;493.083;5.923;254.983;0;254.983;6.548;225.628;1324.635;59.978;1171.932;1009.748;162.184;301.349;-208.624;;
"1996-10";1783.246;89.565;1445.335;1048.367;396.969;238.055;10.29;487.386;7.71;217.421;0.263;217.158;7.353;254.902;1295.86;81.856;1227.915;1048.104;179.811;230.702;-244.612;;
"2011-02";6576.801;185.312;4999.828;3070.907;1928.921;1342.469;49.192;1512.104;1.194;1100.107;0.214;1099.893;156.35;254.453;5064.697;184.118;3899.721;3070.693;829.028;1186.119;-205.261;;
"2006-12";5164.928;151.404;3882.583;2608.691;1273.892;1078.466;52.475;1230.097;12.968;816.349;0;816.349;182.686;218.094;3934.831;138.436;3066.234;2608.691;457.543;895.78;-165.619;;
"2004-12";3615.252;132.963;2754.437;1699.273;1055.164;712.75;15.102;795.563;12.799;524.834;0.001;524.833;43.32;214.61;2819.69;120.164;2229.603;1699.272;530.331;669.43;-199.507;;
"2003-11";2425.913;73.202;1760.162;1317.636;442.526;582.185;10.364;643.449;7.516;403.09;3.693;399.397;19.207;213.636;1782.464;65.686;1357.072;1313.943;43.129;562.978;-203.272;;
"2001-10";2436.266;87.711;1875.204;1362.254;512.95;472.139;1.212;730.217;9.53;421.272;0;421.272;11.679;287.736;1706.05;78.181;1453.932;1362.254;91.678;460.46;-286.523;;
"1996-04";1568.476;64.589;1278.324;918.082;360.241;218.575;6.989;461.987;5.623;219.224;0.007;219.217;5.078;232.062;1106.489;58.966;1059.099;918.076;141.024;213.497;-225.073;;
"1995-10";1209.48;62.601;927.995;645.894;282.101;213.141;5.743;432.031;9.039;176.107;0;176.107;2.365;244.521;777.448;53.561;751.888;645.894;105.995;210.776;-238.778;;
"1995-07";1230.538;54.126;923.09;626.67;296.42;247.843;5.479;365.346;6.074;135.085;0.077;135.008;3.756;220.431;865.192;48.052;788.005;626.593;161.412;244.087;-214.952;;
"1995-05";1182.605;63.34;937.156;631.554;305.601;176.813;5.296;384.741;8.886;149.222;0.077;149.145;2.864;223.769;797.864;54.454;787.934;631.478;156.456;173.949;-218.473;;
"1994-12";1182.347;66.697;920.746;646.273;274.474;186.035;8.869;479.467;9.992;221.333;0;221.333;4.255;243.886;702.881;56.705;699.413;646.273;53.14;181.78;-235.017;;
"1994-11";1321.242;70.245;1039.737;741.264;298.472;203.313;7.948;402.564;10.529;154.45;0;154.45;2.612;234.973;918.677;59.716;885.287;741.264;144.023;200.701;-227.026;;
"1992-03";1414.427;142.771;1022.008;638.146;383.862;234.33;15.319;382.004;9.768;170.769;0;170.769;5.619;195.849;1032.423;133.003;851.239;638.146;213.093;228.711;-180.53;;
"1991-10";1625.564;130.801;1251.911;745.171;506.741;229.741;13.111;378.074;13.263;189.037;0;189.037;1.524;174.249;1247.49;117.538;1062.875;745.171;317.704;228.216;-161.139;;
"2015-08";3881.84;106.009;2960.697;1377.39;1583.307;803.518;11.617;880.475;0.139;595.255;0.085;595.17;54.694;230.388;3001.364;105.87;2365.442;1377.305;988.137;748.824;-218.771;;
"2014-12";5431.363;97.118;3812.313;1994.037;1818.276;1480.522;41.41;1263.036;7.479;717.039;0.13;716.909;312.185;226.334;4168.327;89.639;3095.274;1993.907;1101.367;1168.337;-184.924;;
"2014-07";6814.127;117.001;5577.138;3022.981;2554.157;1114.827;5.16;1393.206;1.13;1027.145;0.235;1026.91;155.598;209.333;5420.921;115.872;4549.994;3022.747;1527.247;959.229;-204.173;;
"2012-06";6938.43;143.946;5499.563;3134.595;2364.969;1265.554;29.366;1357.929;2.904;1013.472;0.616;1012.857;171.811;169.742;5580.501;141.042;4486.091;3133.979;1352.112;1093.744;-140.376;;
"2011-05";6870.78;223.743;5488.574;3450.988;2037.586;1128.451;30.012;1608.508;0.863;1208.842;0.786;1208.056;94.057;304.746;5262.272;222.88;4279.732;3450.202;829.53;1034.394;-274.734;;
"2011-04";6518.645;178.7;5035.22;2490.567;2544.653;1273.632;31.093;1485.189;3.732;1081.923;52.362;1029.561;122.087;277.447;5033.456;174.968;3953.297;2438.205;1515.092;1151.545;-246.354;;
"2009-10";4416.274;127.252;3201.221;1960.196;1241.025;824.126;263.675;922.552;10.872;684.45;0.438;684.012;118.872;108.358;3493.722;116.38;2516.771;1959.758;557.013;705.254;155.317;;
"2009-09";3887.563;134.286;3045.585;1939.605;1105.98;635.209;72.483;908.741;23.769;701.611;0.469;701.142;79.859;103.502;2978.823;110.517;2343.974;1939.136;404.838;555.35;-31.018;;
"2006-03";5663.757;134.756;4263.822;2604.217;1659.605;1153.735;111.444;1269.159;14.894;827.997;0.001;827.996;188.318;237.95;4394.598;119.862;3435.825;2604.216;831.609;965.417;-126.506;;
"2004-02";2370.042;77.249;1699.732;1309.795;389.937;577.118;15.943;634.371;9.816;394.42;0;394.42;56.18;173.955;1735.671;67.433;1305.312;1309.795;-4.483;520.938;-158.012;;
"2003-10";2573.207;81.124;1951.51;1398.381;553.129;520.342;20.231;614.151;7.238;429.464;5.25;424.214;24.148;153.301;1959.056;73.886;1522.046;1393.131;128.915;496.194;-133.07;;
"2002-08";2367.267;81.268;1902.783;1301.576;601.207;381.067;2.149;567.843;2.755;341.196;0.005;341.191;14.889;209.003;1799.424;78.513;1561.587;1301.571;260.016;366.178;-206.854;;
"1999-03";1134.539;74.998;840.734;535.707;305.027;205.838;12.969;466.284;4.012;211.682;0.007;211.675;3.1;247.49;668.255;70.986;629.052;535.7;93.352;202.738;-234.521;;
"1999-02";996.301;65.281;697.1;469.325;227.775;219.685;14.235;381.967;4.106;150.652;0;150.652;3.673;223.536;614.334;61.175;546.448;469.325;77.123;216.012;-209.301;;
"1997-08";1597.31;67.482;1248.315;904.267;344.048;272.483;9.029;452.772;3.854;243.344;0;243.344;5.829;199.744;1144.538;63.628;1004.97;904.267;100.703;266.654;-190.715;;
"1996-11";1803.315;60.99;1449.544;1072.387;377.157;285.194;7.588;494.95;7.035;227.707;0;227.707;3.596;256.612;1308.366;53.954;1221.837;1072.387;149.45;281.598;-249.024;;
"1995-09";1150.984;54.735;900.99;586.234;314.757;189.488;5.771;423.409;7.429;178.193;0.002;178.192;3.142;234.645;727.575;47.306;722.797;586.232;136.565;186.346;-228.874;;
"1995-06";1224.533;72.605;936.298;652.492;283.805;207.886;7.744;410.605;9.241;179.086;0;179.086;9.935;212.343;813.928;63.364;757.212;652.492;104.719;197.952;-204.599;;
"1994-08";1289.478;56.063;1060.775;623.635;437.14;164.055;8.584;363.961;7.529;164.364;4.119;160.245;1.953;190.116;925.516;48.535;896.412;619.516;276.895;162.103;-181.533;;
"1991-11";1741.578;110.373;1355.272;854.324;500.947;263.737;12.196;391.794;12.958;205.044;0.915;204.129;1.372;172.42;1349.784;97.415;1150.228;853.41;296.818;262.365;-160.224;;
"2017-06";3633.575;94.454;2812.799;1572.779;1240.019;681.537;44.785;898.395;0.709;606.587;0.075;606.512;142.048;149.051;2735.179;93.744;2206.212;1572.705;633.508;539.489;-104.266;;
"2016-04";3125.127;55.878;2368.409;1256.259;1112.15;659.556;41.284;754.464;1.347;579.717;0.062;579.656;39.378;134.021;2370.664;54.532;1788.692;1256.197;532.494;620.178;-92.737;;
"2014-04";6314.919;116.176;4963.839;2618.203;2345.636;1210.896;24.009;1153.613;4.089;887.382;0.219;887.164;106.146;155.995;5161.306;112.086;4076.457;2617.984;1458.473;1104.75;-131.986;;
"2013-12";7187.239;184.978;5264.071;2712.13;2551.941;1630.988;107.202;1488.002;0.933;989.386;0.212;989.174;283.94;213.743;5699.237;184.045;4274.685;2711.919;1562.767;1347.048;-106.541;;
"2013-09";6787.284;156.479;5455.92;3029.552;2426.369;1153.557;21.328;1267.181;1.394;913.995;0.241;913.754;131.423;220.369;5520.103;155.085;4541.925;3029.31;1512.615;1022.134;-199.041;;
"2012-09";6281.436;185.143;5044.653;2472.544;2572.109;1021.67;29.97;1355.218;1.306;1008.735;0.23;1008.505;134.307;210.87;4926.219;183.836;4035.919;2472.314;1563.604;887.363;-180.899;;
"2010-10";3853.402;141.458;2579.055;874.379;1704.676;959.9;172.989;737.019;0.492;520.99;0.479;520.511;53.706;161.831;3116.384;140.966;2058.065;873.9;1184.165;906.194;11.159;;
"2010-08";5314.857;193.715;4315.268;2689.963;1625.305;784.862;21.012;1224.623;1.933;988.097;31.453;956.644;3.234;231.359;4090.234;191.782;3327.171;2658.51;668.661;781.628;-210.347;;
"2010-07";5415.876;247.028;4112.078;2644.25;1467.828;1017.71;39.06;1217.25;0.714;901.198;0.301;900.897;80.389;234.949;4198.626;246.314;3210.88;2643.949;566.931;937.321;-195.889;;
"2009-02";4114.235;212.049;2602.147;1472.028;1130.119;1249.654;50.385;1119.84;17.159;683.036;0.423;682.613;207.806;211.839;2994.394;194.89;1919.111;1471.605;447.506;1041.848;-161.455;;
"2008-05";6319.402;190.181;4989.973;3259.936;1730.037;1116.955;22.293;1992.83;18.473;1490.672;0.022;1490.65;152.367;331.318;4326.572;171.708;3499.301;3259.914;239.387;964.588;-309.025;;
"2004-08";3372.77;110.252;2772.578;2071.772;700.806;477.335;12.605;691.552;14.598;459.254;0.002;459.252;26.985;190.715;2681.218;95.654;2313.324;2071.77;241.554;450.35;-178.11;;
"2003-01";2830.69;90.416;2326.002;1665.31;660.692;404.385;9.887;707.996;4.745;464.12;0.004;464.116;22.369;216.762;2122.695;85.671;1861.882;1665.306;196.576;382.016;-206.874;;
"2000-08";2815.146;90.237;2309.522;1768.729;540.793;407.542;7.845;762.881;7.737;497.47;2.003;495.467;10.269;247.405;2052.264;82.5;1812.052;1766.726;45.326;397.273;-239.561;;
"2000-05";2546.834;97.695;2061.046;1503.12;557.926;382.132;5.961;698.651;10.204;446.141;0.025;446.116;6.216;236.09;1848.183;87.491;1614.905;1503.095;111.81;375.916;-230.129;;
"1999-11";1919.735;66.909;1572.758;1109.092;463.666;267.086;12.982;554.334;7.526;326.12;0.003;326.117;3.678;217.01;1365.402;59.383;1246.638;1109.089;137.549;263.408;-204.027;;
"1999-09";1664.297;62.58;1358.331;993.754;364.577;232.266;11.12;605.055;8.103;353.481;6.447;347.034;5.011;238.461;1059.242;54.477;1004.85;987.307;17.543;227.255;-227.341;;
"1996-05";1383.674;128.999;1030.615;722.907;307.708;220.423;3.637;446.205;5.798;210.142;0;210.141;11.376;218.889;937.47;123.201;820.473;722.906;97.567;209.047;-215.252;;
"1994-02";1181.829;62.627;862.013;559.239;302.774;244.443;12.746;394.433;10.275;160.045;0.027;160.018;10.401;213.712;787.396;52.352;701.968;559.212;142.756;234.042;-200.965;;
"1992-04";1305.757;86.055;969.312;644.124;325.188;239.583;10.807;364.672;9.962;161.038;0;161.038;3.294;190.377;941.085;76.092;808.274;644.124;164.15;236.289;-179.57;;
"1992-01";1405.834;85.905;1063.286;694.268;369.017;240.561;16.083;375.149;11.426;191.255;0;191.255;1.17;171.299;1030.685;74.479;872.031;694.268;177.763;239.391;-155.216;;
"2017-08";3906.09;168.507;3054.492;1752.451;1302.041;647.789;35.302;896.086;0.219;623.409;0.12;623.288;92.445;180.014;3010.004;168.288;2431.083;1752.331;678.752;555.345;-144.712;;
"2017-09";3779.236;156.257;3004.251;1553.634;1450.616;586.431;32.298;1112.444;0.334;842.326;0.112;842.214;73.51;196.274;2666.792;155.923;2161.925;1553.523;608.402;512.921;-163.976;;
"2017-04";4014.055;175.834;2913.788;1569.719;1344.069;900.551;23.882;977.857;2.039;664.185;0.055;664.129;98.445;213.188;3036.198;173.795;2249.603;1569.664;679.939;802.106;-189.306;;
"2015-05";4565.982;132.945;3420.435;1786.632;1633.803;996.631;15.971;1015.58;1.538;744.978;0.126;744.853;93.406;175.659;3550.402;131.407;2675.457;1786.507;888.95;903.225;-159.687;;
"2015-03";5682.682;91.093;4391.327;2437.165;1954.162;1162.087;38.176;1287.703;1.494;918.055;0.116;917.939;142.954;225.2;4394.979;89.599;3473.272;2437.049;1036.223;1019.132;-187.024;;
"2012-10";7963.403;236.216;6208.08;3543.178;2664.902;1475.052;44.055;1684.589;0.76;1374.805;0.687;1374.118;97.932;211.093;6278.814;235.456;4833.275;3542.491;1290.784;1377.121;-167.038;;
"2010-11";6635.088;230.019;5148.579;2607.44;2541.139;1156.365;100.125;1138.809;8.013;891.393;0.433;890.96;51.266;188.137;5496.279;222.006;4257.186;2607.007;1650.179;1105.099;-88.012;;
"2008-07";7971.7;292.135;6504.253;4817.037;1687.216;1118.868;56.444;2025.642;29.4;1532.755;0.013;1532.742;113.929;349.558;5946.058;262.735;4971.498;4817.024;154.474;1004.939;-293.114;;
"2008-06";7554.317;199.814;6187.955;4330.744;1857.211;1122.481;44.067;1883.988;23.693;1348.56;0;1348.56;145.965;365.77;5670.329;176.121;4839.395;4330.744;508.651;976.516;-321.703;;
"2007-08";4967.522;144.349;4028.953;2713.836;1315.117;780.503;13.717;1208.171;15.45;885.343;0;885.343;104.911;202.467;3759.351;128.899;3143.61;2713.836;429.774;675.592;-188.75;;
"2007-01";4406.835;120.947;3263.957;2092.736;1171.221;989.51;32.421;1160.038;14.89;766.444;0.001;766.443;185.749;192.955;3246.798;106.057;2497.513;2092.735;404.778;803.761;-160.533;;
"2004-10";3928.535;201.418;3201.878;2185.467;1016.411;514.95;10.289;843.726;15.72;568.992;0.001;568.991;33.878;225.136;3084.809;185.698;2632.886;2185.466;447.42;481.072;-214.847;;
"2002-10";2494.705;90.234;2004.93;1388.424;616.506;397.876;1.665;660.538;6.223;407.393;0;407.393;13.351;233.571;1834.167;84.011;1597.537;1388.424;209.113;384.525;-231.906;;
"2002-03";2382.217;96.215;1792.23;1178.846;613.384;492.68;1.092;707.58;4.969;403.302;0.007;403.295;25.379;273.93;1674.637;91.246;1388.928;1178.839;210.089;467.301;-272.838;;
"2001-01";2790.623;86.75;2071.583;1537.009;534.574;622.757;9.533;714.414;8.541;458.774;0;458.774;7.657;239.442;2076.209;78.209;1612.809;1537.009;75.8;615.1;-229.909;;
"2000-12";3148.425;106.294;2403.047;1839.436;563.611;629.944;9.14;762.369;7.831;493.258;0.224;493.034;7.17;254.11;2386.056;98.463;1909.789;1839.212;70.577;622.774;-244.97;;
"2000-03";2630.93;95.147;2179.875;1535.746;644.129;347.998;7.91;717.613;8.637;433.255;10.622;422.633;11.356;264.365;1913.317;86.51;1746.62;1525.124;221.496;336.642;-256.455;;
"1999-04";1253.922;75.674;953.087;678.023;275.064;216.811;8.35;416.078;3.993;175.918;3.98;171.938;3.575;232.592;837.844;71.681;777.169;674.043;103.126;213.236;-224.242;;
"1997-12";1653.586;64.387;1240.108;897.487;342.621;335.803;13.288;495.38;5.257;239.227;0;239.227;10.089;240.807;1158.206;59.129;1000.881;897.487;103.394;325.714;-227.519;;
"1996-06";1336.21;70.14;1015.679;745.621;270.058;244.881;5.51;439.181;6.163;209.995;2.888;207.107;10.526;212.497;897.029;63.977;805.684;742.733;62.951;234.355;-206.987;;
"1994-07";1278.81;69.17;1000.607;597.752;402.855;201.307;7.726;365.868;5.57;155.208;0;155.208;1.944;203.147;912.942;63.601;845.399;597.752;247.647;199.364;-195.421;;
"1994-03";1136.684;58.881;856.003;572.174;283.829;212.72;9.08;453.319;11.901;213.041;0;213.041;3.8;224.577;683.365;46.98;642.962;572.174;70.788;208.919;-215.497;;
"1992-09";1299.192;83.861;987.643;575.362;412.281;218.576;9.112;314.24;11.947;140.03;0;140.03;11.807;150.455;984.951;71.914;847.613;575.362;272.25;206.768;-141.344;;
"1992-07";1374.152;99.921;1035.064;613.26;421.804;230.931;8.235;345.472;8.357;182.461;0.004;182.458;11.746;142.907;1028.681;91.565;852.603;613.257;239.346;219.185;-134.672;;
"1992-05";1343.294;87.269;1022.916;680.831;342.085;220.934;12.175;360.153;9.699;176.621;0.08;176.541;2.135;171.697;983.141;77.569;846.295;680.751;165.544;218.799;-159.522;;
"1991-04";1326.306;67.23;946.708;646.994;299.715;289.653;22.715;461.921;11.586;277.457;0;277.457;1.982;170.895;864.386;55.644;669.251;646.994;22.258;287.671;-148.18;;
"2017-07";3906.115;149.736;3016.789;1439.614;1577.174;688.409;51.181;948.575;0.358;620.887;0.107;620.78;124.068;203.263;2957.54;149.378;2395.902;1439.507;956.395;564.341;-152.081;;
"2016-02";2843.583;114.878;2057.306;1071.246;986.059;639.304;32.095;721.043;12.07;466.446;0.048;466.398;88.387;154.139;2122.54;102.808;1590.859;1071.198;519.661;550.917;-122.045;;
"2014-10";6166.498;110.134;4924.271;2898.072;2026.199;1100.46;31.633;1377.494;4.825;945.056;0.192;944.864;225.777;201.836;4789.004;105.309;3979.215;2897.879;1081.335;874.683;-170.202;;
"2012-11";7503.985;227.859;5880.793;3438.393;2442.4;1358.934;36.399;1563.877;0.242;1190.795;0.296;1190.499;138.471;234.37;5940.107;227.618;4689.999;3438.097;1251.901;1220.463;-197.972;;
"2012-02";7983.67;271.377;5761.818;3164.139;2597.679;1626.442;324.033;1818.037;3.755;1362.676;43.698;1318.978;275.705;175.9;6165.634;267.622;4399.141;3120.441;1278.701;1350.737;148.133;;
"2010-02";4514.591;157.454;3190.201;1804.435;1385.766;1050.751;116.185;1069.252;8.966;768.371;0.465;767.906;146.968;144.947;3445.339;148.488;2421.83;1803.97;617.86;903.783;-28.762;;
"2005-09";4475.055;144.589;3668.557;2394.931;1273.626;643.752;18.157;1242.009;11.966;865.374;0;865.374;98.882;265.787;3233.047;132.623;2803.183;2394.931;408.252;544.87;-247.629;;
"2005-07";4447.49;147.848;3568.031;2449.89;1118.141;698.161;33.45;1092.035;15.375;740.65;0;740.65;112.474;223.536;3355.455;132.473;2827.381;2449.89;377.491;585.687;-190.086;;
"2005-06";3621.09;118.221;2944.421;1874.128;1070.293;532.807;25.641;1170.892;16.661;792.125;0;792.125;96.129;265.977;2450.199;101.56;2152.296;1874.128;278.168;436.678;-240.335;;
"2003-02";2850.974;90.439;2150.968;1449.405;701.563;596.499;13.068;700.612;5.672;444.7;0.014;444.686;32.595;217.645;2150.362;84.767;1706.268;1449.391;256.877;563.904;-204.577;;
"2001-05";2860.754;84.913;2264.168;1722.622;541.546;504.849;6.824;716.72;7.636;489.304;0.019;489.285;7.982;211.798;2144.034;77.277;1774.864;1722.603;52.261;496.867;-204.974;;
"1998-05";1248.861;66.566;975.445;720.385;255.06;201.318;5.532;545.156;4.472;310.096;11.459;298.637;4.943;225.645;703.705;62.094;665.349;708.926;-43.577;196.375;-220.113;;
"1998-04";1358.484;72.487;1019.017;792.199;226.818;260.009;6.971;490.465;5.57;250.521;0.017;250.504;3.444;230.93;868.019;66.917;768.496;792.182;-23.686;256.565;-223.959;;
"1997-03";1592.589;92.418;1230.729;866.315;364.414;262.158;7.285;539.924;4.518;276.757;0.003;276.754;15.028;243.622;1052.665;87.9;953.972;866.312;87.66;247.13;-236.337;;
"1991-03";1542.174;85.829;1171.266;754.928;416.338;261.907;23.172;426.247;10.519;203.519;0.915;202.605;1.677;210.532;1115.927;75.31;967.746;754.013;213.734;260.23;-187.36;;
"2015-12";4126.961;111.736;3009.69;1564.051;1445.64;981.676;23.859;1108.987;2.604;641.428;0.689;640.739;211.493;253.462;3017.974;109.132;2368.263;1563.362;804.901;770.183;-229.603;;
"2017-03";4352.697;188.351;3319.26;1623.545;1695.715;813.311;31.775;1038.996;0.367;710.329;0.277;710.052;72.421;255.878;3313.701;187.984;2608.93;1623.267;985.663;740.89;-224.103;;
"2015-04";4806.073;133.484;3651.989;1895.282;1756.707;977.174;43.426;1044.785;0.733;792.961;0.114;792.847;49.63;201.461;3761.288;132.751;2859.028;1895.167;963.86;927.543;-158.035;;
"2015-02";3813.454;125.764;2580.625;1438;1142.625;1030.32;76.745;1025.795;0.456;594.532;0.114;594.419;206.98;223.826;2787.658;125.308;1986.093;1437.886;548.206;823.339;-147.081;;
"2013-06";5802.693;124.944;4417.747;2449.935;1967.812;1253.062;6.94;1165.068;2.058;919.731;0.207;919.524;102.904;140.374;4637.626;122.886;3498.016;2449.728;1048.289;1150.158;-133.434;;
"2011-12";7056.096;172.837;5362.05;3419.264;1942.786;1475.208;46.001;1669.411;9.101;1138.404;56.152;1082.252;262.36;259.546;5386.685;163.736;4223.646;3363.112;860.534;1212.848;-213.545;;
"2010-12";6069.249;204.268;4386.494;2402.735;1983.759;1332.477;146.01;1362.91;8.288;1089.659;40.892;1048.767;80.964;183.999;4706.339;195.98;3296.835;2361.843;934.992;1251.513;-37.989;;
"2010-05";5356.387;184.307;3939.209;2435.057;1504.152;1166.814;66.057;1134.403;3.304;846.744;0.646;846.098;144.328;140.027;4221.983;181.003;3092.465;2434.411;658.054;1022.486;-73.971;;
"2008-11";5906.562;333.669;3852.298;2423.755;1428.543;1644.419;76.176;1402.206;19.678;865.537;0;865.537;232.055;284.936;4504.356;313.991;2986.761;2423.755;563.006;1412.364;-208.76;;
"2008-04";6418.568;203.213;4781.476;3389.712;1391.764;1384.5;49.379;1548.577;29.421;1047.636;0.007;1047.629;185.758;285.762;4869.991;173.792;3733.84;3389.705;344.135;1198.742;-236.383;;
"2007-05";4609.099;109.628;3655.258;2664.861;990.397;828.181;16.032;1249.181;15.326;924.979;0.006;924.973;127.018;181.858;3359.919;94.302;2730.279;2664.855;65.424;701.163;-165.825;;
"2002-11";2277.549;87.021;1730.552;1230.523;500.029;459.509;0.467;607.939;7.634;306.773;0.304;306.469;18.848;274.684;1669.611;79.387;1423.779;1230.219;193.56;440.661;-274.216;;
"2002-07";2503.202;68.552;1981.757;1417.953;563.804;447.12;5.773;557.888;3.379;334.453;0.003;334.45;9.965;210.091;1945.313;65.173;1647.304;1417.95;229.354;437.155;-204.319;;
"2001-06";2927.936;91.48;2311.509;1666.754;644.755;519.164;5.783;610.21;6.71;392.545;0;392.545;5.739;205.216;2317.726;84.77;1918.964;1666.754;252.21;513.425;-199.433;;
"2001-04";2574.406;84.084;1898.608;1373.172;525.436;585.029;6.685;709.431;7.769;452.835;3.071;449.764;26.221;222.606;1864.975;76.315;1445.773;1370.101;75.672;558.808;-215.921;;
"1998-07";1167.953;65.234;871.359;648.519;222.84;222.109;9.251;354.331;4.964;217.477;0.002;217.475;5.56;126.33;813.622;60.27;653.882;648.517;5.365;216.549;-117.079;;
"1998-06";1218.659;74.907;864.337;608.976;255.361;274.821;4.594;452.309;4.57;243.792;0.006;243.786;5.314;198.634;766.349;70.337;620.545;608.97;11.575;269.507;-194.04;;
"1998-03";1277.542;72.313;957.124;674.097;283.027;239.208;8.897;575.194;5.321;288.863;0.003;288.86;7.973;273.037;702.348;66.992;668.261;674.094;-5.833;231.235;-264.14;;
"1996-08";1347.341;56.554;1082.882;781.718;301.164;203.06;4.845;438.831;5.856;210.492;0;210.492;1.572;220.911;908.51;50.698;872.39;781.718;90.672;201.488;-216.066;;
"1995-08";1145.726;57.493;859.557;602.669;256.888;224.428;4.248;370.074;5.95;140.967;0;140.967;0.81;222.347;775.652;51.543;718.59;602.669;115.921;223.618;-218.099;;
"1995-04";1185.24;51.585;923.895;614.293;309.603;202.297;7.462;393.424;9.579;137.685;4.218;133.467;13.836;232.325;791.815;42.005;786.211;610.075;176.136;188.462;-224.863;;
"1993-12";1244.319;57.43;972.808;619.65;353.158;202.791;11.291;426.185;10.315;200.173;0.043;200.13;6.057;209.64;818.135;47.115;772.635;619.607;153.028;196.734;-198.349;;
"1992-11";1329.219;76.4;1039.732;646.145;393.587;204.534;8.553;367.137;9.65;178.707;0;178.707;0.839;177.941;962.082;66.75;861.025;646.145;214.88;203.695;-169.388;;
"1991-06";1459.242;72.718;1086.809;780.082;306.727;273.341;26.374;409.326;10.214;218.002;0;218.002;1.067;180.042;1049.916;62.504;868.807;780.082;88.725;272.274;-153.669;;
"2015-11";3650.845;115.843;2585.287;1265.434;1319.853;909.16;40.555;1150.532;1.587;674.683;0.075;674.607;196.047;278.214;2500.313;114.256;1910.604;1265.358;645.246;713.112;-237.66;;
"2013-02";7131.816;168.325;5435.514;3073.667;2361.847;1436.178;91.799;1608.521;0.313;1233.948;0.228;1233.72;179.456;194.804;5523.294;168.011;4201.566;3073.439;1128.127;1256.722;-103.005;;
"2012-05";6868.423;162.988;5211.783;2634.022;2577.761;1467.231;26.421;1441.786;6.522;1003.334;0.703;1002.632;236.391;195.539;5426.637;156.465;4208.449;2633.319;1575.129;1230.841;-169.117;;
"2011-08";6722.093;192.589;5263.348;3232.657;2030.691;1249.713;16.443;1586.072;6.207;1136.749;0.672;1136.077;220.707;222.409;5136.021;186.382;4126.599;3231.985;894.614;1029.006;-205.966;;
"2008-01";7090.872;185.448;5457.818;3532.825;1924.993;1390.301;57.305;1653.671;18.036;1086.691;0;1086.691;229.227;319.717;5437.201;167.412;4371.127;3532.825;838.302;1161.074;-262.412;;
"2007-12";6504.327;175.013;4915.127;3178.626;1736.501;1267.58;146.607;1371.046;10.516;943.872;0.326;943.546;200.064;216.594;5133.281;164.497;3971.255;3178.3;792.955;1067.516;-69.987;;
"2006-04";5119.893;156.339;3877.056;2511.741;1365.315;1079.778;6.72;1240.481;13.392;826.118;0;826.118;115.833;285.138;3879.412;142.947;3050.938;2511.741;539.197;963.945;-278.418;;
"2005-04";4078.298;125.345;3113.703;2159.601;954.102;815.916;23.334;978.78;16.734;643.856;0.121;643.735;121.072;197.118;3099.518;108.611;2469.847;2159.48;310.367;694.844;-173.784;;
"2003-04";2784.496;80.007;2051.769;1337.069;714.7;648.965;3.755;577.4;4.278;347.17;0.005;347.165;36.062;189.89;2207.097;75.729;1704.599;1337.064;367.535;612.903;-186.134;;
"2001-02";2726.79;66.823;2116.611;1468.666;647.945;534.201;9.155;687.136;7.548;452.78;0;452.78;17.951;208.857;2039.654;59.275;1663.831;1468.666;195.165;516.25;-199.702;;
"2000-10";3308.638;94.837;2874.313;2050.489;823.824;328.501;10.987;846.039;8.794;606.194;4.929;601.265;6.397;224.654;2462.599;86.043;2268.119;2045.56;222.559;322.104;-213.667;;
"1999-07";1404.532;63.357;1124.996;808.24;316.756;207.064;9.115;420.524;4.14;215.851;0.001;215.85;2.71;197.823;984.008;59.217;909.145;808.239;100.906;204.354;-188.708;;
"1997-11";1583.046;85.377;1276.661;933.713;342.948;212.989;8.019;518.761;5.419;255.412;0.011;255.401;7.591;250.34;1064.284;79.958;1021.249;933.702;87.547;205.398;-242.321;;
"1995-03";1072.618;60.352;843.32;564.499;278.821;163.181;5.765;454.492;11.543;171.292;0;171.292;10.88;260.777;618.126;48.809;672.028;564.499;107.53;152.301;-255.013;;
"1993-03";1406.211;104.362;1002.485;670.061;332.423;288.009;11.355;429.721;9.382;192.599;0;192.599;6.598;221.142;976.489;94.979;809.886;670.061;139.824;281.411;-209.786;;
"2017-02";4870.957;240.818;3630.41;1739.386;1891.024;920.393;79.335;981.063;0.391;658.233;0.061;658.172;70.609;251.83;3889.894;240.427;2972.178;1739.326;1232.852;849.784;-172.495;;
"2017-01";5074.539;200.845;3528.241;2020.926;1507.315;1054.987;290.466;1085.962;1.113;712.75;0.044;712.706;149.716;222.383;3988.577;199.733;2815.491;2020.882;794.609;905.271;68.082;;
"2016-07";3870.165;91.338;3002.429;1625.396;1377.033;741.581;34.816;834.596;1.118;640.533;0.052;640.481;35.375;157.57;3035.569;90.221;2361.897;1625.344;736.552;706.206;-122.754;;
"2015-06";4654.816;78.671;3707.413;1838.029;1869.384;851.165;17.567;1047.737;0.533;796.096;0.136;795.96;42.318;208.791;3607.079;78.138;2911.318;1837.894;1073.424;808.847;-191.224;;
"2012-04";7635.897;247.853;5874.34;3070.417;2803.923;1466.487;47.218;1376.409;5.083;979.938;52.07;927.868;189.916;201.473;6259.488;242.77;4894.402;3018.346;1876.056;1276.571;-154.255;;
"2007-10";5496.282;146.427;4285.691;2667.787;1617.904;987.268;76.896;1300.28;14.862;891.879;0;891.879;121.662;271.877;4196.002;131.565;3393.812;2667.787;726.025;865.606;-194.981;;
"2006-07";5286.157;120.809;4207.147;2788.002;1419.145;881.306;76.895;1324.934;13.045;862.141;0.008;862.133;115.804;333.944;3961.223;107.764;3345.006;2787.994;557.012;765.502;-257.049;;
"2004-06";3048.948;93.616;2356.614;1486.148;870.466;585.127;13.591;696.34;11.815;471.026;0.001;471.025;30.021;183.478;2352.609;81.801;1885.588;1486.147;399.441;555.106;-169.886;;
"2004-05";2765.24;124.826;2022.903;1387.91;634.993;610.432;7.079;623.394;11.473;397.309;0;397.309;24.576;190.036;2141.846;113.353;1625.594;1387.91;237.684;585.856;-182.957;;
"2002-06";2428.874;91.903;1884.787;1382.79;501.997;451.428;0.756;644.86;4.806;410.095;2.077;408.018;13.52;216.439;1784.014;87.097;1474.692;1380.713;93.979;437.908;-215.683;;
"2000-04";2240.025;76.771;1749.874;1242.168;507.706;405.223;8.157;695.06;6.971;446.986;3.521;443.465;7.072;234.031;1544.965;69.8;1302.888;1238.647;64.241;398.151;-225.874;;
"1996-12";1803.07;64.488;1429.831;941.226;488.605;299.811;8.94;488.922;6.288;238.152;0.056;238.095;4.501;239.981;1314.147;58.2;1191.68;941.17;250.51;295.309;-231.041;;
"1995-02";1260.998;68.531;941.381;585.999;355.382;244.52;6.566;391.618;8.156;139.441;1.083;138.357;4.794;239.228;869.38;60.375;801.94;584.916;217.025;239.726;-232.662;;
"1992-02";1434.44;90.176;1082.263;677.538;404.725;246.412;15.589;338.027;10.308;171.922;0;171.922;6.562;149.236;1096.412;79.868;910.341;677.538;232.803;239.85;-133.647;;
"1991-07";1677.397;94.671;1288.804;810.419;478.385;273.798;20.123;360.389;10.367;205.349;0;205.349;1.524;143.15;1317.007;84.304;1083.455;810.419;273.036;272.274;-123.026;;
"2016-10";3877.492;97.812;2844.063;1692.832;1151.23;788.475;147.142;856.596;1.583;621.52;0.053;621.466;72.904;160.59;3020.896;96.23;2222.543;1692.779;529.764;715.571;-13.448;;
"2016-08";3726.154;64.844;3013.821;1671.443;1342.378;600.305;47.184;776.491;0.763;610.898;0.055;610.844;21.114;143.716;2949.663;64.081;2402.923;1671.388;731.534;579.191;-96.532;;
"2015-10";4594.252;107.586;3454.572;1855.639;1598.933;984.136;47.957;1067.261;1.672;709.859;0.095;709.764;95.87;259.86;3526.991;105.914;2744.714;1855.544;889.169;888.265;-211.903;;
"2013-07";7427.445;158.948;5915.276;3368.858;2546.418;1340.433;12.788;1379.096;1.616;996.4;0.233;996.167;187.388;193.692;6048.349;157.332;4918.876;3368.625;1550.251;1153.045;-180.903;;
"2010-06";5004.174;195.292;3747.605;2280.571;1467.034;1033.387;27.89;1201.918;9.128;823.227;0.216;823.011;134.637;234.926;3802.256;186.164;2924.378;2280.355;644.023;898.75;-207.036;;
"2009-11";4730.058;128.17;3439.229;1945.17;1494.059;1071.786;90.873;850.674;9.815;617.551;0.333;617.218;114.431;108.877;3879.384;118.355;2821.678;1944.837;876.841;957.355;-18.004;;
"2008-09";6665.027;341.384;5043.681;3566.617;1477.064;1222.879;57.083;1925.715;21.638;1497.447;0.001;1497.446;154.7;251.93;4739.312;319.746;3546.234;3566.616;-20.382;1068.179;-194.847;;
"2007-11";6037.523;126.46;4551.309;2958.915;1592.394;1133.378;226.376;1368.093;14.714;960.169;0.115;960.054;181.811;211.399;4669.43;111.746;3591.14;2958.8;632.34;951.567;14.977;;
"2003-06";2106.337;60.28;1532.918;1119.21;413.708;488.933;24.206;553.711;6.511;338.713;0.087;338.626;19.202;189.285;1552.626;53.769;1194.205;1119.123;75.082;469.731;-165.079;;
"2002-12";2646.655;75.2;2145.826;1444.692;701.134;424.002;1.627;771.183;5.016;478.276;0;478.276;22.802;265.089;1875.473;70.184;1667.55;1444.692;222.858;401.2;-263.461;;
"2000-11";3245.509;115.055;2634.295;1874.56;759.735;487.88;8.279;921.711;8.751;638.909;0;638.909;9.534;264.517;2323.797;106.304;1995.386;1874.56;120.826;478.346;-256.239;;
"1999-05";1309.307;69.827;1018.673;738.504;280.169;212.287;8.52;392.964;3.393;197.575;0.08;197.495;2.415;189.581;916.343;66.434;821.098;738.424;82.674;209.872;-181.061;;
"1997-10";1634.203;57.498;1324.219;1025.881;298.338;246.69;5.795;496.172;7.777;241.813;0;241.813;7.044;239.538;1138.031;49.721;1082.406;1025.881;56.525;239.647;-233.743;;
"1997-07";1649.21;65.739;1336.249;1056.672;279.577;239.58;7.642;466.957;4.82;250.088;0;250.088;11.862;200.186;1182.253;60.919;1086.161;1056.672;29.488;227.718;-192.544;;
"1996-07";1418.921;73.152;1135.392;814.964;320.428;205.97;4.407;425.55;5.001;209.738;0;209.738;0.539;210.273;993.371;68.152;925.654;814.964;110.69;205.43;-205.866;;
"1996-02";1244.479;37.9;994.553;724.766;269.787;193.338;18.688;469.683;6.729;212.115;0;212.115;11.6;239.239;774.796;31.171;782.438;724.766;57.673;181.737;-220.551;;
"1993-10";1210.62;55.214;973.563;641.45;332.113;175.519;6.324;399.927;11.202;197.386;0.084;197.302;3.396;187.943;810.694;44.012;776.177;641.366;134.811;172.123;-181.619;;
"1993-08";1328.204;56.212;1092.282;702.677;389.605;171.243;8.467;400.881;8.247;198.339;0;198.339;3.66;190.634;927.324;47.966;893.943;702.677;191.266;167.582;-182.168;;
"2017-05";4474.475;199.085;3414.508;1840.042;1574.467;837.165;23.717;1007.489;0.807;660.194;18.862;641.332;121.646;224.844;3466.986;198.279;2754.315;1821.18;933.134;715.519;-201.127;;
"2016-12";4613.355;178.217;3305.604;1692.145;1613.459;937.115;192.419;1136.218;1.411;826.937;0.282;826.655;132.253;175.617;3477.137;176.806;2478.667;1691.863;786.804;804.862;16.802;;
"2014-08";5668.511;95.746;4501.938;2187.033;2314.906;1066.983;3.844;1292.86;0.881;884.965;0.198;884.767;224.362;182.651;4375.652;94.865;3616.973;2186.834;1430.138;842.621;-178.807;;
"2013-04";7205.546;175.017;5539.662;3210.777;2328.885;1434.319;56.548;1411.523;1.304;1133.178;27.624;1105.554;96.003;181.039;5794.023;173.713;4406.484;3183.153;1223.331;1338.316;-124.49;;
"2013-03";6785.832;142.064;5049.319;2515.051;2534.268;1496.834;97.615;1165.3;1.551;866.357;0.234;866.123;113.007;184.385;5620.532;140.513;4182.962;2514.817;1668.145;1383.827;-86.771;;
"2012-12";7063.012;191.819;5293.022;2470.571;2822.451;1537.146;41.025;1576.357;0.137;1156.233;86.302;1069.931;216.265;203.722;5486.655;191.682;4136.789;2384.269;1752.52;1320.881;-162.697;;
"2009-05";3936.181;94.131;2920.533;2000.654;919.879;896.543;24.974;928.587;13.514;701.984;0.04;701.944;57.464;155.625;3007.594;80.617;2218.549;2000.614;217.935;839.079;-130.651;;
"2008-12";5188.32;312.219;3194.855;1873.213;1321.642;1583.403;97.843;1135.239;15.719;608.06;0.001;608.059;264.577;246.883;4053.081;296.5;2586.795;1873.212;713.583;1318.826;-149.04;;
"2007-04";5135.496;141.166;4100.98;2545.603;1555.377;872.146;21.204;1090.597;16.389;811.594;0.269;811.325;103.498;159.116;4044.899;124.777;3289.386;2545.334;744.052;768.648;-137.912;;
"2006-05";5143.483;166.629;3899.937;2495.081;1404.856;1074.42;2.497;1362.279;15.301;959.155;0.001;959.154;155.2;232.623;3781.204;151.328;2940.782;2495.08;445.702;919.22;-230.126;;
"2006-02";5138.175;172.377;3837.24;2376.016;1461.224;998.716;129.842;1245.152;11.383;843.772;0.008;843.764;178.072;211.925;3893.023;160.994;2993.468;2376.008;617.46;820.644;-82.083;;
"2006-01";5670.439;166.874;4217.397;2737.67;1479.727;1203.231;82.937;1373.486;9.235;918.168;0.001;918.167;186.071;260.012;4296.953;157.639;3299.229;2737.669;561.56;1017.16;-177.075;;
"2005-08";5067.474;143.38;4270.719;2890.696;1380.023;643.297;10.078;1186.451;10.781;810.767;0;810.767;108.206;256.697;3881.022;132.599;3459.952;2890.696;569.256;535.091;-246.62;;
"2005-05";3769.452;128.31;2876.577;1925.372;951.205;756.644;7.921;1038.492;14.009;652.182;0.001;652.181;120.382;251.919;2730.96;114.301;2224.395;1925.371;299.024;636.262;-243.998;;
"2002-04";2498.228;111.828;1911.02;1297.733;613.287;473.429;1.951;648.322;3.562;374.94;0.002;374.938;13.979;255.841;1849.906;108.266;1536.08;1297.731;238.349;459.45;-253.89;;
"1999-01";1059.392;67.082;722.761;475.225;247.536;254.218;15.331;378.28;3.118;150.582;0;150.582;3.146;221.434;681.111;63.964;572.179;475.225;96.954;251.072;-206.103;;
"1994-10";1257.07;63.902;1000.24;635.538;364.703;185.989;6.939;381.146;8.793;151.1;0;151.1;3.19;218.063;875.924;55.108;849.141;635.538;213.603;182.799;-211.124;;
"1991-08";1615.197;95.433;1188.188;761.025;427.162;303.069;28.508;321.82;7.927;180.195;0;180.195;15.702;117.996;1293.377;87.506;1007.993;761.025;246.967;287.366;-89.488;;
"2014-11";4842.426;126.604;3660.07;1732.468;1927.602;1032.96;22.792;1466.691;0.776;932.816;0.697;932.119;289.918;243.182;3375.734;125.828;2727.253;1731.771;995.482;743.042;-220.39;;
"2011-07";6443.465;247.57;5080.075;2960.653;2119.422;1102.438;13.382;1337.15;4.628;938.924;0.789;938.135;160.802;232.796;5106.315;242.942;4141.151;2959.864;1181.287;941.636;-219.414;;
"2010-04";5257.872;157.263;3949.989;2489.487;1460.502;1091.705;58.915;1341.587;1.387;1042.702;0.423;1042.279;136.423;161.075;3916.285;155.876;2907.287;2489.064;418.223;955.282;-102.16;;
"2009-12";4861.263;151.032;3579.106;2037.663;1541.443;1009.065;122.06;1054.358;9.597;777.869;1.283;776.586;142.951;123.941;3806.905;141.435;2801.237;2036.38;764.857;866.114;-1.881;;
"2009-06";4242.112;128.315;3231.078;2158.576;1072.502;820.893;61.826;1044.463;22.523;841.691;0.097;841.594;73.169;107.08;3197.649;105.792;2389.387;2158.479;230.908;747.724;-45.254;;
"2008-10";6697.727;332.476;4735.963;3125.755;1610.208;1469.251;160.037;1639.161;19.258;1162.345;0.005;1162.34;195.418;262.14;5058.566;313.218;3573.618;3125.75;447.868;1273.833;-102.103;;
"2008-08";7382.486;221.085;6152.027;4504.887;1647.14;942.77;66.604;1694.68;17.3;1238.65;0;1238.65;110.697;328.033;5687.806;203.785;4913.377;4504.887;408.49;832.073;-261.429;;
"2008-02";6139.332;165.727;4657.658;3068.288;1589.37;1283.395;32.552;1620.744;15.341;1085.241;0.277;1084.964;217.064;303.098;4518.588;150.386;3572.417;3068.011;504.406;1066.331;-270.546;;
"2007-02";4414.811;134.136;3393.043;2222.446;1170.597;868.844;18.788;1063.566;11.873;705.709;0.001;705.708;174.102;171.882;3351.245;122.263;2687.334;2222.445;464.889;694.742;-153.094;;
"2005-11";5426.688;155.118;4283.91;2743.324;1540.586;945.364;42.296;1450.775;11.156;983.835;0.013;983.822;128.356;327.428;3975.912;143.962;3300.075;2743.311;556.764;817.008;-285.133;;
"2005-01";3411.375;146.21;2523.935;1739.238;784.697;718.084;23.146;760.307;14.199;443.606;0.059;443.547;114.297;188.205;2651.068;132.011;2080.329;1739.179;341.15;603.787;-165.059;;
"2003-12";2785.353;89.722;2090;1513.904;576.096;593.892;11.739;795.051;5.945;514.811;0;514.811;49.755;224.54;1990.301;83.777;1575.189;1513.904;61.285;544.137;-212.802;;
"2002-05";2459.169;109.715;1885.712;1399.182;486.53;462.84;0.902;670.711;4.05;396.498;0.002;396.496;13.18;256.983;1788.458;105.665;1489.214;1399.18;90.034;449.66;-256.081;;
"2001-09";2463.08;75.977;1912.289;1409.038;503.251;472.797;2.017;637.426;7.212;386.377;0;386.377;14.907;228.93;1825.654;68.765;1525.912;1409.038;116.874;457.89;-226.913;;
"1997-04";1593.914;79.895;1205.568;890.774;314.794;302.272;6.179;522.818;5.277;270.118;4.279;265.839;14.788;232.634;1071.096;74.618;935.449;886.495;48.954;287.484;-226.455;;
"1994-09";1118.811;60.63;908.867;560.199;348.668;138.95;10.365;334.119;9.123;115.716;0;115.716;10.025;199.254;784.693;51.507;793.151;560.199;232.952;128.925;-188.889;;
"1992-08";1321.027;97.022;997.329;604.563;392.766;218.251;8.425;336.758;9.183;157.617;0;157.617;11.407;158.552;984.268;87.84;839.711;604.563;235.149;206.844;-150.127;;
"1992-06";1432.669;89.501;1109.575;752.87;356.705;220.742;12.85;352.888;10.646;184.333;0.08;184.253;7.199;150.71;1079.78;78.855;925.242;752.79;172.452;213.543;-137.86;;
"2016-11";4255.535;124.959;3070.378;1767.439;1302.939;854.075;206.123;948.789;0.658;648.149;0.061;648.087;114.823;185.159;3306.746;124.3;2422.23;1767.378;654.852;739.252;20.964;;
"2016-03";3229.347;105.227;2202.741;1120.617;1082.124;883.873;37.506;805.117;1.588;565.594;0.072;565.522;80.818;157.117;2424.23;103.638;1637.147;1120.545;516.603;803.055;-119.611;;
"2013-01";7840.028;156.104;6024.848;3130.531;2894.317;1602.03;57.046;1421.069;0.401;1055.542;0.255;1055.287;146.818;218.308;6418.959;155.703;4969.306;3130.276;1839.03;1455.213;-161.262;;
"2012-07";7191.305;182.592;5726.552;3430.432;2296.12;1237.297;44.864;1412.884;6.196;1074.446;36.761;1037.685;162.99;169.252;5778.42;176.396;4652.106;3393.67;1258.435;1074.307;-124.388;;
"2012-01";7615.556;228.269;5713.217;3174.916;2538.301;1639.477;34.593;1772.025;5.762;1275.333;0.745;1274.588;231.857;259.073;5843.532;222.508;4437.884;3174.172;1263.712;1407.62;-224.48;;
"2011-11";7242.56;241.09;5413.841;3138.585;2275.256;1510.211;77.418;1661.44;1.112;1183.404;66.537;1116.867;196.108;280.816;5581.12;239.978;4230.437;3072.048;1158.389;1314.103;-203.398;;
"2007-09";4924.132;121.909;4012.065;2757.047;1255.018;768.598;21.56;1184.978;16.382;861.62;0.002;861.618;109.643;197.333;3739.154;105.527;3150.445;2757.045;393.4;658.955;-175.773;;
"2005-10";4436.01;143.37;3479.752;2182.642;1297.11;799.435;13.453;1238.793;11.215;830.16;0.007;830.153;125.78;271.638;3197.216;132.155;2649.592;2182.635;466.957;673.655;-258.186;;
"2004-01";2736.939;110.022;2012.853;1441.551;571.302;600.528;13.536;688.825;15.706;401.509;0;401.509;47.708;223.902;2048.114;94.316;1611.344;1441.551;169.793;552.82;-210.366;;
"2001-12";2411.888;77.13;1731.713;1239.432;492.281;582.967;20.078;594.083;7.695;369.919;5.66;364.259;7.078;209.391;1817.805;69.435;1361.794;1233.772;128.022;575.889;-189.313;;
"1999-10";1662.747;58.821;1364.312;970.904;393.408;229.51;10.104;583.404;7.112;360.4;25.991;334.409;2.754;213.138;1079.343;51.709;1003.912;944.913;58.999;226.756;-203.034;;
"1997-06";1372.455;57.084;1072.383;786.69;285.694;236.4;6.587;509.414;5.24;289.171;0.088;289.083;14.354;200.65;863.04;51.844;783.213;786.602;-3.389;222.046;-194.062;;
"1996-01";1280.039;57.837;1012.616;753.934;258.682;195.589;13.996;456.944;8.363;185.101;0;185.101;4.796;258.684;823.095;49.475;827.515;753.934;73.58;190.793;-244.687;;
"1995-01";1196.551;47.7;969.012;636.815;332.197;170.433;9.407;446.196;6.922;160.44;0;160.44;11.825;267.01;750.355;40.777;808.572;636.815;171.757;158.608;-257.602;;
"1994-01";1367.632;68.494;1046.295;639.521;406.774;239.679;13.165;391.757;8.66;155.959;0.001;155.959;5.623;221.514;975.876;59.833;890.335;639.521;250.815;234.056;-208.349;;
"1993-04";1223.435;50.012;979.793;599.952;379.84;186.473;7.157;395.577;10.135;187.099;0;187.099;1.592;196.751;827.857;39.876;792.694;599.952;192.741;184.881;-189.594;;
"1993-02";1226.22;86.825;899.402;568.737;330.665;227.543;12.45;360.786;9.24;155.99;0.002;155.987;5.673;189.883;865.434;77.585;743.412;568.735;174.678;221.87;-177.433;;
"1993-01";1174.256;52.808;895.898;586.658;309.24;208.421;17.13;345.85;11.151;135.02;0.002;135.017;0.063;199.616;828.406;41.656;760.878;586.655;174.223;208.358;-182.487;;
"1992-10";1362.759;89.707;1045.758;612.11;433.648;213.653;13.642;360.45;12.007;171.91;0.067;171.843;12.628;163.904;1002.309;77.7;873.847;612.043;261.805;201.025;-150.262;;
"1991-12";1617.332;123.941;1225.843;754.165;471.677;251.388;16.16;396.825;9.452;203.062;0;203.062;1.067;183.244;1220.507;114.489;1022.78;754.165;268.615;250.321;-167.084;;
"2014-01";7916.135;153.847;6305.924;3235.596;3070.328;1420.834;35.529;1429.635;1.242;1040.514;0.224;1040.29;132.155;255.723;6486.5;152.605;5265.41;3235.372;2030.038;1288.679;-220.194;;
"2017-10";4544.54;159.29;3377.475;1736.83;1640.645;902.794;104.981;1218.025;0.625;825.523;0.556;824.967;182.182;209.695;3326.515;158.665;2551.952;1736.275;815.677;720.612;-104.714;;
"2013-11";6504.153;177.214;4825.097;2354.775;2470.323;1411.186;90.655;1354.167;1.231;985.04;1.224;983.816;179.001;188.895;5149.986;175.983;3840.057;2353.551;1486.506;1232.185;-98.239;;
"2013-10";6805.267;158.51;5421.395;2611.779;2809.615;1186.059;39.304;1235.687;1.714;898.028;0.239;897.789;129.843;206.101;5569.58;156.795;4523.367;2611.54;1911.826;1056.216;-166.797;;
"2011-01";6865.933;151.532;5192.494;2841.873;2350.621;1449.148;72.759;1444.096;3.836;1034.08;0.225;1033.855;160.862;245.318;5421.836;147.696;4158.414;2841.648;1316.766;1288.286;-172.56;;
"2009-08";4195.391;97.928;3374.371;2158.861;1215.51;665.743;57.349;855.247;28.133;656.674;0.151;656.523;61.101;109.339;3340.145;69.795;2717.697;2158.71;558.987;604.642;-51.989;;
"2006-11";5069.73;123.649;3825.616;2570.522;1255.094;1097.839;22.626;1388.022;17.999;904.028;1.933;902.095;156.813;309.182;3681.708;105.65;2921.588;2568.589;352.999;941.026;-286.556;;
"2004-04";2676.971;97.062;2020.572;1376.719;643.853;546.709;12.628;595.752;14.07;376.816;0.002;376.814;31.078;173.788;2081.219;82.992;1643.756;1376.717;267.039;515.631;-161.16;;
"2004-03";2766.009;91.255;2126.931;1544.324;582.607;527.026;20.797;703.508;12.057;458.273;0.001;458.272;52.234;180.944;2062.501;79.198;1668.658;1544.323;124.335;474.792;-160.147;;
"2002-01";2454.611;78.404;1763.197;1136.305;626.892;608.339;4.671;579.422;5.414;325.451;5.795;319.656;16.44;232.117;1875.189;72.99;1437.746;1130.51;307.236;591.899;-227.446;;
"2001-11";2181.447;79.671;1584.45;1146.902;437.548;509.461;7.865;688.46;8.968;415.518;0;415.518;7.426;256.548;1492.988;70.703;1168.932;1146.902;22.03;502.035;-248.682;;
"2000-07";2383.254;67.433;1929.874;1329.939;599.935;379.703;6.244;719.921;6.39;464.887;0;464.887;13.946;234.698;1663.333;61.043;1464.987;1329.939;135.048;365.757;-228.454;;
"2000-01";2399.679;73.46;1983.31;1402.913;580.397;323.852;19.057;586.81;7.405;376.761;4.342;372.419;5.9;196.744;1812.869;66.055;1606.549;1398.571;207.978;317.952;-177.687;;
"1999-08";1651.611;71.412;1370.959;1027.793;343.166;194.852;14.388;513.744;3.239;284.245;0.002;284.243;3.468;222.792;1137.867;68.173;1086.714;1027.791;58.923;191.384;-208.404;;
"1998-10";1170.509;59.584;899.975;628.677;271.298;203.768;7.182;429.36;5.549;212.884;4.882;208.002;3.05;207.876;741.149;54.035;687.091;623.795;63.296;200.718;-200.695;;
"1998-09";1092.919;68.448;857.172;635.854;221.318;155.249;12.05;376.15;6.616;217.388;7.023;210.365;6.605;145.541;716.769;61.832;639.784;628.831;10.953;148.644;-133.49;;
"1998-02";1435.209;69.443;1016.03;723.94;292.09;341.937;7.799;534.818;5.325;265.131;0.005;265.126;9.593;254.769;900.391;64.118;750.899;723.935;26.964;332.344;-246.97;;
"1998-01";1482.623;63.156;1149.511;840.464;309.047;262.5;7.456;544.713;3.703;252.3;0;252.3;10.514;278.196;937.91;59.453;897.211;840.464;56.747;251.986;-270.74;;
"1997-05";1460.278;57.112;1135.716;877.843;257.873;260.988;6.462;505.374;5.212;277.073;1.228;275.846;10.875;212.215;954.904;51.9;858.643;876.616;-17.973;250.114;-205.753;;
"1997-02";1665.307;61.299;1309.066;847.099;461.967;283.801;11.141;498.24;5.748;245.221;0;245.221;12.394;234.877;1167.067;55.551;1063.845;847.099;216.747;271.407;-223.737;;
"1996-09";1365.483;47.56;1099.317;732.037;367.28;213.329;5.278;439.293;6.575;208.014;0;208.014;0.414;224.29;926.19;40.985;891.303;732.037;159.265;212.915;-219.012;;
"1996-03";1254.689;42.791;1017.12;700.563;316.557;176.814;17.964;477.824;6.863;211.014;0;211.014;5.266;254.682;776.865;35.928;806.106;700.563;105.544;171.548;-236.718;;
"1995-12";1262.027;52.45;961.297;650.316;310.981;225.437;22.843;366.092;5.465;156.634;0.035;156.599;7.427;196.566;895.935;46.986;804.663;650.281;154.382;218.01;-173.723;;
"1995-11";1099.218;62.664;814.966;595.332;219.634;209.819;11.768;428.766;7.118;174.703;0;174.703;7.772;239.174;670.452;55.547;640.264;595.332;44.932;202.048;-227.406;;
"1994-06";1228.144;66.672;960.408;589.113;371.295;193.942;7.123;337.327;9.415;152.061;0;152.061;6.869;168.982;890.817;57.257;808.347;589.113;219.234;187.073;-161.86;;
"1994-05";1370.336;48.271;1039.686;732.181;307.505;276.446;5.933;384.15;10.629;180.591;0;180.591;7.487;185.443;986.185;37.642;859.095;732.181;126.914;268.958;-179.51;;
"1994-04";1148.936;62.799;839.67;604.298;235.372;234.745;11.722;450.051;8.909;222.828;0;222.828;3.801;214.513;698.885;53.89;616.843;604.298;12.545;230.944;-202.791;;
"1993-11";1257.334;54.919;970.432;676.759;293.673;222.613;9.37;428.16;11.526;200.708;0.036;200.672;2.49;213.436;829.174;43.394;769.724;676.723;93.001;220.122;-204.066;;
"1991-09";1473.115;131.564;1088.181;727.639;360.542;232.637;20.733;363.134;11.434;187.665;0;187.665;3.506;160.529;1109.981;120.13;900.516;727.639;172.877;229.131;-139.796;;
"2016-09";3475.226;100.432;2773.685;1476.574;1297.111;539.905;61.204;883.191;0.99;561.001;0.274;560.727;163.655;157.545;2592.034;99.441;2212.684;1476.3;736.384;376.25;-96.341;;
"2016-06";3006.472;78.63;2478.26;846.644;1631.615;437.802;11.781;647.789;3.02;437.388;0.073;437.315;13.176;194.204;2358.683;75.61;2040.872;846.572;1194.3;424.626;-182.424;;
"2016-01";3139.838;77.969;2171.484;1045.124;1126.36;833.804;56.581;784.682;2.337;443.993;0.044;443.949;122.778;215.574;2355.156;75.632;1727.491;1045.08;682.411;711.026;-158.993;;
"2015-01";4616.855;128.564;3193.136;1562.368;1630.768;1261.789;33.366;1179.674;0.138;675.917;0.104;675.813;265.172;238.447;3437.181;128.426;2517.219;1562.264;954.955;996.617;-205.081;;
"2014-05";6089.743;75.464;4831.416;2494.68;2336.736;1174.365;8.498;1203.486;1.123;841.368;0.195;841.173;158.844;202.151;4886.258;74.341;3990.049;2494.485;1495.564;1015.521;-193.653;;
"2014-03";5850.036;187.505;4473.4;2376.016;2097.384;1147.58;41.55;1281.527;4.353;956.536;0.191;956.345;128.702;191.936;4568.509;183.152;3516.864;2375.825;1141.039;1018.878;-150.386;;
"2014-02";5364.912;128.489;4104.757;2019.477;2085.279;1081.633;50.033;1290.784;5.881;932.189;0.195;931.995;144.121;208.593;4074.128;122.609;3172.567;2019.283;1153.285;937.512;-158.56;;
"2012-03";7651.407;186.433;5969.657;2674.987;3294.67;1473.063;22.254;1562.348;4.396;1109.312;0.613;1108.699;211.221;237.419;6089.059;182.037;4860.345;2674.374;2185.971;1261.842;-215.165;;
"2011-06";6477.614;182.413;5239.321;3201.389;2037.932;1039.876;16.004;1595.21;2.667;1199.932;0.479;1199.453;123.865;268.746;4882.404;179.746;4039.389;3200.91;838.479;916.011;-252.742;;
"2011-03";7204.65;159.393;5537.551;3297.611;2239.94;1457.616;50.09;1697.774;0.759;1256.313;115.262;1141.051;146.073;294.629;5506.875;158.634;4281.238;3182.349;1098.889;1311.543;-244.54;;
"2010-03";5606.045;173.454;4116.379;2330.136;1786.243;1204.393;111.819;1278.167;3.212;942.825;0.703;942.122;155.392;176.738;4327.879;170.242;3173.554;2329.433;844.121;1049.001;-64.918;;
"2009-03";4526.992;206.465;2995.388;1651.597;1343.791;1291.859;33.28;984.49;7.562;603.194;0.07;603.124;179.639;194.095;3542.502;198.903;2392.194;1651.527;740.667;1112.22;-160.815;;
"2007-06";4390.213;155.171;3429.399;2367.204;1062.195;796.926;8.717;1227.516;20.335;868.658;0;868.658;142.365;196.158;3162.697;134.836;2560.741;2367.204;193.537;654.561;-187.441;;
"2004-09";3317.499;132.836;2704.182;1753.026;951.156;467.838;12.643;741.167;13.86;514.828;0;514.828;16.778;195.701;2576.332;118.976;2189.354;1753.026;436.328;451.06;-183.058;;
"2003-09";2339.351;87.665;1804.303;1367.751;436.552;421.831;25.552;580.916;3.936;385.065;0.002;385.063;15.087;176.828;1758.434;83.729;1419.238;1367.749;51.489;406.744;-151.277;;
"2001-03";2507.697;74.309;1971.881;1390.942;580.939;452.593;8.914;730.267;8.757;432.239;0.001;432.238;25.902;263.369;1777.43;65.552;1539.642;1390.941;148.701;426.691;-254.455;;
"2000-02";2282.479;96.491;1858.416;1372.389;486.027;318.344;9.228;640.273;7.449;395.814;2.351;393.463;5.377;231.633;1642.207;89.042;1462.602;1370.038;92.564;312.967;-222.404;;
"1998-12";1060.907;71.321;747.48;468.979;278.501;223.607;18.499;378.065;5.13;180.171;4.897;175.274;7.505;185.259;682.843;66.191;567.309;464.082;103.227;216.102;-166.759;;
"1998-08";1123.816;73.649;811.842;567.194;244.648;221.666;16.659;318.327;4.166;221.396;1.744;219.652;3.019;89.746;805.49;69.483;590.446;565.45;24.996;218.647;-73.086;;
"1993-09";1227.375;62.368;931.719;632.882;298.838;223.661;9.627;432.663;9.871;225.763;0.077;225.686;2.195;194.834;794.712;52.497;705.956;632.805;73.152;221.466;-185.207;;
"1993-05";1330.389;73.586;1038.512;686.682;351.83;213.894;4.397;379.01;9.604;180.619;0.018;180.601;0.73;188.058;951.379;63.982;857.893;686.664;171.23;213.164;-183.661;;
"1992-12";1413.989;87.444;1076.432;697.988;378.444;235.957;14.154;340.087;7.434;156.973;0.077;156.896;0.951;174.73;1073.901;80.011;919.46;697.911;221.549;235.006;-160.575;;
"1991-05";1442.93;111.745;1026.439;654.769;371.671;278.219;26.526;372.281;10.976;191.781;0.152;191.628;1.982;167.541;1070.649;100.769;834.658;654.616;180.042;276.238;-141.015;;
"2015-07";4836.148;103.473;3670.769;1787.228;1883.541;1030.172;31.734;1078.405;5.802;733.118;14.93;718.188;80.903;258.582;3757.743;97.671;2937.651;1772.298;1165.354;949.269;-226.849;;
"2013-08";6245.051;142.909;4879.834;2766.008;2113.826;1206.443;15.865;1345.378;1.378;971.739;0.237;971.502;145.284;226.977;4899.673;141.531;3908.095;2765.771;1142.324;1061.158;-211.112;;
"2010-09";4987.065;189.518;4052.233;2447.288;1604.945;694.445;50.869;1049.346;0.501;823.622;0.246;823.376;27.268;197.955;3937.719;189.017;3228.611;2447.042;781.569;667.177;-147.086;;
"2009-04";4131.147;143.168;2833.888;1912.348;921.54;1116.203;37.888;825.853;6.18;597.063;0.21;596.853;93.538;129.072;3305.293;136.988;2236.825;1912.138;324.687;1022.665;-91.185;;
"2007-07";5262.161;121.983;4289.739;3080.02;1209.719;827.34;23.099;1297.292;14.958;954.702;0;954.702;138.069;189.563;3964.868;107.025;3335.037;3080.02;255.017;689.271;-166.465;;
"2006-10";4665.568;140.687;3764.814;2688.956;1075.858;750.75;9.317;1346.835;14.995;909.533;0;909.533;143.457;278.85;3318.733;125.692;2855.281;2688.956;166.325;607.293;-269.533;;
"2006-09";4586.42;132.801;3651.346;2432.476;1218.87;790.138;12.135;1400.132;11.571;951.268;0.008;951.26;136.408;300.885;3186.288;121.23;2700.078;2432.468;267.61;653.73;-288.75;;
"2005-02";3476.496;125.524;2644.363;1648.971;995.392;656.736;49.873;824.499;11.292;540.672;3.452;537.22;114.2;158.335;2651.996;114.232;2103.691;1645.519;458.172;542.536;-108.463;;
"2003-08";2458.341;74.902;1873.587;1314.418;559.169;496.225;13.627;544.556;4.605;353.511;0;353.511;18.532;167.908;1913.785;70.297;1520.076;1314.418;205.658;477.693;-154.281;;
"2003-07";2499.377;70.957;1913.882;1396.111;517.771;495.04;19.498;594.201;4.849;382.447;3.457;378.99;21.962;184.943;1905.175;66.108;1531.435;1392.654;138.781;473.078;-165.446;;
"2003-03";2737.691;60.091;2086.062;1243.583;842.479;581.916;9.622;695.241;5.586;409.088;4.661;404.427;29.456;251.111;2042.45;54.505;1676.974;1238.922;438.052;552.46;-241.489;;
"2002-09";2449.422;80.808;1960.147;1364.946;595.201;406.992;1.475;605.808;4.453;355.054;0;355.054;10.594;235.707;1843.613;76.355;1605.093;1364.946;240.147;396.398;-234.233;;
"2002-02";2329.695;80.228;1648.057;1078.884;569.173;591.488;9.922;639.453;6.613;365.775;5.891;359.884;30.71;236.355;1690.242;73.615;1282.282;1072.993;209.289;560.778;-226.433;;
"2001-07";2563.892;89.728;1976.714;1459.366;517.348;492.569;4.881;598.486;6.191;354.03;0;354.03;5.57;232.695;1965.406;83.537;1622.684;1459.366;163.318;486.999;-227.814;;
"1999-12";2201.892;65.076;1815.988;1247.218;568.77;307.661;13.167;629.468;6.177;392.014;41.775;350.239;4.203;227.074;1572.425;58.899;1423.974;1205.443;218.531;303.458;-213.906;;
"1999-06";1315.494;71.519;1027.102;711.396;315.706;204.913;11.96;387.678;4.811;187.822;0.002;187.82;2.655;192.39;927.816;66.708;839.28;711.394;127.886;202.258;-180.43;;
"1997-09";1541.985;81.709;1197.416;898.188;299.228;256.39;6.471;489.089;7.229;268.667;0;268.667;11.23;201.963;1052.896;74.479;928.749;898.188;30.561;245.16;-195.493;;
"1993-07";1269.741;62.258;1025.161;685.101;340.06;173.578;8.744;363.181;8.014;151.376;0;151.376;16.518;187.273;906.56;54.244;873.785;685.101;188.683;157.06;-178.529;;
"1993-06";1272.816;49.972;1003.196;636.297;366.899;213.345;6.302;341.729;11.036;154.067;0.138;153.929;1.423;175.204;931.086;38.936;849.13;636.16;212.97;211.922;-168.901;;
"1990-11";1726.028;88.42;1377.682;936.799;440.883;239.497;20.428;514.363;10.976;292.092;0;292.092;1.372;209.922;1211.665;77.444;1085.589;936.799;148.79;238.125;-189.494;;
"1990-05";1317.464;100.464;1016.987;675.654;341.333;173.03;26.983;278.067;10.824;169.066;0.152;168.914;1.372;96.805;1039.397;89.64;847.921;675.502;172.42;171.658;-69.822;;
"1991-02";1748.285;74.09;1370.517;778.557;591.96;279.134;24.544;335.235;9.147;195.897;0;195.897;1.829;128.362;1413.05;64.943;1174.62;778.557;396.063;277.305;-103.818;;
"1990-04";1197.03;101.531;829.628;462.53;367.097;218.459;47.412;279.591;9.452;175.774;0;175.774;1.829;92.537;917.438;92.079;653.854;462.53;191.324;216.63;-45.125;;
"1989-09";1287.127;87.201;1027.811;687.698;340.114;137.509;34.606;327.613;15.397;146.351;0;146.351;2.134;163.73;959.514;71.803;881.46;687.698;193.763;135.375;-129.124;;
"1986-09";1337.283;90.402;1042.294;679.618;362.676;189.342;15.245;239.955;17.379;151.077;0;151.077;1.829;69.669;1097.328;73.023;891.217;679.618;211.599;187.512;-54.424;;
"1986-03";1648.126;128.057;1117.451;659.799;457.652;377.921;24.697;258.096;18.751;169.066;0;169.066;3.659;66.62;1390.03;109.306;948.385;659.799;288.586;374.262;-41.923;;
"1983-11";2483.394;130.496;2070.41;1520.374;550.036;273.646;8.842;290.873;15.855;249.254;7.927;241.327;1.829;23.934;2192.522;114.642;1821.156;1512.447;308.709;271.817;-15.092;;
"1983-03";2468.15;136.137;1960.799;1459.394;501.405;343.773;27.441;233.857;12.501;202.757;16.617;186.14;2.439;16.16;2234.293;123.636;1758.042;1442.777;315.265;341.333;11.281;;
"1982-12";2811.922;113.727;2391.62;1828.169;563.452;287.061;19.513;324.564;11.434;287.671;0;287.671;14.33;11.129;2487.358;102.293;2103.949;1828.169;275.78;272.731;8.385;;
"1981-11";2501.993;144.369;2060.501;1642.181;418.32;283.403;13.72;415.881;16.617;377.921;0;377.921;2.439;18.904;2086.112;127.752;1682.58;1642.181;40.399;280.964;-5.183;;
"1981-06";2299.998;179.585;1895.399;1595.531;299.867;214.801;10.214;298.8;16.464;249.254;0;249.254;1.524;31.557;2001.198;163.12;1646.144;1595.531;50.613;213.276;-21.343;;
"1988-09";1108.457;80.493;861.642;555.982;305.66;155.803;10.519;251.846;17.379;140.101;1.067;139.034;3.049;91.317;856.611;63.114;721.541;554.914;166.627;152.754;-80.798;;
"1985-08";2295.12;127.6;1894.027;1471.133;422.894;255.657;17.837;458.567;17.532;374.72;0;374.72;0;66.315;1836.553;110.068;1519.307;1471.133;48.174;255.657;-48.479;;
"1984-07";2372.869;128.057;1888.691;1396.738;491.953;341.028;15.092;420.302;23.477;311.606;0;311.606;1.982;83.237;1952.567;104.58;1577.085;1396.738;180.347;339.047;-68.145;;
"1983-05";2728.075;115.251;2201.059;1532.722;668.336;395.91;15.855;227.606;13.111;184.768;0;184.768;2.592;27.136;2500.469;102.141;2016.291;1532.722;483.568;393.318;-11.281;;
"1983-01";2764.358;156.413;2250.3;1778.775;471.525;343.163;14.483;279.439;8.537;224.862;6.708;218.155;26.374;19.666;2484.919;147.876;2025.438;1772.067;253.37;316.789;-5.183;;
"1988-08";1120.805;60.37;888.32;564.824;323.497;151.534;20.581;222.576;16.769;129.582;0;129.582;3.354;72.871;898.23;43.6;758.739;564.824;193.915;148.18;-52.29;;
"1986-10";1085.742;96.958;731.755;442.712;289.043;244.681;12.348;224.253;11.586;150.467;0;150.467;2.592;59.608;861.489;85.371;581.288;442.712;138.576;242.089;-47.259;;
"1984-12";3237.102;115.709;2752.467;2226.518;525.949;357.798;11.129;376.244;24.849;269.835;0;269.835;2.744;78.816;2860.858;90.86;2482.632;2226.518;256.114;355.054;-67.687;;
"1984-02";2874.274;165.56;2233.683;1872.531;361.152;439.815;35.216;270.292;11.891;194.372;0;194.372;1.524;62.504;2603.982;153.669;2039.311;1872.531;166.779;438.291;-27.288;;
"1982-02";2460.375;117.386;2061.111;1756.67;304.441;264.804;17.074;366.335;16.16;331.424;0;331.424;3.049;15.702;2094.04;101.226;1729.687;1756.67;-26.983;261.755;1.372;;
"1981-03";2400.92;148.638;2019.797;1746.303;273.494;216.478;16.007;293.159;9.452;261.145;0;261.145;1.829;20.733;2107.76;139.186;1758.652;1746.303;12.348;214.648;-4.726;;
"1980-03";;;;;;;;;;;;;;;;;;;;;;;
"1990-12";1860.64;90.402;1515.496;1025.525;489.971;231.57;23.172;366.487;8.842;187.817;0.152;187.665;0.305;169.523;1494.153;81.56;1327.678;1025.372;302.306;231.265;-146.351;;
"1989-10";1506.349;123.789;1203.433;836.793;366.64;161.901;17.227;308.099;11.586;178.213;0;178.213;1.524;116.776;1198.249;112.202;1025.22;836.793;188.427;160.376;-99.549;;
"1989-07";1209.531;68.907;957.837;587.539;370.299;160.986;21.8;317.399;11.891;147.418;0;147.418;2.744;155.346;892.132;57.016;810.419;587.539;222.88;158.242;-133.545;;
"1989-05";1438.661;92.384;1138.032;698.521;439.511;184.768;23.477;324.412;10.824;149.705;0.152;149.552;19.666;144.217;1114.25;81.56;988.327;698.369;289.958;165.102;-120.74;;
"1989-04";1359.54;82.322;1081.168;699.131;382.037;178.67;17.379;294.227;9.604;144.369;0;144.369;19.818;120.435;1065.314;72.718;936.799;699.131;237.668;158.852;-103.056;;
"1988-04";1058.454;65.706;814.078;559.031;255.047;155.346;23.325;251.084;12.196;145.741;0;145.741;3.964;89.183;807.37;53.51;668.336;559.031;109.306;151.382;-65.858;;
"1987-08";1290.481;59.303;1036.806;639.371;397.435;176.841;17.532;240.107;12.653;119.215;0;119.215;1.372;106.867;1050.374;46.649;917.591;639.371;278.219;175.469;-89.335;;
"1986-12";1116.994;86.439;818.194;540.584;277.61;203.367;8.994;298.648;7.165;122.417;0;122.417;1.829;167.237;818.346;79.273;695.777;540.584;155.193;201.538;-158.242;;
"1986-07";1063.484;95.433;658.122;393.318;264.804;289.653;20.276;269.835;11.891;175.621;0;175.621;2.134;80.188;793.65;83.542;482.501;393.318;89.183;287.519;-59.912;;
"1985-11";2401.987;114.489;2033.213;1569.92;463.293;240.107;14.178;427.315;18.599;282.183;0;282.183;31.404;95.128;1974.672;95.89;1751.029;1569.92;181.109;208.703;-80.95;;
"1984-10";2790.732;169.066;2342.532;1711.24;631.291;263.737;15.397;438.443;32.014;332.186;5.641;326.546;3.049;71.194;2352.288;137.052;2010.345;1705.6;304.746;260.688;-55.796;;
"1984-06";2857.657;126.99;2307.468;1760.786;546.682;408.106;15.092;453.231;17.837;390.117;5.488;384.629;3.201;42.076;2404.426;109.153;1917.351;1755.298;162.053;404.905;-26.983;;
"1984-03";2890.281;169.676;2317.682;1788.532;529.151;390.727;12.196;392.861;14.788;302.459;0;302.459;5.641;69.974;2497.42;154.888;2015.224;1788.532;226.692;385.086;-57.778;;
"1981-09";2502.451;173.792;2127.731;1623.734;503.996;188.579;12.348;461.768;16.464;412.222;0;412.222;6.403;26.679;2040.683;157.327;1715.509;1623.734;91.774;182.177;-14.33;;
"1980-12";;;;;;;;;;;;;;;;;;;;;;;
"1988-03";1011.957;69.974;758.891;490.581;268.31;174.554;8.537;278.372;15.702;148.638;0;148.638;3.049;110.983;733.585;54.272;610.253;490.581;119.672;171.505;-102.446;;
"1981-12";2904.459;170.133;2406.408;2034.28;372.128;308.709;19.209;292.702;18.294;255.657;0;255.657;3.659;15.092;2611.757;151.839;2150.751;2034.28;116.471;305.05;4.116;;
"1981-10";2396.803;145.436;2029.249;1610.929;418.32;209.77;12.348;285.08;14.94;258.554;0;258.554;0.915;10.671;2111.724;130.496;1770.695;1610.929;159.767;208.855;1.677;;
"1981-04";2349.849;161.748;1989.46;1760.024;229.436;186.293;12.348;374.872;9.604;327.613;0;327.613;1.982;35.673;1974.977;152.144;1661.847;1760.024;-98.177;184.311;-23.325;;
"1980-10";;;;;;;;;;;;;;;;;;;;;;;
"1980-04";;;;;;;;;;;;;;;;;;;;;;;
"1988-05";1045.343;43.753;869.417;579.916;289.501;116.928;15.245;202.452;16.769;125.923;0.152;125.77;2.897;56.863;842.891;26.983;743.494;579.764;163.73;114.032;-41.619;;
"1987-03";1142.91;108.239;855.696;550.798;304.898;159.462;19.513;294.989;9.909;167.237;0.152;167.084;1.829;116.014;847.921;98.33;688.46;550.646;137.814;157.632;-96.5;;
"1986-01";2328.659;155.498;1712.307;1347.497;364.81;440.273;20.581;382.495;12.348;264.804;0;264.804;2.592;102.751;1946.164;143.15;1447.503;1347.497;100.007;437.681;-82.17;;
"1982-05";2024.675;162.663;1554.218;1176.602;377.616;291.94;15.855;336.303;15.245;307.185;20.276;286.909;0.762;13.111;1688.373;147.418;1247.033;1156.326;90.707;291.178;2.744;;
"1982-04";2471.503;154.583;2006.686;1647.212;359.475;291.787;18.446;350.633;15.245;320.753;0;320.753;2.897;11.739;2120.871;139.338;1685.934;1647.212;38.722;288.891;6.708;;
"1981-08";2189.168;162.206;1794.172;1523.271;270.902;222.88;9.909;324.564;14.94;301.087;0;301.087;2.134;6.403;1864.604;147.266;1493.086;1523.271;-30.185;220.746;3.506;;
"1990-07";1270.815;95.281;999.456;687.698;311.758;157.175;18.904;356.121;7.47;147.571;0;147.571;1.22;199.861;914.694;87.811;851.885;687.698;164.188;155.955;-180.957;;
"1987-07";1328.441;66.62;1063.789;678.855;384.934;180.347;17.684;246.663;11.586;171.505;0;171.505;1.067;62.504;1081.778;55.034;892.284;678.855;213.429;179.28;-44.82;;
"1989-01";1241.545;85.371;970.795;668.032;302.764;166.627;18.751;274.103;11.129;137.814;0;137.814;3.354;121.807;967.441;74.243;832.981;668.032;164.95;163.273;-103.056;;
"1988-12";1347.649;75.157;1079.034;727.487;351.547;161.901;31.557;220.594;17.837;125.008;1.372;123.636;4.726;73.023;1127.056;57.321;954.026;726.115;227.911;157.175;-41.466;;
"1987-12";1363.809;65.096;1058.758;723.98;334.778;220.289;19.666;259.468;10.976;125.77;0;125.77;2.134;120.587;1104.341;54.119;932.988;723.98;209.008;218.155;-100.921;;
"1986-05";1374.023;116.166;964.697;527.016;437.681;277.61;15.55;332.339;14.178;237.516;0;237.516;2.287;78.359;1041.684;101.988;727.182;527.016;200.166;275.323;-62.809;;
"1986-02";1827.559;113.117;1304.049;1005.706;298.343;385.086;25.307;354.292;14.788;235.686;0;235.686;3.506;100.311;1473.267;98.33;1068.363;1005.706;62.657;381.58;-75.005;;
"1985-09";2291.156;129.429;1861.555;1373.261;488.294;291.635;8.537;341.638;19.361;259.926;0.152;259.773;3.659;58.693;1949.518;110.068;1601.629;1373.108;228.521;287.976;-50.156;;
"1983-09";2352.593;78.816;1999.216;1606.508;392.709;266.938;7.622;453.231;19.361;380.97;7.47;373.5;1.067;51.833;1899.362;59.455;1618.246;1599.038;19.209;265.871;-44.21;;
"1980-11";;;;;;;;;;;;;;;;;;;;;;;
"1980-08";;;;;;;;;;;;;;;;;;;;;;;
"1987-06";1228.434;69.669;938.781;584.794;353.987;203.519;16.464;263.737;10.367;135.832;2.134;133.698;1.982;115.556;964.697;59.303;802.949;582.66;220.289;201.538;-99.092;;
"1985-12";2907.66;125.161;2340.702;1639.589;701.113;413.747;28.051;421.979;20.733;309.624;0;309.624;2.744;88.878;2485.681;104.428;2031.078;1639.589;391.489;411.003;-60.827;;
"1985-10";2614.653;128.972;2204.718;1584.555;620.163;258.096;22.867;488.447;19.818;372.281;0;372.281;1.829;94.518;2126.206;109.153;1832.437;1584.555;247.882;256.267;-71.651;;
"1990-10";2070.258;83.999;1778.623;1249.32;529.303;187.817;19.818;549.579;11.129;313.893;0;313.893;1.524;223.033;1520.679;72.871;1464.73;1249.32;215.41;186.293;-203.215;;
"1990-06";1204.042;86.743;854.019;601.411;252.608;246.51;16.769;289.653;8.842;181.109;0;181.109;1.829;97.872;914.389;77.901;672.91;601.411;71.499;244.681;-81.103;;
"1989-08";1330.423;95.586;1056.167;690.899;365.268;168.609;10.062;327.46;8.232;149.248;0;149.248;2.287;167.694;1002.962;87.353;906.919;690.899;216.02;166.322;-157.632;;
"1990-01";1691.269;119.977;1262.735;840.909;421.826;239.193;69.364;348.498;8.69;189.951;2.592;187.36;1.524;148.333;1342.771;111.288;1072.784;838.317;234.467;237.668;-78.969;;
"1987-09";1169.894;60.98;930.091;646.384;283.708;160.376;18.446;183.244;12.958;120.74;0.152;120.587;1.372;48.174;986.65;48.021;809.352;646.231;163.12;159.004;-29.728;;
"1987-04";1151.447;70.736;901.583;518.327;383.257;159.919;19.209;198.794;7.622;115.251;0;115.251;2.287;73.633;952.654;63.114;786.332;518.327;268.005;157.632;-54.424;;
"1984-11";2702.311;115.861;2193.589;1622.515;571.074;376.397;16.464;345.602;31.404;269.53;0;269.53;2.439;42.228;2356.709;84.457;1924.059;1622.515;301.544;373.957;-25.764;;
"1983-12";2877.628;147.876;2421.5;1881.678;539.822;271.207;37.045;404.6;20.428;335.693;0;335.693;2.439;46.04;2473.028;127.447;2085.807;1881.678;204.129;268.768;-8.994;;
"1982-03";2415.097;131.564;1979.246;1616.264;362.981;293.159;11.129;241.174;16.769;205.349;0;205.349;7.013;12.043;2173.923;114.794;1773.897;1616.264;157.632;286.147;-0.915;;
"1989-06";1377.072;89.488;1046.867;698.826;348.041;219.069;21.648;327.918;10.976;179.432;0;179.432;2.744;134.765;1049.154;78.511;867.435;698.826;168.609;216.325;-113.117;;
"1988-01";1163.948;76.529;802.949;535.553;267.396;266.633;17.837;219.374;12.196;104.732;0;104.732;0.152;102.293;944.574;64.333;698.216;535.553;162.663;266.481;-84.457;;
"1985-01";2948.974;187.207;2376.223;1847.682;528.541;360.085;25.459;382.342;21.953;309.776;0.152;309.624;3.049;47.564;2566.632;165.255;2066.446;1847.53;218.917;357.036;-22.105;;
"1984-08";2529.739;138.271;2082.758;1510.008;572.751;299.867;8.842;395.758;21.343;333.558;5.031;328.528;2.897;37.96;2133.981;116.928;1749.2;1504.977;244.223;296.971;-29.118;;
"1984-04";2496.81;145.131;1890.063;1552.388;337.675;444.236;17.379;291.33;16.922;229.893;0;229.893;1.067;43.448;2205.48;128.21;1660.17;1552.388;107.781;443.169;-26.069;;
"1983-07";2608.25;125.313;2178.496;1669.622;508.875;297.58;6.86;312.825;13.568;266.633;0;266.633;1.524;31.1;2295.425;111.745;1911.863;1669.622;242.241;296.056;-24.239;;
"1983-06";2462.814;135.527;1920.248;1437.289;482.958;389.812;17.227;292.55;17.532;254.895;7.927;246.967;2.744;17.379;2170.264;117.996;1665.353;1429.362;235.991;387.068;-0.152;;
"1983-02";2193.894;125.618;1727.4;1316.245;411.155;328.07;12.806;360.847;9.452;276.39;0;276.39;49.393;25.611;1833.047;116.166;1451.01;1316.245;134.765;278.677;-12.806;;
"1982-11";2895.312;152.601;2416.317;1793.563;622.754;302.916;23.477;352.31;13.111;332.796;19.666;313.13;0.61;5.793;2543.002;139.491;2083.521;1773.897;309.624;302.306;17.684;;
"1981-01";2143.586;98.177;1906.832;1609.709;297.123;135.527;3.049;168.151;8.994;154.736;0;154.736;1.372;3.049;1975.434;89.183;1752.097;1609.709;142.387;134.155;0;;
"1986-06";1293.377;94.366;796.241;440.578;355.664;372.433;30.337;218.764;13.568;124.856;0.152;124.703;2.287;78.054;1074.613;80.798;671.385;440.425;230.96;370.146;-47.717;;
"1985-07";2411.896;119.825;1904.85;1302.829;602.021;365.573;21.648;412.679;16.464;336.303;0.152;336.15;1.524;58.388;1999.216;103.36;1568.548;1302.677;265.871;364.048;-36.74;;
"1984-05";2470.894;120.282;1950.433;1489.427;461.006;387.525;12.653;396.825;17.837;282.64;0;282.64;4.421;91.927;2074.069;102.446;1667.792;1489.427;178.365;383.104;-79.273;;
"1982-09";2698.805;129.429;2208.681;1621.448;587.234;339.656;21.038;259.316;17.532;227.606;0;227.606;0;14.178;2439.489;111.898;1981.075;1621.448;359.627;339.656;6.86;;
"1982-07";2593.31;109.001;2164.166;1748.59;415.576;308.557;11.586;305.05;12.806;280.659;14.94;265.719;1.524;10.062;2288.26;96.195;1883.508;1733.65;149.857;307.032;1.524;;
"1982-06";2742.71;149.552;2307.773;1786.702;521.071;270.902;14.483;254.59;14.33;217.545;5.641;211.904;4.726;17.989;2488.12;135.222;2090.228;1781.062;309.167;266.176;-3.506;;
"1981-05";2144.043;157.937;1752.554;1454.364;298.19;214.038;19.513;300.02;12.501;278.372;0;278.372;1.829;7.318;1844.023;145.436;1474.182;1454.364;19.818;212.209;12.196;;
"1991-01";1696.91;82.475;1338.197;817.584;520.613;254.285;21.953;397.435;7.927;212.361;0;212.361;2.439;174.707;1299.475;74.548;1125.836;817.584;308.252;251.846;-152.754;;
"1989-11";1511.075;95.738;1201.146;818.194;382.952;196.659;17.532;270.445;11.586;167.541;0;167.541;3.659;87.658;1240.63;84.152;1033.604;818.194;215.41;193;-70.127;;
"1989-03";1322.648;80.798;1044.276;664.678;379.598;174.554;23.02;276.39;9.909;149.248;0;149.248;3.201;114.032;1046.258;70.889;895.028;664.678;230.35;171.353;-91.012;;
"1988-02";951.282;74.852;679.77;457.5;222.271;173.487;23.172;191.019;11.129;118.453;1.524;116.928;5.641;55.796;760.263;63.724;561.317;455.975;105.342;167.846;-32.624;;
"1985-03";3198.075;163.578;2483.242;1942.81;540.432;535.248;16.007;416.948;17.532;293.922;0;293.922;2.744;102.751;2781.127;146.046;2189.32;1942.81;246.51;532.504;-86.743;;
"1985-02";3283.752;153.364;2559.771;1915.827;643.945;538.755;31.862;380.665;25.611;315.112;0;315.112;3.354;36.588;2903.087;127.752;2244.659;1915.827;328.833;535.401;-4.726;;
"1982-10";2533.245;132.478;2047.238;1465.188;582.05;328.375;25.154;286.604;14.788;257.944;35.063;222.88;3.506;10.367;2246.641;117.691;1789.294;1430.124;359.17;324.869;14.788;;
"1981-07";2543.002;165.712;2180.783;1775.421;405.362;186.75;9.757;313.893;14.33;276.543;0;276.543;1.22;21.8;2229.11;151.382;1904.241;1775.421;128.819;185.53;-12.043;;
"1981-02";2180.173;122.112;1868.11;1675.262;192.848;173.182;16.769;329.137;10.062;311.453;0;311.453;2.134;5.488;1851.036;112.05;1556.657;1675.262;-118.605;171.048;11.281;;
"1990-08";1512.752;56.101;1258.162;815.297;442.864;177.756;20.733;338.437;9.604;189.494;0;189.494;2.134;137.204;1174.315;46.497;1068.668;815.297;253.37;175.621;-116.471;;
"1990-09";1697.062;76.987;1445.217;985.583;459.634;153.669;21.19;353.834;11.586;191.324;0.152;191.171;1.677;149.248;1343.228;65.401;1253.893;985.43;268.463;151.992;-128.057;;
"1987-10";1342.923;76.987;1088.029;700.503;387.525;160.681;17.227;232.79;14.635;133.393;0;133.393;1.524;83.237;1110.134;62.352;954.636;700.503;254.133;159.157;-66.01;;
"1987-05";1212.579;63.419;949.452;573.056;376.397;180.957;18.751;242.394;8.537;128.819;0;128.819;1.524;103.513;970.186;54.882;820.633;573.056;247.577;179.432;-84.762;;
"1987-02";1286.212;59.303;1013.786;635.56;378.226;191.781;21.343;272.884;11.739;131.411;0;131.411;2.287;127.447;1013.329;47.564;882.375;635.56;246.815;189.494;-106.105;;
"1986-04";1722.674;147.418;1207.549;762.55;444.999;344.23;23.477;217.545;14.788;124.856;0;124.856;3.354;74.548;1505.129;132.631;1082.693;762.55;320.143;340.876;-51.07;;
"1985-04";3216.064;147.418;2591.633;1919.943;671.69;459.176;17.837;459.634;19.666;357.645;0;357.645;2.744;79.578;2756.431;127.752;2233.988;1919.943;314.045;456.432;-61.742;;
"1989-12";1535.924;89.792;1200.079;853.867;346.212;205.349;40.704;277;11.281;144.522;0;144.522;2.134;119.063;1258.924;78.511;1055.557;853.867;201.69;203.215;-78.359;;
"1989-02";1127.665;75.92;820.938;503.539;317.399;206.416;24.392;236.753;10.824;125.313;1.524;123.789;3.659;96.958;890.912;65.096;695.625;502.015;193.61;202.757;-72.566;;
"1988-10";1058.606;87.811;771.392;475.488;295.904;170.895;28.508;242.394;16.617;142.082;1.22;140.863;3.049;80.646;816.212;71.194;629.31;474.269;155.041;167.846;-52.138;;
"1986-11";1094.279;102.903;797.766;518.632;279.134;183.396;10.214;262.06;11.281;130.191;0.152;130.039;1.829;118.758;832.219;91.622;667.574;518.479;149.095;181.567;-108.544;;
"1983-04";2169.959;135.375;1587.757;1121.263;466.494;433.717;13.111;437.986;13.111;351.09;30.795;320.295;42.381;31.404;1731.973;122.264;1236.666;1090.468;146.199;391.337;-18.294;;
"1982-08";2537.819;177.756;2053.946;1535.619;518.327;293.007;13.111;224.253;12.196;191.628;0;191.628;2.592;17.837;2313.566;165.56;1862.317;1535.619;326.698;290.415;-4.726;;
"1980-09";;;;;;;;;;;;;;;;;;;;;;;
"1980-05";;;;;;;;;;;;;;;;;;;;;;;
"1980-02";;;;;;;;;;;;;;;;;;;;;;;
"1990-03";1332.1;112.66;968.509;621.992;346.517;230.96;19.971;235.534;9.299;131.716;0;131.716;1.524;92.994;1096.566;103.36;836.793;621.992;214.801;229.436;-73.023;;
"1990-02";1452.839;107.019;1018.512;673.672;344.84;274.408;52.9;251.236;8.232;132.021;0;132.021;1.677;109.306;1201.603;98.787;886.491;673.672;212.819;272.731;-56.406;;
"1988-11";1046.258;76.682;775.051;514.82;260.23;169.828;24.697;300.934;20.886;126.685;1.677;125.008;2.897;150.467;745.323;55.796;648.366;513.143;135.222;166.932;-125.77;;
"1987-11";1222.489;68.907;935.885;607.814;328.07;201.385;16.312;166.627;13.416;116.471;0;116.471;1.524;35.216;1055.862;55.491;819.413;607.814;211.599;199.861;-18.904;;
"1985-06";2296.644;160.071;1630.747;1160.594;470.153;487.837;17.989;359.017;16.464;269.377;0;269.377;3.811;69.364;1937.627;143.607;1361.37;1160.594;200.775;484.026;-51.375;;
"1985-05";2700.939;178.975;2034.28;1580.744;453.536;473.049;14.635;480.672;14.788;393.166;0;393.166;0.152;72.566;2220.267;164.188;1641.114;1580.744;60.37;472.897;-57.931;;
"1984-09";2476.077;156.413;2020.102;1570.377;449.725;283.555;16.007;367.402;23.63;273.951;0;273.951;2.897;66.925;2108.675;132.783;1746.151;1570.377;175.774;280.659;-50.918;;
"1984-01";3318.51;155.955;2791.646;2359.301;432.345;360.999;9.909;313.588;12.348;269.987;0;269.987;1.22;30.032;3004.923;143.607;2521.659;2359.301;162.358;359.78;-20.123;;
"1983-10";2205.175;129.582;1818.107;1447.808;370.299;250.779;6.708;389.05;20.886;331.729;0;331.729;1.524;34.911;1816.125;108.696;1486.378;1447.808;38.57;249.254;-28.203;;
"1982-01";2636.758;117.081;2215.846;1860.945;354.901;288.281;15.55;320.143;9.909;286.147;0;286.147;2.897;21.19;2316.615;107.172;1929.7;1860.945;68.755;285.385;-5.641;;
"1980-07";;;;;;;;;;;;;;;;;;;;;;;
"1980-06";;;;;;;;;;;;;;;;;;;;;;;
"1980-01";;;;;;;;;;;;;;;;;;;;;;;
"1988-07";1041.074;71.956;844.872;539.974;304.898;111.745;12.501;255.962;16.16;138.424;1.22;137.204;2.744;98.635;785.112;55.796;706.449;538.755;167.694;109.001;-86.134;;
"1988-06";1084.98;62.809;760.568;477.165;283.403;236.601;25.002;266.786;19.666;119.825;1.22;118.605;2.744;124.551;818.194;43.143;640.743;475.946;164.797;233.857;-99.549;;
"1987-01";1593.854;74.548;1330.118;814.84;515.278;177.298;11.891;220.594;12.196;137.509;0;137.509;2.439;68.45;1373.261;62.352;1192.609;814.84;377.769;174.859;-56.559;;
"1986-08";1076.595;80.341;725.352;495.764;229.588;252.456;18.446;245.9;12.958;189.037;0;189.037;1.829;42.076;830.695;67.382;536.316;495.764;40.551;250.626;-23.63;;
"1983-08";2408.999;94.671;2075.746;1654.987;420.759;234.314;4.269;292.245;14.025;232.637;0;232.637;1.067;44.515;2116.755;80.646;1843.109;1654.987;188.122;233.247;-40.247;;
