"Période";"Cours moyen du pétrole brut «brent» daté (en dollars/bl)";"Cours moyen du dollar (en euros)";"Prix moyen du charbon importé (en euro/t)";"Prix moyen du pétrole brut importé (en euro/t)";"Prix moyen du pétrole brut importé (en dollar/bl)";"Prix moyen des produits pétroliers raffinés importés (en euro/t)";"Prix estimé de l'électricité exportée (en centimes d'euro/kWh)";"Prix baseload mensuel moyen de l'électricité Epex spot France (en €/MWh)";"Prix spot du gaz NBP (National Balancing Point) à Londres (en €/MWh)";"Prix spot du gaz PEG (point échange gaz) en France (en €/MWh)"
"PERIODE";"PRIXG_BRUT";"CHANGE_DE";"PMI_CMS";"PMI_BRUT_ET";"PMI_BRUT_DB";"PMI_RAFF";"PME_ELE";"PRIXG_ELE";"PRIXG_GAZ";"PRIXG_GAZ_PEG"
"2017-11";62.73;0.85;140.37;398.27;63.58;488.07;58.45;63.43;20.37;19.76
"2022-10";93.4;1.02;336.41;756.23;101.05;999.3;152.09;178.97;40.06;51.72
"2020-03";32.03;0.9;117.27;285.66;42.98;367.09;24.79;23.81;8.75;8.41
"2022-07";111.93;0.98;408.34;846.04;117.12;1064.56;369.4;400.87;98.01;127.24
"2020-02";55.62;0.92;137.33;403.82;59.89;468.96;26.65;26.25;9.53;9.17
"2021-01";54.77;0.82;109.61;344.68;57.05;400.96;58.85;59.48;22.68;20.84
"2022-12";80.92;0.94;329.69;687.19;98.96;796.91;199.27;270.89;109.42;108.67
"2023-02";82.58;0.93;;;;;;148.76;51.44;50.7
"2018-03";66.02;0.81;153.41;407.9;68.43;482.79;46.4;48.26;24.99;23.01
"2022-08";100.45;0.99;392.78;798.14;109.94;1012.33;437.68;492.49;150.8;158.08
"2020-01";63.65;0.9;115.63;461.11;69.61;513.39;37.22;38.01;11.23;11.1
"2019-07";63.92;0.89;139.41;436.05;66.53;512.59;36.63;37.66;11.23;10.91
"2019-02";63.96;0.88;171.84;418.54;64.61;528.7;45.6;46.62;18.45;18.16
"2018-09";78.89;0.86;137.4;496.92;78.79;625.65;61.38;61.97;28.19;27.71
"2018-07";74.25;0.86;125.72;476.9;75.79;567.86;51.43;51.41;22.25;22.05
"2018-06";74.4;0.86;152.66;488.66;77.61;577.37;41.85;42.32;21.38;21.74
"2022-05";113.11;0.95;400.38;813.84;117.08;1007.1;197.58;197.43;37.84;77.58
"2020-10";40.19;0.85;87.07;270.14;43.26;327.14;36.95;38.11;14.43;13.77
"2022-02";97.13;0.88;271.85;658.52;101.58;742.53;179.38;185.55;77.15;77.97
"2021-11";81.05;0.88;223.18;544.08;84.46;622.66;198.3;217.06;80.91;81.15
"2022-06";122.69;0.95;448.45;884.06;127.04;1152.16;233.18;248.4;56.36;96.57
"2022-03";117.25;0.91;311.72;772.84;115.82;898.5;302.31;295.09;122.04;124.37
"2019-10";59.71;0.9;139.38;430.36;64.69;530.42;36.84;38.61;10.19;10.25
"2017-12";64.38;0.84;106.68;416.37;67.02;497.01;52.05;56.77;22.68;21.66
"2022-09";89.75;1.01;384.25;763.09;102.78;1002.64;357.78;394.7;100.79;111.4
"2022-04";104.58;0.92;395.58;785.54;115.58;907.37;215.68;233.1;70.54;89.36
"2021-04";64.81;0.83;127.55;415.05;67.62;470.79;58.23;63.1;22.07;20.21
"2020-06";40.27;0.89;101.37;246.23;37.69;341.28;24.82;25.79;5;5.06
"2020-05";29.38;0.92;138.76;189.8;28.14;286.06;16.33;14.86;4.48;4.57
"2019-05";71.29;0.89;155.86;473.64;72.05;560.59;37.69;37.21;12.35;13.32
"2021-10";83.54;0.86;205.5;537.76;84.85;632.71;165.08;172.57;83.5;83.8
"2019-06";64.22;0.89;141.18;452.28;69.47;522.19;30.09;29.26;10.68;10.42
"2019-01";59.41;0.88;140.67;389.74;60.51;489.7;58.95;61.15;22.33;21.89
"2018-08";72.44;0.87;128.88;469.04;73.67;586.08;57.22;58.4;23.86;23.71
"2018-04";72.06;0.81;173.71;420.88;70.27;505.64;33;33.6;19.91;19.63
"2018-02";65.32;0.81;131.65;415.48;69.77;469.59;46.41;48.7;22.89;22.9
"2022-11";91.42;0.98;343.59;762.57;105.8;943.28;178.78;243.43;52.66;77.51
"2022-01";86.51;0.88;297.66;586.78;90.29;680.99;189.48;211.42;82.92;82.76
"2021-05";68.53;0.82;115.22;426.77;70.5;483.65;54.65;55.28;26.04;24.77
"2019-12";67.11;0.9;126.67;464.71;70.24;545.38;31.61;36.46;12.9;12.95
"2019-11";63.21;0.9;126.3;435.09;65.39;520.81;42.74;45.94;15.2;14.6
"2019-08";59.06;0.9;149.41;413.45;62.56;503.64;33.13;33.39;10.39;10.19
"2020-09";40.91;0.85;90.3;273.49;43.86;330.49;44.3;47.2;11.32;10.71
"2018-12";57.36;0.88;134.86;411.06;63.64;496.01;53.56;54.9;24.32;23.68
"2020-08";44.74;0.85;91.16;300.23;48.3;348.22;35.96;36.75;7.69;7.43
"2021-12";74.17;0.88;194.78;526.37;80.92;608.42;218.73;274.67;111.25;109.51
"2018-10";81.03;0.87;122.78;521.74;81.49;593.89;64.46;65.65;25.78;25.39
"2018-01";69.09;0.82;134.17;427.89;70.99;505.15;35.42;34.96;19.52;18.67
"2021-07";75.17;0.85;132.42;470.89;75.71;550.1;77.1;78.37;36.08;36.04
"2021-06";73.15;0.83;132.69;440.6;72.19;514.78;73.47;73.51;28.72;28.74
"2020-07";43.24;0.87;110.36;299.21;46.65;354.36;32.29;33.41;5.01;4.77
"2020-04";18.38;0.92;127.09;171.61;25.35;264.48;14.73;13.45;5.44;6.47
"2021-08";70.75;0.85;143.39;468.19;74.96;536.25;76.51;77.3;43.89;43.99
"2021-03";65.41;0.84;122.35;415.03;67.16;459.41;49.97;50.18;17.97;17.43
"2020-11";42.69;0.84;92.29;276.84;44.57;347.33;39.57;40.11;14.34;13.69
"2019-09";62.83;0.91;155.94;426.13;63.77;526;34.94;35.54;9.6;9.56
"2019-03";66.14;0.88;159.1;442.58;68.03;546.31;34.75;33.85;15.65;15.72
"2018-11";64.75;0.88;127.48;482.61;74.61;558.77;62.21;67.81;25.08;24.6
"2023-01";82.5;0.93;341.06;659.32;96.56;823.23;117.48;132.1;59.39;59.22
"2021-09";74.49;0.85;157.43;486.89;77.94;582.18;132.08;134.43;62.83;62.75
"2021-02";62.28;0.83;144.51;381.33;62.74;453.22;47.24;49.01;18.03;17.29
"2020-12";49.95;0.82;111.96;322.69;53.41;378.88;45.69;48.42;17.3;16.23
"2019-04";71.26;0.89;164.05;464.05;70.93;559.24;37.54;38.08;14;14.99
"2018-05";76.98;0.85;122.16;451.7;72.56;544.57;34.94;34.42;21.72;21.58
"2017-01";54.58;0.94;128.1;388.33;56.06;474.55;75.2;78;21.2;20.98
"2016-08";45.58;0.89;88.24;303.71;46.31;369.54;29.4;29.69;12.18;12.47
"2016-04";41.58;0.88;83.21;266.88;41.16;347.29;25.3;25.48;12.7;12.3
"2015-04";59.61;0.93;99.4;417.11;61.15;530.16;39.21;39.54;22.08;21.83
"2012-11";109.14;0.78;108.19;646.7;112.82;727.15;46.17;47.51;27.85;27.25
"2010-10";82.67;0.72;112.66;442;83.81;537.84;49.81;57.53;16.49;
"2007-02";57.52;0.76;74.58;321.45;57.33;397.05;30.3;30.38;10.08;
"2005-09";62.91;0.82;83.97;373.39;62.43;442.44;43.63;46.14;;
"2005-01";44.51;0.76;72.26;232.13;41.55;297.99;33.64;31.46;;
"2004-11";43.11;0.77;68.24;262.04;46.44;331.47;35.1;29.97;;
"2003-11";28.75;0.85;52.93;185.04;29.54;232.24;32.27;29.4;;
"2003-01";31.18;0.94;49.64;232.41;33.68;271.52;32.69;25.95;;
"2002-09";28.4;1.02;58.49;209.44;28.02;242.29;35.98;;;
"2001-03";24.5;1.1;49.82;205.26;25.46;235.21;40.13;;;
"2000-07";28.68;1.06;50.22;221.6;28.4;273.28;37.78;;;
"1998-12";9.82;0.85;45.78;63.04;10.08;110.49;37.21;;;
"1998-01";15.19;0.93;54.05;107.01;15.74;156.6;41.09;;;
"2017-03";51.59;0.94;149.34;377.32;54.83;444.61;35.48;35.41;16.2;15.9
"2017-10";57.5;0.85;117.99;368.69;58.95;463.11;47.65;49.69;17.44;17.32
"2016-05";46.79;0.88;82.82;284.26;43.73;375.26;24.69;24.27;13.36;13.2
"2015-11";44.29;0.93;85.92;328.02;47.93;405.36;40.93;41.71;17.41;17.46
"2015-10";48.43;0.89;88.33;330.02;50.43;409.07;44.23;44.96;18.48;18.58
"2014-04";107.66;0.72;106.59;589.56;110.75;633.91;33.36;33.73;20.65;21.16
"2013-01";112.95;0.75;105.24;632.89;114.37;713.32;48.22;50.64;27.36;26.53
"2010-11";85.29;0.73;125.37;450.94;84.04;530.3;46.49;50.34;19.37;
"2010-01";76.17;0.7;85.85;402.56;78.38;429.24;47.99;51.75;15.33;
"2004-01";31.28;0.79;51.88;190.4;32.76;242.38;34.5;28.38;;
"2002-11";24.34;1;49.12;189.7;25.91;251.68;36.41;;;
"2002-02";20.28;1.15;57.48;169.75;20.15;215.6;40.12;;;
"1998-07";12.08;0.92;52.43;76.83;11.41;126.22;33.16;;;
"1996-12";23.89;0.8;44.65;137.32;23.44;179.29;39.17;;;
"1996-09";22.64;0.78;52.48;127.55;22.26;151.92;38.56;;;
"2013-03";108.5;0.77;97.86;630.67;111.19;710.79;54.6;57.75;34.37;32.1
"2009-11";76.65;0.67;77.76;384.8;78.29;417.96;35.98;40.47;10.31;
"2009-09";67.61;0.69;94.51;368.45;73.2;401.66;36.13;40.16;7.65;
"2009-05";57.38;0.73;106.33;305.49;56.89;345.26;29.74;30.78;9.95;
"2008-06";132.32;0.64;139.95;597.43;126.76;614.55;65.03;72.85;26.82;
"2007-08";70.76;0.73;80.01;395.15;73.44;417.87;27.04;27.08;14.36;
"2006-08";73.23;0.78;82.64;425.72;74.41;457.07;32.79;33.48;;
"2005-11";55.24;0.85;87.73;352.06;56.61;425.83;55.43;68.19;;
"2005-07";57.52;0.83;87.2;342.7;56.28;383.31;42.43;45.61;;
"2004-10";49.78;0.8;70.54;290.51;49.5;358.13;34.52;29.48;;
"2001-10";20.54;1.1;60.76;174.73;21.59;218.77;38.66;;;
"2000-01";25.44;0.99;40.74;191.55;26.48;228.2;41.58;;;
"1997-12";17.18;0.91;50.67;119.61;17.99;171.9;38.83;;;
"1996-07";19.61;0.78;48.43;111.01;19.5;140.17;36.83;;;
"2017-09";56.15;0.84;117.82;345.39;55.97;439.33;36.45;36.96;17.55;17.17
"2016-12";53.31;0.95;118.79;363.06;52.06;450.46;55.17;59.26;18.72;18.45
"2016-09";46.57;0.89;79.51;311.38;47.48;391.71;36.4;37.19;11.4;12.67
"2016-07";44.95;0.9;81.21;306.1;46.08;392.3;29.55;30.11;13.95;14.36
"2015-12";38.05;0.92;78.33;290.27;42.94;355.45;35.89;35.13;16.08;16.15
"2015-02";58.1;0.88;99.45;335.02;51.71;470.14;49.66;50.15;23.35;23.19
"2014-11";79;0.8;90.91;493.06;83.63;567.61;38.3;38.82;23.71;23.01
"2014-06";111.8;0.74;101.55;601.9;111.27;646.78;30.4;30.65;16.78;18.12
"2014-01";108.12;0.73;90.53;607.02;112.36;680.19;38.34;39.14;26.89;26.37
"2013-12";110.76;0.73;96.45;621.9;115.91;674.01;47.31;49.71;28.32;27.75
"2007-12";90.93;0.69;84.9;464.8;92.39;538.71;61.58;68.11;24.39;
"2007-01";53.63;0.77;75.16;318.04;56.4;386.65;33.98;34.34;13.82;
"2006-04";70.26;0.81;86.14;404.53;67.72;451.43;38.75;40.04;;
"2005-02";45.48;0.77;64.63;250.05;44.4;301.23;38.75;40.21;;
"2003-10";29.61;0.86;50.37;185.39;29.57;242.71;33.41;33.83;;
"2002-12";28.33;0.98;48.58;201.12;27.94;250.79;34.14;;;
"2002-08";26.61;1.02;56.55;196.37;26.19;224.42;35.5;;;
"2002-04";25.73;1.13;60.04;206.98;25.01;242.2;35.58;;;
"2001-09";25.62;1.1;60.46;206.26;25.63;247.67;38.66;;;
"2001-07";24.61;1.16;70.72;219.06;25.72;258.93;35.14;;;
"1999-12";25.49;0.99;49.32;183.01;25.24;207.83;39.54;;;
"1999-07";19.05;0.97;51.79;129.34;18.26;154.89;36.35;;;
"1997-05";19.07;0.88;56.77;120.9;18.84;156.24;37.75;;;
"2017-04";52.36;0.93;124.27;362.02;52.79;451.2;35.02;34.77;16.02;16.09
"2015-07";56.56;0.91;95.75;394.9;59.05;477.82;36.83;37.95;21.01;20.9
"2013-05";102.53;0.77;99.51;590.02;104.17;645.5;29.56;31.18;26.59;26.74
"2012-09";113.05;0.78;111.1;679.68;118.83;741.15;44.75;46.32;26;25.83
"2010-12";91.47;0.76;120.53;492.17;88.77;568.83;61.05;62.77;24.48;
"2010-07";75.39;0.78;133.72;457.36;79.68;502.67;43.4;45.75;18.82;
"2007-06";71.05;0.75;87.3;375.57;68.76;444.99;28.11;28.28;10.92;
"2003-07";28.35;0.88;57.32;177.4;27.52;227.41;32.99;39.08;;
"2002-05";25.37;1.09;57.55;208.1;26.05;216.14;35.02;;;
"2000-09";33.14;1.15;56.91;262.23;31.19;320.16;35.43;;;
"1999-03";12.51;0.92;43.31;76.36;11.34;113.73;40.01;;;
"1998-09";13.34;0.87;51.56;83.55;13.1;121.62;39.05;;;
"1997-02";20.82;0.86;55.41;137.42;21.75;189.42;41.18;;;
"2015-08";46.52;0.9;90.54;371.8;56.32;433.59;32.04;32.16;18.97;19.44
"2014-07";106.86;0.74;107.58;608.9;112.12;649.3;25.1;25.49;16.18;17.25
"2014-02";108.91;0.73;102.47;614.71;114.19;658.25;37.99;38.69;24.37;23.97
"2012-07";102.54;0.81;144.53;588.68;98.38;696.61;40.13;41.75;24.04;24.33
"2008-11";52.34;0.79;155.02;351.71;61.09;497.11;65.23;69.32;23.21;
"2007-10";82.34;0.7;83.02;420.22;81.56;467.44;55.76;62.18;20.22;
"2004-07";38.22;0.82;81.34;224.58;37.58;261.41;32.49;27.06;;
"2003-02";32.77;0.93;47.8;223.26;32.81;287.23;34.98;32.41;;
"2002-01";19.42;1.13;64.2;162.11;19.53;217.51;39.79;;;
"2001-08";25.68;1.11;49.91;211.35;25.96;239.65;37.19;;;
"1998-11";11.04;0.86;53.55;71.29;11.31;117.25;37.53;;;
"2015-03";55.89;0.92;93.07;415.87;61.3;501.5;43.69;43.78;22.3;22.13
"2014-12";62.51;0.81;92.7;432.81;72.58;498.94;40.27;41.98;23.21;22.96
"2012-10";111.7;0.77;119.31;643.68;113.57;733.05;47.25;49.23;27.2;26.7
"2012-06";95.16;0.8;127.87;624.79;106.44;697.47;39.19;40.34;23.52;23.67
"2011-07";116.75;0.7;162.99;590.84;114.97;637.18;36.03;37.37;21.32;21.51
"2011-04";123.21;0.69;137.07;621.25;122.41;630.21;48.99;50.12;21.89;23.03
"2009-10";72.77;0.68;83.92;358.08;72.36;396.32;49.75;70.07;9.37;
"2000-04";22.76;1.06;44.78;187.37;24.2;236.91;40.39;;;
"2016-06";48.25;0.89;84.44;312.36;47.7;417.03;27.68;28.01;14.77;14.26
"2017-08";51.7;0.85;128.6;333.44;53.54;435.35;32.22;32.01;15.98;15.9
"2015-01";47.71;0.86;93.54;352.47;55.71;433.2;40.39;41.33;20.54;20.45
"2013-08";111.29;0.75;105.66;623.45;112.86;686.92;34.23;35.18;25.67;25.85
"2012-04";119.75;0.76;150.34;701.15;125.5;762.89;44.9;44.92;24.89;24.8
"2011-10";109.55;0.73;136.27;607.77;113.65;676.54;50.85;52.24;21.53;22.3
"2011-03";114.64;0.71;134.27;602.57;115.09;624.34;53.32;54.13;23.9;23.72
"2010-09";77.77;0.77;120.46;451.12;80.42;500.34;43.11;45.69;16.64;
"2009-03";46.54;0.77;122.94;276.49;49.22;315.78;36.79;37.3;12.11;
"2008-08";113.42;0.67;144.45;586.17;119.75;615.85;54.13;58.67;23.25;
"2003-08";29.88;0.9;49.73;187.79;28.54;229.2;33.85;38.53;;
"2001-04";25.54;1.12;45.12;199.25;24.24;246.58;38.25;;;
"1999-02";10.28;0.89;44.94;69.32;10.6;106.94;40.31;;;
"1997-10";19.87;0.9;53.32;130.47;19.81;182.24;38.68;;;
"1997-08";18.6;0.95;56.9;129.97;18.74;172.49;36.4;;;
"2017-05";50.32;0.9;143.12;351.79;52.9;429.24;34.38;34.23;15.7;15.65
"2016-03";38.32;0.9;75.33;248.47;37.51;320.17;27.72;27.08;12.93;12.6
"2012-05";110.17;0.78;123.11;666.4;116.07;712.31;38.34;38.96;24.13;24.2
"2011-12";107.87;0.76;127.09;621.53;111.75;675;44.98;45.1;22.83;22.45
"2011-11";110.61;0.74;151.86;610.08;112.82;685.17;54.84;55.46;23.18;23.69
"2011-06";114.03;0.7;162.15;605.63;118.88;635.58;42.28;43.4;22.45;22.56
"2010-04";84.84;0.75;91.64;459.3;84.02;492.87;41.28;41.67;12.82;
"2010-03";78.83;0.74;92.24;421.46;78.02;453.15;41.34;44.69;12.19;
"2008-10";71.59;0.75;160.65;437.81;79.57;567.89;85.75;91.75;25.12;
"2008-02";95.05;0.68;95.08;476.07;95.78;541.32;62.31;62.17;23.09;
"2008-01";91.99;0.68;94.23;479.39;96.26;524.81;62.24;65.18;24.52;
"2006-01";62.99;0.83;80.76;374.47;61.83;418.12;65.43;67.87;;
"2005-04";51.88;0.77;63.89;298.66;52.72;337.62;39.27;40.26;;
"2003-12";29.81;0.81;54;186.57;31.27;226.31;33.4;27.11;;
"2003-06";27.65;0.86;50.56;173.17;27.55;227.48;31.8;27.65;;
"2001-11";18.8;1.13;61.33;169.39;20.53;231.63;39.64;;;
"2000-03";27.49;1.04;44.91;212.7;27.98;250.14;40.52;;;
"1999-06";15.86;0.96;47.5;105.53;14.94;146.85;39.44;;;
"1997-07";18.44;0.92;59.6;121.87;18.05;162.07;37.49;;;
"2013-07";107.83;0.76;117.03;590.59;105.06;686.07;32.88;34.36;25.84;26.56
"2012-08";113.36;0.81;129.72;649.25;109.48;765.16;44.91;45.26;23.6;24.06
"2012-03";125.45;0.76;197.92;697.46;125.22;756.81;43.51;44.63;23.76;23.81
"2011-08";110.38;0.7;142.08;603.57;117.99;633.43;39.16;41.03;21.19;21.94
"2010-06";74.76;0.82;135.21;459.39;76.51;487.53;40.29;42.58;17.38;
"2009-06";68.61;0.71;111.58;354.91;67.86;360.83;30.95;33.97;10.57;
"2008-05";123.15;0.64;99.79;540.75;114.77;595.43;54.04;56.43;25.05;
"2008-03";103.78;0.64;94.61;501.16;106.16;539.15;60.86;63.08;24.05;
"2007-07";76.82;0.73;80.81;408.61;76.46;451.02;29.81;29.79;15.09;
"2006-07";73.67;0.79;78.8;410.68;71.06;462.55;59.75;68.83;;
"2006-06";68.56;0.79;86.35;391.85;67.58;434.85;39.71;39.82;;
"2005-08";63.95;0.81;80.55;371.53;62.31;426.89;36.41;35.88;;
"2004-04";33.48;0.83;60.92;200.66;32.81;242.4;34.49;25.33;;
"2003-04";25;0.92;51.14;195.33;28.91;254.62;31.9;23.08;;
"2003-03";30.61;0.93;49.22;221.01;32.58;304.91;34.43;24.8;;
"2001-12";18.71;1.12;59.88;169.61;20.64;221.66;39.06;;;
"2000-08";30.2;1.11;49.69;228.88;28.23;282.79;38.8;;;
"1999-05";15.23;0.94;48.44;107.79;15.63;137.31;35.98;;;
"2014-09";97.29;0.78;94.38;563.72;98.91;628.87;36;37.22;20.92;21.52
"2014-03";107.48;0.72;98.06;609.04;114.49;659.35;34.52;35.56;23.22;23.04
"2013-09";111.73;0.75;99.88;632.75;114.86;687.17;41.54;43.3;26.64;27.06
"2011-01";96.61;0.75;118.66;536.46;97.78;591.92;48.91;51.29;22.56;22.31
"2010-02";73.64;0.73;83.66;397.5;74.22;450.7;44;47.4;13.97;
"2009-02";43.26;0.78;137.89;259.88;45.33;345.35;49.15;49.31;18.18;
"2007-03";62.05;0.76;82.66;338.77;61.2;434.14;26.54;27.02;10.12;
"2006-05";69.64;0.78;79.46;407.65;71.02;429.39;31.83;31.78;;
"2006-03";62.06;0.83;73.77;376.85;61.8;440.16;59.24;66.53;;
"2005-10";58.49;0.83;85.72;356.5;58.44;443.96;44.03;46.46;;
"2005-03";53.17;0.76;74.69;279.39;50.32;328.18;39.45;50.34;;
"2002-07";25.74;1.01;59.51;192.69;26.08;222.33;34.06;;;
"2001-01";25.62;1.07;41.59;203.01;25.98;278.38;38.97;;;
"1999-09";22.54;0.95;48.36;152.07;21.78;178.21;39.88;;;
"1999-08";20.23;0.94;48.17;140.42;20.31;163.35;37.62;;;
"1999-01";11.12;0.86;48.67;68.2;10.8;104.39;39.47;;;
"1998-03";13.1;0.93;53.96;91.99;13.45;143.63;39.27;;;
"2017-06";46.37;0.89;137.92;328.37;50.15;403.92;31.72;32.7;13.58;15.08
"2016-10";49.52;0.91;87.17;321.42;48.2;410.34;49.93;55.15;16.41;16.11
"2013-10";109.08;0.73;91.7;628.75;116.59;682.98;42.62;44.58;26.24;26.62
"2013-04";102.26;0.77;101.82;618.03;109.49;674.32;41.59;45.94;28.11;28.22
"2012-01";110.68;0.77;150.64;634.64;111.38;671.31;41.66;41.89;22.3;21.81
"2007-11";92.51;0.68;84.03;460.55;92.26;518.31;75.23;88.33;23.44;
"2006-12";62.47;0.76;80.73;348.25;62.78;407.94;43.04;43.2;;
"2006-10";57.81;0.79;78.72;344.07;59.19;405.89;36.95;36.74;;
"2005-05";48.54;0.79;73.56;287.69;49.82;342.17;36.52;36.29;;
"2004-06";35.18;0.82;65.29;222.81;36.9;256.82;33.02;26.3;;
"2004-02";30.86;0.79;48.97;183.68;31.69;245.65;35.91;26.14;;
"2000-10";30.96;1.17;53.85;264.38;30.83;335.4;37.23;;;
"1997-09";18.44;0.92;59.23;126.71;18.85;171.27;35.96;;;
"1997-04";17.56;0.88;56.77;116.23;18.05;166.69;38.66;;;
"1996-11";22.69;0.78;46.71;135.16;23.64;178.13;40.86;;;
"1996-10";24.16;0.79;46.56;139.59;24.18;188.44;39.54;;;
"2016-02";32.2;0.9;76.74;227.44;34.31;296.1;25.18;25.53;13.07;12.67
"2015-09";47.62;0.89;87.4;331.22;50.55;426.46;37.23;37.45;19.15;19.15
"2015-06";61.47;0.89;101.26;425.42;64.88;516.7;31.89;32.1;20.57;20.72
"2011-09";112.84;0.73;150.01;590.9;111.01;633.25;48.24;49.99;20.84;23.39
"2009-04";50.19;0.76;98.98;284.06;51.12;320.25;33.82;34.57;11.07;
"2009-01";43.29;0.76;115.69;233.9;42.24;353.37;59.25;63.21;22.84;
"2008-12";40.25;0.74;166.24;280.43;51.45;413.04;57.91;61.66;21.79;
"2008-04";109.07;0.63;92.64;499.86;107.41;552.28;65.08;70.35;26.46;
"2006-09";61.96;0.79;77;374.09;64.95;461.19;41.73;41.89;;
"2004-12";39.57;0.74;68.79;228.3;41.95;305.78;35.92;30.01;;
"2004-05";37.73;0.83;67.52;216.52;35.47;266.88;33.8;24.7;;
"2004-03";33.63;0.82;53.5;198.43;33.19;250;37.42;30.59;;
"2002-10";27.54;1.02;50.77;209.97;28.1;259.6;36.98;;;
"2001-06";27.85;1.17;57.78;240.98;28.05;282.89;36.24;;;
"2000-11";32.55;1.17;56.33;271.54;31.72;344.81;41.13;;;
"2000-05";27.74;1.1;48.37;219.53;27.13;261.7;36.62;;;
"1997-11";19.17;0.89;56.94;131.19;20.21;179.98;40.09;;;
"2016-11";44.73;0.93;104.06;316.58;46.49;415.43;55.95;65.14;18.98;18.18
"2014-08";101.66;0.75;88.79;585.46;106.03;630.98;22.89;22.76;17.44;17.93
"2012-12";109.46;0.76;109.73;647.21;115.44;705.4;39.34;41.98;27.62;27.34
"2012-02";119.44;0.76;154.31;662.85;119.21;736.85;67.18;82.45;26.7;26.13
"2011-02";103.73;0.73;128.88;557.55;103.81;592.08;53.29;53.62;21.7;21.74
"2010-05";75.31;0.8;110.11;454.75;77.94;483.75;39.83;42.39;15.79;
"2009-07";64.46;0.71;108.82;352.67;67.78;378.93;32.87;36.09;9.15;
"2008-09";97.7;0.7;158.67;525.5;103.02;596.16;55.16;88.43;29.85;
"2007-05";67.32;0.74;78.57;361.76;66.68;420.85;30.05;30.19;11.3;
"2001-05";28.31;1.14;51.62;221.23;26.4;280.8;38.09;;;
"1999-04";15.29;0.93;47.16;97.15;14.19;122.76;39.27;;;
"1998-06";12.21;0.92;53.04;85.13;12.68;123.91;37.51;;;
"1998-05";14.36;0.91;53.67;92.45;13.9;133.27;37.82;;;
"1998-02";14.07;0.93;54.85;100.91;14.85;159.65;41.07;;;
"1997-01";23.45;0.83;53.21;143.64;23.75;202.3;39.89;;;
"1996-08";20.56;0.77;44.04;116.59;20.61;146.88;37.81;;;
"2017-07";48.48;0.87;125.6;317.06;49.64;420.54;34.19;34.64;13.97;14.97
"2016-01";30.69;0.92;78.9;242.29;35.78;309.79;32.72;33.6;14.53;14.16
"2014-05";109.52;0.73;97.11;592.91;110.73;640.87;30.12;30.11;18.99;19.74
"2013-06";102.92;0.76;106.26;599.18;107.48;666.69;23.26;23.39;24.25;26.41
"2011-05";114.4;0.7;133.52;617.95;120.97;619.64;52.19;53.52;22.94;22.98
"2010-08";77.09;0.78;142.28;450.99;79.34;485.37;36.22;37.08;17.7;
"2009-08";72.52;0.7;95.52;371.42;72.3;384.56;31.73;35.89;8.69;
"2007-09";76.97;0.72;83.2;403.84;76.56;461.15;33.76;34.78;16.67;
"2006-11";58.76;0.78;71;341.72;60.05;418.55;44.72;45.32;;
"2003-09";27.11;0.89;51.64;187.93;28.77;228.32;33.8;28.81;;
"2003-05";25.97;0.86;53.58;168.21;26.58;221.02;32.64;20.79;;
"2000-06";29.8;1.05;52.93;226.5;29.34;273.68;36.93;;;
"1999-11";24.58;0.97;43.41;162.32;22.89;207.4;39.12;;;
"1999-10";22;0.93;49.52;156.52;22.87;174.74;35.15;;;
"1998-10";12.73;0.84;46.56;81.29;13.23;117.29;39.75;;;
"1998-08";11.92;0.91;48.42;78.84;11.76;119.59;39.34;;;
"1998-04";13.53;0.93;53.31;91.77;13.5;139.17;39.75;;;
"1997-03";19.1;0.87;50.39;128.49;20.1;164.47;39.35;;;
"2017-02";54.87;0.94;160.63;391.61;56.68;478.2;50.2;51.16;20.45;19.79
"2015-05";64.04;0.9;96.81;436.14;66.13;522.87;26.83;26.48;20.86;20.8
"2014-10";87.46;0.79;87.37;543.07;93.6;597.34;40.6;41.85;21.81;21.94
"2013-11";107.96;0.74;96.31;595.48;109.28;654.82;46.02;49.11;27.86;27.5
"2013-02";116.13;0.75;98.29;660.12;119.86;730.82;52.11;54.46;27.25;26.32
"2009-12";74.46;0.68;79.28;379.28;75.62;410.78;39.06;44.2;11.94;
"2008-07";133.19;0.63;125.53;639.33;137.55;644.09;64.45;70.27;25.82;
"2007-04";67.49;0.74;78.24;362.24;66.79;407.38;29.92;29.55;8.11;
"2006-02";60.21;0.84;85.51;381.98;62.21;431.33;76.26;77.76;;
"2005-12";56.87;0.84;84.15;352.89;57.08;391.24;57.35;73.14;;
"2005-06";54.35;0.82;78.12;294.63;48.9;389.98;42.19;45.89;;
"2004-09";43.2;0.82;67.86;260.01;43.34;286.04;35.19;31.56;;
"2004-08";42.84;0.82;78.52;264.53;43.94;305.35;33.3;28.28;;
"2002-06";24.08;1.05;59.71;193.19;25.2;228.72;34.37;;;
"2002-03";23.61;1.14;55.17;187.35;22.38;218.69;38.42;;;
"2001-02";27.5;1.09;43.71;219.99;27.66;274.27;40.63;;;
"2000-12";25.66;1.11;50.12;238.06;29.13;307.57;38.27;;;
"2000-02";27.78;1.02;41.93;204.42;27.42;236.52;42.21;;;
"1997-06";17.58;0.89;57.62;114.02;17.5;157.71;37.43;;;
"1994-12";15.86;0.83;49.04;99.31;16.41;131.07;37.44;;;
"1995-11";16.82;0.75;44.5;94.72;17.35;124.8;38.52;;;
"1994-09";15.85;0.81;57.87;93.4;15.75;132.93;37.45;;;
"1994-05";16.16;0.86;56.07;103.98;16.4;134.74;37.55;;;
"1992-07";20.26;0.77;47.51;111.07;19.76;141.55;30.69;;;
"1991-12";18.29;0.82;0;0;;0;;;;
"1991-11";21.03;0.84;0;0;;0;;;;
"1990-11";33.04;0.76;0;0;;0;;;;
"1989-07";17.8;0.98;0;0;;0;;;;
"1988-07";15;0.95;0;0;;0;;;;
"1983-11";29;1.25;0;0;;0;;;;
"1983-10";29.6;1.21;0;0;;0;;;;
"1980-08";33;0.63;;;;;;;;
"1990-01";21.36;0.88;0;0;;0;;;;
"1989-09";17.8;1.01;0;0;;0;;;;
"1989-03";18.6;0.96;0;0;;0;;;;
"1988-01";16.9;0.85;0;0;;0;;;;
"1986-11";14.8;1.01;0;0;;0;;;;
"1983-12";28.8;1.28;0;0;;0;;;;
"1982-10";34.5;1.09;0;0;;0;;;;
"1982-07";33.4;1.04;0;0;;0;;;;
"1981-07";35.3;0.88;0;0;;0;;;;
"1980-09";33;0.63;;;;;;;;
"1993-11";15.13;0.9;56.24;100.05;15.15;144.93;38.57;;;
"1993-03";18.73;0.85;46.47;109.57;17.52;151.28;37.12;;;
"1993-02";18.49;0.85;43.24;108.07;17.38;148.99;35.76;;;
"1992-04";18.99;0.85;50.21;110.14;17.68;137.93;38.12;;;
"1991-08";19.78;0.9;0;0;;0;;;;
"1991-06";18.13;0.92;0;0;;0;;;;
"1990-03";18.36;0.88;0;0;;0;;;;
"1986-12";15.8;1;0;0;;0;;;;
"1984-04";30.1;1.24;0;0;;0;;;;
"1983-06";30.5;1.17;0;0;;0;;;;
"1982-12";31.4;1.05;0;0;;0;;;;
"1982-03";31;0.94;0;0;;0;;;;
"1980-11";44;0.68;;;;;;;;
"1995-09";16.71;0.77;47.88;94.56;16.78;127.18;37.88;;;
"1990-02";19.79;0.87;0;0;;0;;;;
"1989-11";18.7;0.95;0;0;;0;;;;
"1989-10";19;0.97;0;0;;0;;;;
"1984-02";29.7;1.27;0;0;;0;;;;
"1994-07";17.57;0.82;51.42;106.24;17.65;129;37.68;;;
"1996-04";20.93;0.78;49.55;120.3;21.07;145.28;38.71;;;
"1993-07";16.78;0.89;50.97;101.99;15.64;142.85;35.86;;;
"1992-10";20.25;0.77;44.27;107.44;19.13;141.89;32.37;;;
"1991-10";22.24;0.88;0;0;;0;;;;
"1990-12";27.99;0.77;0;0;;0;;;;
"1989-01";17;0.95;0;0;;0;;;;
"1987-09";18.4;0.92;0;0;;0;;;;
"1987-05";18.8;0.91;0;0;;0;;;;
"1987-02";17.3;0.93;0;0;;0;;;;
"1986-04";12.7;1.1;0;0;;0;;;;
"1986-03";13.9;1.06;0;0;;0;;;;
"1985-07";26.7;1.35;0;0;;0;;;;
"1983-09";30.4;1.23;0;0;;0;;;;
"1983-05";29.4;1.13;0;0;;0;;;;
"1981-11";37.2;0.86;0;0;;0;;;;
"1981-04";37.3;0.78;0;0;;0;;;;
"1995-03";16.98;0.76;51.52;95.65;17.18;135.46;38.12;;;
"1994-03";13.9;0.88;50.89;90.99;14.12;133.72;38.39;;;
"1993-10";16.54;0.88;56.15;100.43;15.64;146.7;38.39;;;
"1992-09";20.25;0.75;51.44;108.98;19.81;135.16;31.77;;;
"1992-02";18.1;0.84;53.27;106.89;17.35;151.01;33.39;;;
"1991-01";23.47;0.78;0;0;;0;;;;
"1990-07";17.19;0.84;0;0;;0;;;;
"1989-05";18.3;1.01;0;0;;0;;;;
"1988-06";15.6;0.9;0;0;;0;;;;
"1988-05";16.5;0.87;0;0;;0;;;;
"1987-04";18.3;0.92;0;0;;0;;;;
"1985-09";27.7;1.32;0;0;;0;;;;
"1983-02";29.6;1.05;0;0;;0;;;;
"1982-11";33.2;1.1;0;0;;0;;;;
"1982-09";34.1;1.08;0;0;;0;;;;
"1981-06";35.3;0.86;0;0;;0;;;;
"1994-11";17.27;0.81;52.45;101.91;17.22;134.99;37.55;;;
"1993-06";17.6;0.85;54.58;103.79;16.7;142.13;37.14;;;
"1993-05";18.46;0.83;50.8;104.41;17.26;146.03;35.99;;;
"1992-06";21.14;0.81;50.97;120.76;20.4;141.3;34.53;;;
"1991-03";18.98;0.83;0;0;;0;;;;
"1989-06";17.5;1.02;0;0;;0;;;;
"1988-10";12.5;0.95;0;0;;0;;;;
"1987-07";19.9;0.94;0;0;;0;;;;
"1986-07";9.6;1.06;0;0;;0;;;;
"1986-06";11.9;1.09;0;0;;0;;;;
"1986-01";22;1.14;0;0;;0;;;;
"1985-12";26.7;1.17;0;0;;0;;;;
"1985-05";26.7;1.44;0;0;;0;;;;
"1985-01";27;1.48;0;0;;0;;;;
"1995-05";18.34;0.76;54.11;104.16;18.69;127.46;37.61;;;
"1995-04";18.64;0.74;49.59;104.4;19.27;129.3;38.34;;;
"1995-01";16.59;0.81;53.43;101.53;17.16;153.98;38.97;;;
"1991-04";19.14;0.88;0;0;;0;;;;
"1989-12";19.5;0.91;0;0;;0;;;;
"1989-08";17.2;0.99;0;0;;0;;;;
"1988-03";14.8;0.87;0;0;;0;;;;
"1987-08";19.1;0.95;0;0;;0;;;;
"1985-11";29.7;1.2;0;0;;0;;;;
"1981-12";36.8;0.87;0;0;;0;;;;
"1981-09";35.9;0.86;0;0;;0;;;;
"1981-01";39.9;0.71;0;0;;0;;;;
"1980-06";36;0.63;;;;;;;;
"1980-05";38;0.64;;;;;;;;
"1980-03";38;0.66;;;;;;;;
"1980-02";39;0.62;;;;;;;;
"1992-08";19.73;0.75;42.11;106.45;19.34;133.88;32.83;;;
"1990-09";34.94;0.8;0;0;;0;;;;
"1990-06";15.13;0.86;0;0;;0;;;;
"1990-04";16.4;0.86;0;0;;0;;;;
"1987-10";18.9;0.92;0;0;;0;;;;
"1987-03";17.9;0.93;0;0;;0;;;;
"1984-09";28.3;1.41;0;0;;0;;;;
"1983-01";30.7;1.03;0;0;;0;;;;
"1981-02";39.2;0.76;0;0;;0;;;;
"1995-12";18;0.76;44.58;97.32;17.55;137.41;42.04;;;
"1995-02";17.15;0.8;49.65;103.09;17.66;139.61;39.25;;;
"1989-02";16.7;0.96;0;0;;0;;;;
"1987-11";18;0.87;0;0;;0;;;;
"1986-10";14;1;0;0;;0;;;;
"1986-08";13.6;1.03;0;0;;0;;;;
"1986-05";14.1;1.08;0;0;;0;;;;
"1985-08";27.2;1.3;0;0;;0;;;;
"1985-06";26.4;1.42;0;0;;0;;;;
"1985-04";27.9;1.43;0;0;;0;;;;
"1984-07";28;1.33;0;0;;0;;;;
"1984-06";29.3;1.28;0;0;;0;;;;
"1984-01";29.4;1.31;0;0;;0;;;;
"1983-04";29.5;1.12;0;0;;0;;;;
"1983-03";28.4;1.07;0;0;;0;;;;
"1982-05";34.7;0.92;0;0;;0;;;;
"1982-02";32.9;0.92;0;0;;0;;;;
"1981-10";36.8;0.86;0;0;;0;;;;
"1980-12";40;0.7;;;;;;;;
"1995-08";16.04;0.76;40.45;86.94;15.65;121.08;36.22;;;
"1994-06";16.75;0.85;59.32;105.04;16.88;129.91;37.76;;;
"1993-12";13.53;0.89;56.04;90.56;13.86;139.6;34.89;;;
"1993-04";18.64;0.82;51.05;109.7;18.2;142.97;35.04;;;
"1992-01";18.18;0.82;53.93;105.07;17.48;148.58;33.26;;;
"1990-05";16.29;0.85;0;0;;0;;;;
"1988-11";13.1;0.91;0;0;;0;;;;
"1988-04";16.7;0.87;0;0;;0;;;;
"1985-10";28.5;1.23;0;0;;0;;;;
"1984-05";29;1.29;0;0;;0;;;;
"1982-06";34.5;1;0;0;;0;;;;
"1980-10";39;0.65;;;;;;;;
"1994-10";16.48;0.79;54.4;98.06;16.86;131.39;36.1;;;
"1994-08";16.68;0.82;56.21;103.13;17.21;131.68;34.08;;;
"1994-04";15.25;0.89;53.4;97.7;15.03;132.66;40.44;;;
"1993-08";16.7;0.9;55.67;104.93;15.84;132.29;35.71;;;
"1992-12";18.13;0.82;45.92;108.81;18.06;142.93;32.71;;;
"1992-11";19.19;0.82;51.82;113.37;18.88;144.54;33.95;;;
"1991-07";19.41;0.93;0;0;;0;;;;
"1987-01";18.5;0.94;0;0;;0;;;;
"1984-10";27.9;1.44;0;0;;0;;;;
"1982-01";35.7;0.89;0;0;;0;;;;
"1980-04";39;0.66;;;;;;;;
"1995-06";17.34;0.75;47.97;98.69;17.96;129.38;39;;;
"1996-05";19.08;0.79;46.06;113.5;19.56;143.1;38.4;;;
"1994-02";13.69;0.9;54.04;93.01;14.09;138.12;39.48;;;
"1990-10";35.89;0.78;0;0;;0;;;;
"1985-03";28;1.54;0;0;;0;;;;
"1983-07";30.9;1.19;0;0;;0;;;;
"1996-03";19.95;0.77;47.17;113.45;20.07;149.74;40.24;;;
"1996-02";17.94;0.77;51.49;104.29;18.52;145.44;40.37;;;
"1995-10";16.06;0.75;47.03;92.45;16.75;125.22;38.38;;;
"1995-07";15.8;0.74;53.33;90.38;16.74;127.75;37.56;;;
"1994-01";14.32;0.9;54.31;90.88;13.74;138.69;38.17;;;
"1992-05";19.94;0.83;45.97;116.89;19.2;148.06;35.76;;;
"1990-08";27.43;0.8;0;0;;0;;;;
"1987-12";17.4;0.84;0;0;;0;;;;
"1987-06";18.9;0.93;0;0;;0;;;;
"1986-09";14.3;1.02;0;0;;0;;;;
"1984-12";27.2;1.45;0;0;;0;;;;
"1983-08";31;1.23;0;0;;0;;;;
"1982-08";32.7;1.05;0;0;;0;;;;
"1981-08";35.4;0.91;0;0;;0;;;;
"1981-03";38.3;0.76;0;0;;0;;;;
"1980-07";36;0.62;;;;;;;;
"1996-06";18.43;0.79;48.66;111.69;19.31;142.27;37.54;;;
"1993-09";16.01;0.87;54.47;97.5;15.38;149.5;35.25;;;
"1992-03";17.58;0.86;47.67;106.84;16.95;137.98;40.08;;;
"1991-05";19.13;0.89;0;0;;0;;;;
"1991-02";19.48;0.77;0;0;;0;;;;
"1988-12";15.2;0.91;0;0;;0;;;;
"1988-08";15;0.97;0;0;;0;;;;
"1988-02";15.9;0.87;0;0;;0;;;;
"1985-02";28.2;1.54;0;0;;0;;;;
"1984-03";30.1;1.22;0;0;;0;;;;
"1982-04";32.5;0.95;0;0;;0;;;;
"1980-01";39;0.62;;;;;;;;
"1996-01";17.93;0.76;47.97;102.63;18.35;141.09;39.22;;;
"1993-01";17.36;0.84;51.32;103.67;16.93;140.42;34.78;;;
"1991-09";20.55;0.88;0;0;;0;;;;
"1989-04";19.8;0.96;0;0;;0;;;;
"1988-09";13.4;0.97;0;0;;0;;;;
"1986-02";17.5;1.09;0;0;;0;;;;
"1984-11";27.8;1.4;0;0;;0;;;;
"1984-08";28;1.35;0;0;;0;;;;
"1981-05";35.9;0.84;0;0;;0;;;;
